nama_schema,nama_tabel,urutan,nama_kolom,tipe,boleh_null,jenis_kunci,atribut_tambahan
aplikasi,allow_ip_authentication,1,ID,smallint,NO,PRI,auto_increment
aplikasi,allow_ip_authentication,2,NOMOR,char(15),NO,UNI,
aplikasi,allow_ip_authentication,3,DESKRIPSI,varchar(150),NO,,
aplikasi,allow_ip_authentication,4,TANGGAL,datetime,YES,,
aplikasi,allow_ip_authentication,5,OLEH,smallint,YES,,
aplikasi,allow_ip_authentication,6,STATUS,tinyint,YES,,
aplikasi,automaticexecute,1,ID,bigint,NO,PRI,auto_increment
aplikasi,automaticexecute,2,PERINTAH,text,NO,,
aplikasi,automaticexecute,3,STATUS,tinyint,NO,,
aplikasi,automaticexecute,4,IS_PROSEDUR,tinyint,NO,,
aplikasi,automaticexecute_02,1,ID,bigint,NO,PRI,auto_increment
aplikasi,automaticexecute_02,2,PERINTAH,text,NO,,
aplikasi,automaticexecute_02,3,STATUS,tinyint,NO,,
aplikasi,automaticexecute_02,4,IS_PROSEDUR,tinyint,NO,,
aplikasi,automaticexecute_03,1,ID,bigint,NO,PRI,auto_increment
aplikasi,automaticexecute_03,2,PERINTAH,text,NO,,
aplikasi,automaticexecute_03,3,STATUS,tinyint,NO,,
aplikasi,automaticexecute_03,4,IS_PROSEDUR,tinyint,NO,,
aplikasi,group_pengguna_akses_module,1,ID,int,NO,PRI,auto_increment
aplikasi,group_pengguna_akses_module,2,GROUP_PENGGUNA,smallint,NO,,
aplikasi,group_pengguna_akses_module,3,MODUL,char(20),NO,,
aplikasi,group_pengguna_akses_module,4,STATUS,tinyint,NO,,
aplikasi,info_teks,1,ID,tinyint,NO,PRI,auto_increment
aplikasi,info_teks,2,JENIS,tinyint,NO,MUL,
aplikasi,info_teks,3,TEKS,text,NO,,
aplikasi,info_teks,4,WARNA,char(10),NO,,
aplikasi,info_teks,5,PUBLISH,tinyint,NO,MUL,
aplikasi,info_teks,6,TANGGAL,datetime,NO,,DEFAULT_GENERATED
aplikasi,info_teks,7,OLEH,smallint,NO,,
aplikasi,info_teks,8,STATUS,tinyint,NO,MUL,
aplikasi,instansi,1,ID,mediumint,NO,PRI,auto_increment
aplikasi,instansi,2,PPK,int,NO,UNI,
aplikasi,instansi,3,EMAIL,varchar(50),NO,,
aplikasi,instansi,4,WEBSITE,varchar(50),NO,,
aplikasi,instansi,5,DEPARTEMEN,varchar(100),YES,,
aplikasi,instansi,6,INDUK_INSTANSI,varchar(100),YES,,
aplikasi,instansi,7,LOGO_GABUNG_NAMA,tinyint,NO,,
aplikasi,integrasi,1,ID,tinyint,NO,PRI,auto_increment
aplikasi,integrasi,2,DESKRIPSI,varchar(50),NO,,
aplikasi,integrasi,3,REF,smallint,YES,MUL,
aplikasi,integrasi,4,NAMA_KLAS,varchar(250),NO,,
aplikasi,integrasi,5,STATUS,tinyint,NO,,
aplikasi,modules,1,ID,char(20),NO,PRI,
aplikasi,modules,2,NAMA,varchar(50),NO,,
aplikasi,modules,3,LEVEL,tinyint,NO,,
aplikasi,modules,4,DESKRIPSI,varchar(150),NO,,
aplikasi,modules,5,STATUS,tinyint,NO,,
aplikasi,modules,6,CLASS,varchar(150),YES,,
aplikasi,modules,7,CONFIG,json,YES,,
aplikasi,modules,8,ICON_CLS,varchar(75),YES,,
aplikasi,modules,9,HAVE_CHILD,tinyint,NO,,
aplikasi,modules,10,MENU_HOME,tinyint,NO,,
aplikasi,modules,11,MENU_MASTER,tinyint,NO,,
aplikasi,modules,12,PACKAGE_NAME,varchar(50),YES,,
aplikasi,modules,13,INTERNAL_PACKAGE,tinyint,NO,,
aplikasi,modules,14,CRUD,tinyint,NO,,
aplikasi,modules,15,C,tinyint,NO,,
aplikasi,modules,16,R,tinyint,NO,,
aplikasi,modules,17,U,tinyint,NO,,
aplikasi,modules,18,D,tinyint,NO,,
aplikasi,modules,19,IDX,tinyint,NO,MUL,
aplikasi,oauth2,1,ID,char(36),NO,PRI,
aplikasi,oauth2,2,CLIENT_ID,char(36),NO,MUL,
aplikasi,oauth2,3,CLIENT_SECRET,char(64),NO,,
aplikasi,oauth2,4,GRANT_TYPE,enum('client_credentials'),NO,,
aplikasi,oauth2,5,DESCRIPTION,varchar(50),YES,,
aplikasi,oauth2,6,EXPIRED_TOKEN_IN,smallint,NO,,
aplikasi,oauth2,7,CREATED_DATE,datetime,NO,,
aplikasi,oauth2,8,CREATED_BY,smallint,NO,,
aplikasi,oauth2,9,SCOPE,varchar(71),NO,,
aplikasi,oauth2,10,STATUS,tinyint,NO,MUL,
aplikasi,oauth2_access,1,ID,bigint,NO,PRI,auto_increment
aplikasi,oauth2_access,2,OAUTH2_ID,char(36),NO,MUL,
aplikasi,oauth2_access,3,ACCESS_DATE,datetime,NO,,
aplikasi,oauth2_access,4,TOKEN_HASH,char(64),NO,MUL,
aplikasi,oauth2_access,5,EXPIRED_TOKEN_IN,smallint,NO,,
aplikasi,oauth2_access,6,REVOKED,tinyint,NO,MUL,
aplikasi,oauth2_access,7,AKSES_DARI,char(15),YES,,
aplikasi,objek,1,ID,char(5),NO,PRI,
aplikasi,objek,2,TABEL,varchar(100),NO,MUL,
aplikasi,objek,3,ENTITY,varchar(500),NO,,
aplikasi,objek,4,SERVICE,varchar(500),NO,,
aplikasi,objek,5,DESKRIPSI,varchar(150),YES,,
aplikasi,objek,6,STATUS,tinyint,NO,,
aplikasi,pengaturan_awal_referensi,1,JENIS,tinyint,NO,PRI,
aplikasi,pengaturan_awal_referensi,2,ID,tinyint,NO,,
aplikasi,pengguna,1,ID,smallint,NO,PRI,auto_increment
aplikasi,pengguna,2,LOGIN,varchar(50),NO,MUL,
aplikasi,pengguna,3,PASSWORD,text,NO,,
aplikasi,pengguna,4,NAMA,varchar(75),NO,,
aplikasi,pengguna,5,NIP,varchar(30),YES,MUL,
aplikasi,pengguna,6,NIK,char(16),YES,MUL,
aplikasi,pengguna,7,JENIS,smallint,YES,MUL,
aplikasi,pengguna,8,MASA_AKTIF,date,YES,MUL,
aplikasi,pengguna,9,LOCK_APP,tinyint,YES,MUL,
aplikasi,pengguna,10,TERAKHIR_UBAH_PASSWOD,datetime,YES,,
aplikasi,pengguna,11,STATUS,tinyint,NO,MUL,
aplikasi,pengguna_akses,1,ID,int,NO,PRI,auto_increment
aplikasi,pengguna_akses,2,PENGGUNA,smallint,NO,MUL,
aplikasi,pengguna_akses,3,GROUP_PENGGUNA_AKSES_MODULE,smallint,NO,MUL,
aplikasi,pengguna_akses,4,STATUS,tinyint,NO,,
aplikasi,pengguna_akses_ruangan,1,ID,mediumint,NO,PRI,auto_increment
aplikasi,pengguna_akses_ruangan,2,TANGGAL,datetime,NO,MUL,
aplikasi,pengguna_akses_ruangan,3,PENGGUNA,smallint,NO,MUL,
aplikasi,pengguna_akses_ruangan,4,RUANGAN,char(10),NO,MUL,
aplikasi,pengguna_akses_ruangan,5,DIBERIKAN_OLEH,smallint,NO,,
aplikasi,pengguna_akses_ruangan,6,STATUS,tinyint,NO,MUL,
aplikasi,pengguna_log,1,ID,"bigint unsigned",NO,PRI,auto_increment
aplikasi,pengguna_log,2,PENGGUNA,smallint,NO,MUL,
aplikasi,pengguna_log,3,TANGGAL_AKSES,datetime,NO,MUL,
aplikasi,pengguna_log,4,LOKASI_AKSES,char(15),NO,MUL,
aplikasi,pengguna_log,5,TUJUAN_AKSES,char(15),NO,MUL,
aplikasi,pengguna_log,6,AGENT,varchar(250),NO,,
aplikasi,petunjuk,1,ID,char(10),NO,PRI,
aplikasi,petunjuk,2,LEVEL,tinyint,NO,MUL,
aplikasi,petunjuk,3,JUDUL,varchar(150),NO,,
aplikasi,petunjuk,4,DESKRIPSI,varchar(500),NO,,
aplikasi,petunjuk,5,URL,varchar(500),NO,,
aplikasi,petunjuk,6,CONFIG,json,YES,,
aplikasi,petunjuk,7,IDX,smallint,YES,MUL,
aplikasi,petunjuk,8,STATUS,tinyint,NO,MUL,
aplikasi,printer_list,1,ID,tinyint,NO,PRI,auto_increment
aplikasi,printer_list,2,NAMA,varchar(25),NO,,
aplikasi,printer_list,3,UKURANKERTAS,varchar(50),YES,,
aplikasi,properti_config,1,ID,mediumint,NO,PRI,
aplikasi,properti_config,2,NAMA,varchar(100),NO,MUL,
aplikasi,properti_config,3,VALUE,varchar(1000),NO,,
aplikasi,properti_config,4,DESKRIPSI,varchar(1000),NO,,
aplikasi,properti_config,5,JENIS,tinyint,NO,MUL,
aplikasi,signature,1,X_ID,smallint,NO,PRI,auto_increment
aplikasi,signature,2,X_PASS,char(10),NO,,
aplikasi,signature,3,X_REF,char(15),YES,,
aplikasi,signature,4,TOKEN,char(45),YES,,
aplikasi,signature,5,STATUS,tinyint,NO,,
aplikasi,sinkronisasi,1,ID,tinyint,NO,PRI,auto_increment
aplikasi,sinkronisasi,2,DESKRIPSI,varchar(50),NO,,
aplikasi,sinkronisasi,3,TANGGAL_TERAKHIR,datetime,NO,MUL,
aplikasi,sinkronisasi,4,ID_TERAKHIR,bigint,NO,MUL,
aplikasi,sinkronisasi,5,STATUS,tinyint,NO,,
berkas_klaim,berkas,1,ID,int,NO,PRI,auto_increment
berkas_klaim,berkas,2,PENJAMIN_ID,smallint,NO,MUL,
berkas_klaim,berkas,3,JENIS,tinyint,NO,,
berkas_klaim,berkas,4,TAHUN,year,NO,,
berkas_klaim,berkas,5,BULAN,tinyint,NO,,
berkas_klaim,berkas,6,TANGGAL,datetime,NO,MUL,DEFAULT_GENERATED
berkas_klaim,berkas,7,KEY,char(8),NO,,
berkas_klaim,berkas_detil,1,ID,bigint,NO,PRI,auto_increment
berkas_klaim,berkas_detil,2,BERKAS_ID,int,NO,MUL,
berkas_klaim,berkas_detil,3,NOMOR,char(50),NO,MUL,
berkas_klaim,berkas_detil,4,NAMA_FILE,char(150),NO,,
berkas_klaim,berkas_detil,5,TANGGAL,datetime,NO,,DEFAULT_GENERATED
berkas_klaim,berkas_detil,6,OLEH,smallint,NO,,
berkas_klaim,dokumen_pendukung,1,ID,int,NO,PRI,auto_increment
berkas_klaim,dokumen_pendukung,2,NOSEP,varchar(25),NO,MUL,
berkas_klaim,dokumen_pendukung,3,BERKAS,int,NO,MUL,
berkas_klaim,dokumen_pendukung,4,DESKRIPSI,text,YES,,
berkas_klaim,dokumen_pendukung,5,DOKUMEN_PENDUKUNG,char(36),YES,,
berkas_klaim,dokumen_pendukung,6,TANGGAL,datetime,YES,,
berkas_klaim,dokumen_pendukung,7,STATUS,tinyint,YES,,
berkas_klaim,kelengkapan,1,NOPEN,char(10),NO,PRI,
berkas_klaim,kelengkapan,2,DOKUMEN_VERIF,json,YES,,
berkas_klaim,kelengkapan,3,STATUS,tinyint,NO,MUL,
berkas_klaim,kelengkapan_komentar,1,ID,bigint,NO,PRI,auto_increment
berkas_klaim,kelengkapan_komentar,2,NOPEN,char(10),NO,MUL,
berkas_klaim,kelengkapan_komentar,3,TEKS,text,NO,,
berkas_klaim,kelengkapan_komentar,4,TANGGAL,datetime,NO,,
berkas_klaim,kelengkapan_komentar,5,OLEH,smallint,NO,,
berkas_klaim,kelengkapan_komentar,6,REPLY_FROM,bigint,YES,MUL,
berkas_klaim,lab_klinik,1,ID,int,NO,PRI,auto_increment
berkas_klaim,lab_klinik,2,NORM,int,NO,MUL,
berkas_klaim,lab_klinik,3,NOSEP,varchar(25),NO,MUL,
berkas_klaim,lab_klinik,4,TANGGAL,timestamp,YES,,"DEFAULT_GENERATED on update CURRENT_TIMESTAMP"
berkas_klaim,lab_klinik,5,OLEH,smallint,NO,,
berkas_klaim,lab_klinik,6,STATUS,tinyint,NO,MUL,
berkas_klaim,lab_klinik_detil,1,ID,int,NO,PRI,auto_increment
berkas_klaim,lab_klinik_detil,2,LAB_KLINIK,int,NO,MUL,
berkas_klaim,lab_klinik_detil,3,HASIL_LAB,char(12),NO,MUL,
berkas_klaim,lab_klinik_detil,4,TINDAKAN_MEDIS,char(11),NO,MUL,
berkas_klaim,lab_klinik_detil,5,STATUS,tinyint,NO,MUL,
berkas_klaim,obat_farmasi,1,ID,int,NO,PRI,auto_increment
berkas_klaim,obat_farmasi,2,PENDAFTARAN,char(10),NO,MUL,
berkas_klaim,obat_farmasi,3,NOSEP,varchar(25),NO,MUL,
berkas_klaim,obat_farmasi,4,TANGGAL,timestamp,YES,,"DEFAULT_GENERATED on update CURRENT_TIMESTAMP"
berkas_klaim,obat_farmasi,5,OLEH,smallint,NO,,
berkas_klaim,obat_farmasi,6,STATUS,tinyint,NO,MUL,
berkas_klaim,obat_farmasi_detil,1,ID,int,NO,PRI,auto_increment
berkas_klaim,obat_farmasi_detil,2,OBAT_FARMASI,int,NO,MUL,
berkas_klaim,obat_farmasi_detil,3,KUNJUNGAN,char(19),NO,UNI,
berkas_klaim,obat_farmasi_detil,4,STATUS,tinyint,NO,MUL,
berkas_klaim,patologi_anatomi,1,ID,int,NO,PRI,auto_increment
berkas_klaim,patologi_anatomi,2,NORM,int,NO,MUL,
berkas_klaim,patologi_anatomi,3,NOSEP,varchar(25),NO,MUL,
berkas_klaim,patologi_anatomi,4,TANGGAL,timestamp,YES,,"DEFAULT_GENERATED on update CURRENT_TIMESTAMP"
berkas_klaim,patologi_anatomi,5,OLEH,smallint,NO,,
berkas_klaim,patologi_anatomi,6,STATUS,tinyint,NO,MUL,
berkas_klaim,patologi_anatomi_detil,1,ID,int,NO,PRI,auto_increment
berkas_klaim,patologi_anatomi_detil,2,PATOLOGI_ANATOMI,int,NO,MUL,
berkas_klaim,patologi_anatomi_detil,3,HASIL_PA,int,NO,MUL,
berkas_klaim,patologi_anatomi_detil,4,STATUS,tinyint,NO,MUL,
berkas_klaim,radiologi,1,ID,int,NO,PRI,auto_increment
berkas_klaim,radiologi,2,NORM,int,NO,MUL,
berkas_klaim,radiologi,3,NOSEP,varchar(25),NO,MUL,
berkas_klaim,radiologi,4,TANGGAL,timestamp,YES,,"DEFAULT_GENERATED on update CURRENT_TIMESTAMP"
berkas_klaim,radiologi,5,OLEH,smallint,NO,,
berkas_klaim,radiologi,6,STATUS,tinyint,NO,MUL,
berkas_klaim,radiologi_detil,1,ID,int,NO,PRI,auto_increment
berkas_klaim,radiologi_detil,2,RADIOLOGI,int,NO,MUL,
berkas_klaim,radiologi_detil,3,HASIL_RAD,int,NO,MUL,
berkas_klaim,radiologi_detil,4,STATUS,tinyint,NO,MUL,
berkas_klaim,temp_daftar_dokumen,1,NOPEN,char(10),YES,MUL,
berkas_klaim,temp_daftar_dokumen,2,IDX,char(2),YES,,
berkas_klaim,temp_daftar_dokumen,3,JENIS,smallint,YES,,
berkas_klaim,temp_daftar_dokumen,4,DOCUMENT_DIRECTORY_ID,int,YES,,
berkas_klaim,temp_daftar_dokumen,5,DOCUMENT_NAME,varchar(150),YES,,
berkas_klaim,temp_daftar_dokumen,6,DESKRIPSI,varchar(250),YES,,
berkas_klaim,temp_daftar_dokumen,7,REF_ID,char(36),YES,,
berkas_klaim,temp_daftar_dokumen,8,PARAMS,varchar(1000),YES,,
bpjs,dpjp,1,kode,char(10),NO,PRI,
bpjs,dpjp,2,nama,varchar(150),NO,,
bpjs,jenis_referensi,1,id,smallint,NO,PRI,auto_increment
bpjs,jenis_referensi,2,deskripsi,varchar(45),NO,,
bpjs,kamar,1,kodekelas,char(3),NO,PRI,
bpjs,kamar,2,namakelas,varchar(35),YES,,
bpjs,klaim,1,noSEP,char(25),NO,PRI,
bpjs,klaim,2,noFPK,char(25),NO,,
bpjs,klaim,3,peserta_noKartu,char(25),NO,MUL,
bpjs,klaim,4,peserta_nama,varchar(100),NO,,
bpjs,klaim,5,peserta_noMR,char(25),NO,,
bpjs,klaim,6,kelasRawat,tinyint,NO,,
bpjs,klaim,7,poli,varchar(35),NO,,
bpjs,klaim,8,tglSep,date,NO,MUL,
bpjs,klaim,9,tglPulang,date,NO,MUL,
bpjs,klaim,10,inacbg_kode,char(15),NO,,
bpjs,klaim,11,inacbg_nama,varchar(150),NO,,
bpjs,klaim,12,biaya_byPengajuan,"decimal(60,2)",NO,,
bpjs,klaim,13,biaya_bySetujui,"decimal(60,2)",NO,,
bpjs,klaim,14,biaya_byTarifGruper,"decimal(60,2)",NO,,
bpjs,klaim,15,biaya_byTarifRS,"decimal(60,2)",NO,,
bpjs,klaim,16,biaya_byTopup,"decimal(60,2)",NO,,
bpjs,klaim,17,status,varchar(50),NO,,
bpjs,klaim,18,jenisPelayanan,tinyint,NO,MUL,
bpjs,klaim,19,status_id,tinyint,NO,MUL,
bpjs,kunjungan,1,noKartu,char(25),NO,PRI,
bpjs,kunjungan,2,noSEP,char(25),NO,PRI,
bpjs,kunjungan,3,tglSEP,datetime,NO,MUL,
bpjs,kunjungan,4,tglRujukan,datetime,YES,,
bpjs,kunjungan,5,asalRujukan,tinyint,YES,,
bpjs,kunjungan,6,noRujukan,char(25),YES,,
bpjs,kunjungan,7,ppkRujukan,char(10),YES,,
bpjs,kunjungan,8,ppkPelayanan,char(10),YES,,
bpjs,kunjungan,9,jenisPelayanan,tinyint,YES,,
bpjs,kunjungan,10,catatan,varchar(250),YES,,
bpjs,kunjungan,11,diagAwal,varchar(10),YES,,
bpjs,kunjungan,12,poliTujuan,char(10),YES,,
bpjs,kunjungan,13,eksekutif,tinyint,YES,,
bpjs,kunjungan,14,klsRawat,tinyint,YES,,
bpjs,kunjungan,15,klsRawatNaik,tinyint,YES,,
bpjs,kunjungan,16,pembiayaan,tinyint,YES,,
bpjs,kunjungan,17,penanggungJawab,varchar(150),YES,,
bpjs,kunjungan,18,cob,tinyint,YES,,
bpjs,kunjungan,19,katarak,tinyint,YES,,
bpjs,kunjungan,20,noSuratSKDP,char(50),YES,MUL,
bpjs,kunjungan,21,dpjpSKDP,char(7),YES,,
bpjs,kunjungan,22,lakaLantas,tinyint,YES,,
bpjs,kunjungan,23,penjamin,tinyint,YES,,
bpjs,kunjungan,24,tglKejadian,date,YES,,
bpjs,kunjungan,25,suplesi,tinyint,YES,,
bpjs,kunjungan,26,noSuplesi,char(25),YES,,
bpjs,kunjungan,27,lokasiLaka,varchar(150),YES,,
bpjs,kunjungan,28,propinsi,char(2),YES,,
bpjs,kunjungan,29,kabupaten,char(4),YES,,
bpjs,kunjungan,30,kecamatan,char(4),YES,,
bpjs,kunjungan,31,tujuanKunj,tinyint,YES,,
bpjs,kunjungan,32,flagProcedure,char(1),YES,,
bpjs,kunjungan,33,kdPenunjang,char(2),YES,,
bpjs,kunjungan,34,assesmentPel,char(1),YES,,
bpjs,kunjungan,35,dpjpLayan,char(7),YES,,
bpjs,kunjungan,36,noTelp,varchar(75),YES,,
bpjs,kunjungan,37,user,varchar(150),YES,,
bpjs,kunjungan,38,cetak,tinyint,NO,,
bpjs,kunjungan,39,jmlCetak,tinyint(1),NO,,
bpjs,kunjungan,40,ip,char(15),NO,,
bpjs,kunjungan,41,noTrans,char(10),YES,MUL,
bpjs,kunjungan,42,errMsgMapTrx,text,YES,,
bpjs,kunjungan,43,manualUptNoTrans,tinyint,NO,,
bpjs,kunjungan,44,tglPlg,datetime,YES,,
bpjs,kunjungan,45,statusPulang,tinyint,YES,,
bpjs,kunjungan,46,noSuratMeninggal,char(50),YES,,
bpjs,kunjungan,47,tglMeninggal,datetime,YES,,
bpjs,kunjungan,48,noLPManual,char(50),YES,,
bpjs,kunjungan,49,errMsgUptTglPlg,text,YES,,
bpjs,kunjungan,50,status,tinyint,NO,,
bpjs,kunjungan,51,user_batal,varchar(150),YES,,
bpjs,kunjungan,52,batalSEP,tinyint,YES,,
bpjs,kunjungan,53,errMsgBatalSEP,text,YES,,
bpjs,lpk,1,noSep,char(25),NO,PRI,
bpjs,lpk,2,tglMasuk,date,NO,,
bpjs,lpk,3,tglKeluar,date,NO,,
bpjs,lpk,4,jaminan,tinyint,NO,,
bpjs,lpk,5,poli,json,NO,,
bpjs,lpk,6,perawatan,json,NO,,
bpjs,lpk,7,diagnosa,json,NO,,
bpjs,lpk,8,procedure,json,NO,,
bpjs,lpk,9,rencanaTL,json,NO,,
bpjs,lpk,10,DPJP,char(10),NO,,
bpjs,lpk,11,user,varchar(150),NO,,
bpjs,lpk,12,status,tinyint,NO,,
bpjs,map_kelas,1,id,smallint,NO,PRI,auto_increment
bpjs,map_kelas,2,kelas,char(3),NO,MUL,
bpjs,map_kelas,3,kelas_rs,smallint,NO,,
bpjs,map_kelas,4,status,tinyint,NO,MUL,
bpjs,monitoring_rencana_kontrol,1,noSuratKontrol,char(50),NO,PRI,
bpjs,monitoring_rencana_kontrol,2,jnsKontrol,char(5),YES,,
bpjs,monitoring_rencana_kontrol,3,jnsPelayanan,varchar(150),YES,,
bpjs,monitoring_rencana_kontrol,4,kodeDokter,char(10),YES,,
bpjs,monitoring_rencana_kontrol,5,nama,char(250),YES,,
bpjs,monitoring_rencana_kontrol,6,namaDokter,char(150),YES,,
bpjs,monitoring_rencana_kontrol,7,namaJnsKontrol,char(150),YES,,
bpjs,monitoring_rencana_kontrol,8,namaPoliAsal,char(150),YES,,
bpjs,monitoring_rencana_kontrol,9,noKartu,char(20),YES,MUL,
bpjs,monitoring_rencana_kontrol,10,noSepAsalKontrol,char(50),YES,MUL,
bpjs,monitoring_rencana_kontrol,11,nomorreferensi,char(50),YES,,
bpjs,monitoring_rencana_kontrol,12,poliAsal,char(50),YES,,
bpjs,monitoring_rencana_kontrol,13,poliTujuan,char(50),YES,,
bpjs,monitoring_rencana_kontrol,14,terbitSEP,date,YES,,
bpjs,monitoring_rencana_kontrol,15,tglSEP,date,YES,MUL,
bpjs,monitoring_rencana_kontrol,16,tglRencanaKontrol,date,YES,MUL,
bpjs,monitoring_rencana_kontrol,17,tglTerbitKontrol,date,YES,MUL,
bpjs,pengajuan,1,noKartu,char(25),NO,PRI,
bpjs,pengajuan,2,tglSep,date,NO,PRI,
bpjs,pengajuan,3,jnsPelayanan,tinyint,NO,PRI,
bpjs,pengajuan,4,jnsPengajuan,tinyint,NO,,
bpjs,pengajuan,5,keterangan,varchar(250),NO,,
bpjs,pengajuan,6,user,varchar(150),NO,,
bpjs,pengajuan,7,tgl,datetime,NO,,
bpjs,pengajuan,8,tglAprove,datetime,YES,,
bpjs,pengajuan,9,userAprove,varchar(150),YES,,
bpjs,pengajuan,10,status,tinyint,NO,,
bpjs,peserta,1,noKartu,char(25),NO,PRI,
bpjs,peserta,2,nik,char(16),YES,MUL,
bpjs,peserta,3,norm,int,YES,MUL,
bpjs,peserta,4,nama,varchar(100),YES,,
bpjs,peserta,5,pisa,varchar(2),YES,,
bpjs,peserta,6,sex,"enum('L','P')",YES,,
bpjs,peserta,7,tglLahir,datetime,YES,,
bpjs,peserta,8,tglCetakKartu,datetime,YES,,
bpjs,peserta,9,kdProvider,char(10),YES,,
bpjs,peserta,10,nmProvider,varchar(100),YES,,
bpjs,peserta,11,kdCabang,char(10),YES,,
bpjs,peserta,12,nmCabang,varchar(100),YES,,
bpjs,peserta,13,kdJenisPeserta,char(2),YES,,
bpjs,peserta,14,nmJenisPeserta,varchar(50),YES,,
bpjs,peserta,15,kdKelas,char(5),YES,,
bpjs,peserta,16,nmKelas,varchar(25),YES,,
bpjs,peserta,17,tglTAT,date,YES,,
bpjs,peserta,18,tglTMT,date,YES,,
bpjs,peserta,19,umurSaatPelayanan,varchar(100),YES,,
bpjs,peserta,20,umurSekarang,varchar(100),YES,,
bpjs,peserta,21,dinsos,varchar(100),YES,,
bpjs,peserta,22,iuran,varchar(100),YES,,
bpjs,peserta,23,noSKTM,varchar(100),YES,,
bpjs,peserta,24,prolanisPRB,varchar(100),YES,,
bpjs,peserta,25,kdStatusPeserta,char(2),YES,,
bpjs,peserta,26,ketStatusPeserta,varchar(150),YES,,
bpjs,peserta,27,noTelepon,varchar(70),YES,,
bpjs,peserta,28,noAsuransi,char(25),YES,,
bpjs,peserta,29,nmAsuransi,varchar(100),YES,,
bpjs,peserta,30,cobTglTAT,date,YES,,
bpjs,peserta,31,cobTglTMT,date,YES,,
bpjs,peserta,32,tanggal,timestamp,NO,,"DEFAULT_GENERATED on update CURRENT_TIMESTAMP"
bpjs,poli,1,kode,char(5),NO,PRI,
bpjs,poli,2,nama,varchar(150),NO,,
bpjs,ppk,1,kode,char(8),NO,PRI,
bpjs,ppk,2,jenis,tinyint,YES,,
bpjs,ppk,3,nama,varchar(75),NO,,
bpjs,ppk,4,deswilayah,varchar(100),NO,,
bpjs,ppk,5,status,tinyint,NO,,
bpjs,prb,1,noSRB,char(10),NO,PRI,
bpjs,prb,2,noKartu,char(19),NO,MUL,
bpjs,prb,3,tglSRB,date,YES,,
bpjs,prb,4,alamat,varchar(250),YES,,
bpjs,prb,5,email,char(5),YES,,
bpjs,prb,6,programPRB,char(2),YES,,
bpjs,prb,7,kodeDPJP,char(10),YES,,
bpjs,prb,8,keterangan,varchar(250),YES,,
bpjs,prb,9,saran,varchar(250),YES,,
bpjs,prb,10,obat,json,YES,,
bpjs,prb,11,user,varchar(75),NO,,
bpjs,prb,12,status,tinyint,NO,,
bpjs,referensi,1,id,smallint,NO,PRI,auto_increment
bpjs,referensi,2,jenis_referensi_id,smallint,NO,MUL,
bpjs,referensi,3,kode,char(5),NO,,
bpjs,referensi,4,deskripsi,varchar(500),NO,,
bpjs,referensi,5,status,tinyint,NO,,
bpjs,rencana_kontrol,1,noSurat,char(25),NO,PRI,
bpjs,rencana_kontrol,2,jnsKontrol,tinyint,NO,MUL,
bpjs,rencana_kontrol,3,nomor,char(25),NO,MUL,
bpjs,rencana_kontrol,4,tglRencanaKontrol,date,NO,,
bpjs,rencana_kontrol,5,kodeDokter,char(10),NO,,
bpjs,rencana_kontrol,6,poliKontrol,char(5),NO,,
bpjs,rencana_kontrol,7,user,varchar(75),NO,,
bpjs,rencana_kontrol,8,status,tinyint,NO,,
bpjs,rujukan,1,noRujukan,char(25),NO,PRI,
bpjs,rujukan,2,noSep,char(25),NO,MUL,
bpjs,rujukan,3,tglRujukan,date,NO,MUL,
bpjs,rujukan,4,tglRencanaKunjungan,date,NO,,
bpjs,rujukan,5,tglBerlakuKunjungan,date,YES,,
bpjs,rujukan,6,ppkDirujuk,char(10),NO,,
bpjs,rujukan,7,jnsPelayanan,tinyint,NO,,
bpjs,rujukan,8,catatan,varchar(250),NO,,
bpjs,rujukan,9,diagRujukan,varchar(10),NO,,
bpjs,rujukan,10,tipeRujukan,tinyint,NO,,
bpjs,rujukan,11,poliRujukan,char(10),NO,,
bpjs,rujukan,12,user,varchar(150),NO,,
bpjs,rujukan,13,status,tinyint,NO,,
bpjs,rujukan_khusus,1,noRujukan,char(25),NO,PRI,
bpjs,rujukan_khusus,2,idRujukan,char(15),YES,,
bpjs,rujukan_khusus,3,diagnosa,json,NO,,
bpjs,rujukan_khusus,4,procedure,json,YES,,
bpjs,rujukan_khusus,5,user,varchar(150),NO,,
bpjs,rujukan_khusus,6,tglrujukan_awal,date,YES,,
bpjs,rujukan_khusus,7,tglrujukan_berakhir,date,YES,,
bpjs,rujukan_khusus,8,status,tinyint,NO,,
bpjs,rujukan_masuk,1,noKunjungan,char(25),NO,PRI,
bpjs,rujukan_masuk,2,noKartu,char(25),NO,MUL,
bpjs,rujukan_masuk,3,tglKunjungan,date,NO,MUL,
bpjs,rujukan_masuk,4,provPerujuk,json,NO,,
bpjs,rujukan_masuk,5,diagnosa,json,NO,,
bpjs,rujukan_masuk,6,keluhan,varchar(500),YES,,
bpjs,rujukan_masuk,7,poliRujukan,json,NO,,
bpjs,rujukan_masuk,8,pelayanan,json,NO,,
bpjs,tempat_tidur,1,id,smallint,NO,PRI,auto_increment
bpjs,tempat_tidur,2,kodekelas,char(3),NO,MUL,
bpjs,tempat_tidur,3,koderuang,smallint,NO,,
bpjs,tempat_tidur,4,namaruang,varchar(100),NO,,
bpjs,tempat_tidur,5,kapasitas,smallint,NO,,
bpjs,tempat_tidur,6,tersedia,smallint,NO,,
bpjs,tempat_tidur,7,tersediapria,smallint,NO,,
bpjs,tempat_tidur,8,tersediawanita,smallint,NO,,
bpjs,tempat_tidur,9,tersediapriawanita,smallint,NO,,
bpjs,tempat_tidur,10,tanggal_updated,timestamp,NO,,DEFAULT_GENERATED
bpjs,tempat_tidur,11,ruang_baru,tinyint,NO,MUL,
bpjs,tempat_tidur,12,hapus_ruang,tinyint,NO,MUL,
bpjs,tempat_tidur,13,kirim,tinyint,NO,MUL,
bpjs-smartclaim,composition_id,1,id,char(36),NO,PRI,
bpjs-smartclaim,composition_id,2,ref_id,char(25),NO,MUL,
bpjs-smartclaim,composition_id,3,type_code,char(10),NO,,
bpjs-smartclaim,condition_id,1,id,char(36),NO,PRI,
bpjs-smartclaim,condition_id,2,ref_id,char(25),NO,UNI,
bpjs-smartclaim,diagnostic_report_id,1,id,char(36),NO,PRI,
bpjs-smartclaim,diagnostic_report_id,2,ref_id,char(25),NO,MUL,
bpjs-smartclaim,diagnostic_report_id,3,category_code,char(5),NO,,
bpjs-smartclaim,encounter_id,1,id,char(36),NO,PRI,
bpjs-smartclaim,encounter_id,2,ref_id,char(25),NO,UNI,
bpjs-smartclaim,klaim,1,id,char(36),NO,PRI,
bpjs-smartclaim,klaim,2,no_sep,char(19),NO,UNI,
bpjs-smartclaim,klaim,3,jenis_pelayanan_id,tinyint,NO,MUL,
bpjs-smartclaim,klaim,4,bulan,tinyint,NO,MUL,
bpjs-smartclaim,klaim,5,tahun,year,NO,MUL,
bpjs-smartclaim,klaim,6,dibuat_oleh,smallint,NO,,
bpjs-smartclaim,klaim,7,dibuat_tanggal,datetime,NO,,
bpjs-smartclaim,klaim,8,dikirim_oleh,smallint,YES,,
bpjs-smartclaim,klaim,9,dikirim_tanggal,datetime,YES,,
bpjs-smartclaim,klaim,10,status,tinyint,NO,MUL,
bpjs-smartclaim,medication_request_id,1,id,char(36),NO,PRI,
bpjs-smartclaim,medication_request_id,2,ref_id,char(25),NO,MUL,
bpjs-smartclaim,observation_id,1,id,char(36),NO,PRI,
bpjs-smartclaim,observation_id,2,category_code,char(25),NO,MUL,
bpjs-smartclaim,observation_id,3,ref_id,char(25),NO,,
bpjs-smartclaim,organization_id,1,id,char(36),NO,PRI,
bpjs-smartclaim,organization_id,2,ref_id,char(25),NO,UNI,
bpjs-smartclaim,patient_id,1,id,char(36),NO,PRI,
bpjs-smartclaim,patient_id,2,ref_id,char(25),NO,UNI,
bpjs-smartclaim,practitioner_id,1,id,char(36),NO,PRI,
bpjs-smartclaim,practitioner_id,2,ref_id,char(25),NO,UNI,
bpjs-smartclaim,procedure_id,1,id,char(36),NO,PRI,
bpjs-smartclaim,procedure_id,2,ref_id,char(25),NO,UNI,
cetakan,karcis_pasien,1,ID,char(11),NO,PRI,
cetakan,karcis_pasien,2,NOPEN,char(10),NO,MUL,
cetakan,karcis_pasien,3,JENIS,tinyint,NO,MUL,
cetakan,karcis_pasien,4,TANGGAL,datetime,NO,MUL,
cetakan,karcis_pasien,5,OLEH,smallint,NO,,
cetakan,karcis_pasien,6,STATUS,tinyint,NO,,
cetakan,kartu_pasien,1,ID,char(11),NO,PRI,
cetakan,kartu_pasien,2,NORM,int,NO,MUL,
cetakan,kartu_pasien,3,JENIS,tinyint,NO,MUL,
cetakan,kartu_pasien,4,TANGGAL,datetime,NO,MUL,
cetakan,kartu_pasien,5,OLEH,smallint,NO,,
cetakan,kartu_pasien,6,STATUS,tinyint,NO,,
cetakan,kwitansi_pembayaran,1,ID,int,NO,PRI,auto_increment
cetakan,kwitansi_pembayaran,2,TAGIHAN,char(10),NO,MUL,
cetakan,kwitansi_pembayaran,3,TANGGAL,datetime,NO,,
cetakan,kwitansi_pembayaran,4,NOMOR,char(15),NO,UNI,
cetakan,kwitansi_pembayaran,5,TUNAI,tinyint,NO,MUL,
cetakan,kwitansi_pembayaran,6,JENIS_LAYANAN_ID,tinyint,NO,MUL,
cetakan,kwitansi_pembayaran,7,NAMA,varchar(75),NO,,
cetakan,kwitansi_pembayaran,8,OLEH,smallint,NO,,
cetakan,kwitansi_pembayaran,9,STATUS,tinyint,NO,MUL,
document-storage,document,1,ID,char(36),NO,PRI,
document-storage,document,2,NAME,varchar(150),NO,,
document-storage,document,3,EXT,char(5),NO,,
document-storage,document,4,CONTENT_TYPE,varchar(25),NO,,
document-storage,document,5,LOCATION,varchar(1000),NO,,
document-storage,document,6,DOCUMENT_DIRECTORY_ID,int,NO,MUL,
document-storage,document,7,DESCRIPTION,varchar(1000),YES,,
document-storage,document,8,CREATED_DATE,datetime,NO,,
document-storage,document,9,CREATED_BY,varchar(150),NO,,
document-storage,document,10,UPDATED_DATE,datetime,YES,,
document-storage,document,11,UPDATED_BY,varchar(150),YES,,
document-storage,document,12,KEY,varchar(100),NO,,
document-storage,document,13,REFERENCE_ID,char(36),NO,MUL,
document-storage,document,14,REVISION_FROM,char(36),YES,,
document-storage,document_directory,1,ID,int,NO,PRI,auto_increment
document-storage,document_directory,2,DOCUMENT_NAME,varchar(150),NO,,
document-storage,document_directory,3,DIRECTORY,char(36),NO,,
dukcapil,keluarga,1,NO_KK,char(16),NO,PRI,
dukcapil,keluarga,2,NO_PROP,char(2),NO,,
dukcapil,keluarga,3,PROP_NAME,varchar(60),NO,,
dukcapil,keluarga,4,NO_KAB,char(2),NO,,
dukcapil,keluarga,5,KAB_NAME,varchar(60),NO,,
dukcapil,keluarga,6,NO_KEC,char(2),NO,,
dukcapil,keluarga,7,KEC_NAME,varchar(60),NO,,
dukcapil,keluarga,8,NO_KEL,char(4),NO,,
dukcapil,keluarga,9,KEL_NAME,varchar(60),NO,,
dukcapil,keluarga,10,ALAMAT,varchar(240),NO,,
dukcapil,keluarga,11,NO_RT,char(3),NO,,
dukcapil,keluarga,12,NO_RW,char(3),NO,,
dukcapil,keluarga,13,DUSUN,varchar(120),YES,,
dukcapil,keluarga,14,KODE_POS,char(5),YES,,
dukcapil,penduduk,1,NIK,char(16),NO,PRI,
dukcapil,penduduk,2,NO_KK,char(16),NO,MUL,
dukcapil,penduduk,3,NAMA_LGKP,varchar(120),NO,,
dukcapil,penduduk,4,JENIS_KLMIN,varchar(22),NO,,
dukcapil,penduduk,5,TMPT_LHR,varchar(120),NO,,
dukcapil,penduduk,6,TGL_LHR,date,NO,,
dukcapil,penduduk,7,GOL_DARAH,varchar(22),YES,,
dukcapil,penduduk,8,AGAMA,varchar(25),YES,,
dukcapil,penduduk,9,STATUS_KAWIN,varchar(25),NO,,
dukcapil,penduduk,10,STAT_HBKEL,varchar(30),YES,,
dukcapil,penduduk,11,PNYDNG_CCT,varchar(25),YES,,
dukcapil,penduduk,12,PDDK_AKH,varchar(50),YES,,
dukcapil,penduduk,13,JENIS_PKRJN,varchar(50),YES,,
dukcapil,penduduk,14,NO_AKTA_LHR,varchar(50),YES,,
dukcapil,penduduk,15,NAMA_LGKP_IBU,varchar(120),YES,,
dukcapil,penduduk,16,NAMA_LGKP_AYAH,varchar(120),YES,,
dukcapil,penduduk,17,EKTP_STATUS,varchar(20),YES,,
dukcapil,penduduk,18,EKTP_CREATED,date,YES,,
gambar,photo_pasien,1,NORM,int,NO,PRI,
gambar,photo_pasien,2,DATA,mediumblob,NO,,
gambar,photo_pasien,3,TIPE,varchar(15),NO,,
gambar,photo_pegawai,1,NIP,char(30),NO,PRI,
gambar,photo_pegawai,2,DATA,mediumblob,NO,,
gambar,photo_pegawai,3,TIPE,varchar(15),NO,,
generator,id_bridge_log,1,TANGGAL,date,NO,PRI,
generator,id_bridge_log,2,NOMOR,int,NO,PRI,auto_increment
generator,id_farmasi,1,TANGGAL,date,NO,PRI,
generator,id_farmasi,2,NOMOR,mediumint,NO,PRI,auto_increment
generator,id_hasil_evaluasi_sst,1,TANGGAL,date,NO,PRI,
generator,id_hasil_evaluasi_sst,2,NOMOR,mediumint,NO,PRI,auto_increment
generator,id_hasil_lab,1,TANGGAL,date,NO,PRI,
generator,id_hasil_lab,2,NOMOR,mediumint,NO,PRI,auto_increment
generator,id_karcis,1,TANGGAL,date,NO,PRI,
generator,id_karcis,2,NOMOR,mediumint,NO,PRI,auto_increment
generator,id_kartu,1,TANGGAL,date,NO,PRI,
generator,id_kartu,2,NOMOR,mediumint,NO,PRI,auto_increment
generator,id_keluarga_pasien,1,SHDK,tinyint,NO,PRI,
generator,id_keluarga_pasien,2,NORM,int,NO,PRI,
generator,id_keluarga_pasien,3,JENIS_KELAMIN,tinyint,NO,PRI,
generator,id_keluarga_pasien,4,ID,smallint,NO,PRI,auto_increment
generator,id_o2,1,TANGGAL,date,NO,PRI,
generator,id_o2,2,NOMOR,mediumint,NO,PRI,auto_increment
generator,id_parameter_tindakan_lab,1,TINDAKAN,smallint,NO,PRI,
generator,id_parameter_tindakan_lab,2,NOMOR,tinyint,NO,PRI,auto_increment
generator,id_pengguna_akses_log,1,ID,bigint,NO,PRI,auto_increment
generator,id_pengguna_akses_log,2,TANGGAL,date,NO,MUL,
generator,id_pengguna_akses_log,3,NOMOR,int,NO,,
generator,id_retur_farmasi,1,TANGGAL,date,NO,PRI,
generator,id_retur_farmasi,2,NOMOR,smallint,NO,PRI,auto_increment
generator,id_tindakan_medis,1,TANGGAL,date,NO,PRI,
generator,id_tindakan_medis,2,NOMOR,mediumint,NO,PRI,auto_increment
generator,id_waktu_pelayanan_kpo,1,TANGGAL,date,NO,PRI,
generator,id_waktu_pelayanan_kpo,2,NOMOR,mediumint,NO,PRI,auto_increment
generator,kode_kejadian,1,TANGGAL,date,NO,PRI,
generator,kode_kejadian,2,NOMOR,smallint,NO,PRI,auto_increment
generator,no_antrian,1,TANGGAL,date,NO,PRI,
generator,no_antrian,2,NOMOR,smallint,NO,PRI,auto_increment
generator,no_antrian_ruangan,1,RUANGAN,char(10),NO,PRI,
generator,no_antrian_ruangan,2,TANGGAL,date,NO,PRI,
generator,no_antrian_ruangan,3,NOMOR,smallint,NO,PRI,auto_increment
generator,no_farmasi_kpo,1,RUANGAN,char(10),NO,PRI,
generator,no_farmasi_kpo,2,TANGGAL,date,NO,PRI,
generator,no_farmasi_kpo,3,NOMOR,smallint,NO,PRI,auto_increment
generator,no_formulir_antimikroba_approve,1,FORMULIR,char(21),NO,PRI,
generator,no_formulir_antimikroba_approve,2,NOMOR,mediumint,NO,PRI,auto_increment
generator,no_iterasi_obat,1,KUNJUNGAN,char(30),NO,PRI,
generator,no_iterasi_obat,2,TANGGAL,date,NO,PRI,
generator,no_iterasi_obat,3,NOMOR,smallint,NO,PRI,auto_increment
generator,no_kejadian,1,TAHUN,year,NO,PRI,
generator,no_kejadian,2,BULAN,tinyint,NO,PRI,
generator,no_kejadian,3,NOMOR,smallint,NO,PRI,auto_increment
generator,no_konsul,1,RUANGAN,char(10),NO,PRI,
generator,no_konsul,2,TANGGAL,date,NO,PRI,
generator,no_konsul,3,NOMOR,smallint,NO,PRI,auto_increment
generator,no_kontrol,1,TAHUN,year,NO,PRI,
generator,no_kontrol,2,NOMOR,mediumint,NO,PRI,auto_increment
generator,no_kuitansi,1,ID,int,NO,PRI,auto_increment
generator,no_kuitansi,2,TANGGAL,date,NO,MUL,
generator,no_kuitansi,3,URUT,mediumint,NO,,
generator,no_kunjungan,1,RUANGAN,char(10),NO,PRI,
generator,no_kunjungan,2,TANGGAL,date,NO,PRI,
generator,no_kunjungan,3,NOMOR,smallint,NO,PRI,auto_increment
generator,no_material_request,1,TANGGAL,date,NO,PRI,
generator,no_material_request,2,NOMOR,smallint,NO,PRI,auto_increment
generator,no_mutasi,1,RUANGAN,char(10),NO,PRI,
generator,no_mutasi,2,TANGGAL,date,NO,PRI,
generator,no_mutasi,3,NOMOR,smallint,NO,PRI,auto_increment
generator,no_order_lab,1,RUANGAN,char(10),NO,PRI,
generator,no_order_lab,2,TANGGAL,date,NO,PRI,
generator,no_order_lab,3,NOMOR,smallint,NO,PRI,auto_increment
generator,no_order_rad,1,RUANGAN,char(10),NO,PRI,
generator,no_order_rad,2,TANGGAL,date,NO,PRI,
generator,no_order_rad,3,NOMOR,smallint,NO,PRI,auto_increment
generator,no_order_resep,1,RUANGAN,char(10),NO,PRI,
generator,no_order_resep,2,TANGGAL,date,NO,PRI,
generator,no_order_resep,3,NOMOR,smallint,NO,PRI,auto_increment
generator,no_pembayaran,1,ID,int,NO,PRI,auto_increment
generator,no_pembayaran,2,TANGGAL,date,NO,MUL,
generator,no_pembayaran,3,NOMOR,smallint,NO,,
generator,no_penawaran_harga,1,TANGGAL,date,NO,PRI,
generator,no_penawaran_harga,2,NOMOR,smallint,NO,PRI,
generator,no_pendaftaran,1,TANGGAL,date,NO,PRI,
generator,no_pendaftaran,2,NOMOR,smallint,NO,PRI,auto_increment
generator,no_penerimaan,1,RUANGAN,char(10),NO,PRI,
generator,no_penerimaan,2,TANGGAL,date,NO,PRI,
generator,no_penerimaan,3,NOMOR,smallint,NO,PRI,auto_increment
generator,no_pengiriman,1,RUANGAN,char(10),NO,PRI,
generator,no_pengiriman,2,TANGGAL,date,NO,PRI,
generator,no_pengiriman,3,NOMOR,smallint,NO,PRI,auto_increment
generator,no_permintaan,1,RUANGAN,char(10),NO,PRI,
generator,no_permintaan,2,TANGGAL,date,NO,PRI,
generator,no_permintaan,3,NOMOR,smallint,NO,PRI,auto_increment
generator,no_permintaan_darah,1,RUANGAN,char(10),NO,PRI,
generator,no_permintaan_darah,2,TANGGAL,date,NO,PRI,
generator,no_permintaan_darah,3,NOMOR,smallint,NO,PRI,auto_increment
generator,no_protokol_pengobatan,1,KUNJUNGAN,char(21),NO,PRI,
generator,no_protokol_pengobatan,2,TANGGAL,date,NO,PRI,
generator,no_protokol_pengobatan,3,NOMOR,smallint,NO,PRI,auto_increment
generator,no_protokol_pengobatan_detail,1,PROTOKOL,char(21),NO,PRI,
generator,no_protokol_pengobatan_detail,2,SIKLUS,int,NO,PRI,
generator,no_protokol_pengobatan_detail,3,NOMOR,smallint,NO,PRI,auto_increment
generator,no_purchase_order,1,TANGGAL,date,NO,PRI,
generator,no_purchase_order,2,NOMOR,smallint,NO,PRI,auto_increment
generator,no_resep_terlayani_kpo,1,RUANGAN,char(10),NO,PRI,
generator,no_resep_terlayani_kpo,2,TANGGAL,date,NO,PRI,
generator,no_resep_terlayani_kpo,3,NOMOR,smallint,NO,PRI,auto_increment
generator,no_rujukan,1,TANGGAL,date,NO,PRI,
generator,no_rujukan,2,NOMOR,smallint,NO,PRI,auto_increment
generator,no_spri,1,ID,int,NO,PRI,auto_increment
generator,no_spri,2,TAHUN,year,NO,MUL,
generator,no_spri,3,URUT,smallint,NO,,
generator,no_surat_kelahiran,1,ID,int,NO,PRI,auto_increment
generator,no_surat_kelahiran,2,TAHUN,year,NO,MUL,
generator,no_surat_kelahiran,3,URUT,mediumint,NO,,
generator,no_surat_opname,1,ID,int,NO,PRI,auto_increment
generator,no_surat_opname,2,TAHUN,year,NO,MUL,
generator,no_surat_opname,3,URUT,mediumint,NO,,
generator,no_surat_penawaran_harga,1,TANGGAL,date,NO,PRI,
generator,no_surat_penawaran_harga,2,NOMOR,smallint,NO,PRI,auto_increment
generator,no_surat_sakit,1,ID,int,NO,PRI,auto_increment
generator,no_surat_sakit,2,TAHUN,year,NO,MUL,
generator,no_surat_sakit,3,URUT,mediumint,NO,,
generator,no_surat_sehat,1,ID,int,NO,PRI,auto_increment
generator,no_surat_sehat,2,TAHUN,year,NO,MUL,
generator,no_surat_sehat,3,URUT,mediumint,NO,,
generator,no_tagihan,1,TANGGAL,date,NO,PRI,
generator,no_tagihan,2,NOMOR,smallint,NO,PRI,auto_increment
inacbg,dokumen_pendukung,1,id,int,NO,PRI,auto_increment
inacbg,dokumen_pendukung,2,no_klaim,char(25),NO,MUL,
inacbg,dokumen_pendukung,3,file_id,smallint,YES,,
inacbg,dokumen_pendukung,4,file_class,varchar(25),NO,,
inacbg,dokumen_pendukung,5,file_name,varchar(100),NO,,
inacbg,dokumen_pendukung,6,file_size,float,NO,,
inacbg,dokumen_pendukung,7,file_type,varchar(50),NO,,
inacbg,dokumen_pendukung,8,file_content,mediumblob,NO,,
inacbg,dokumen_pendukung,9,kirim_bpjs,tinyint,NO,,
inacbg,dokumen_pendukung,10,document_id,char(36),YES,MUL,
inacbg,dokumen_pendukung,11,tanggal,datetime,YES,,
inacbg,dokumen_pendukung,12,oleh,smallint,YES,,
inacbg,dokumen_pendukung,13,status,tinyint,NO,MUL,
inacbg,grouping,1,NOPEN,char(11),NO,PRI,
inacbg,grouping,2,DATA,mediumtext,NO,,
inacbg,grouping,3,KOMENTAR,json,YES,,
inacbg,hasil_grouping,1,NOPEN,char(10),NO,PRI,
inacbg,hasil_grouping,2,TAGIHAN_ID,char(10),YES,MUL,
inacbg,hasil_grouping,3,NOSEP,char(25),NO,MUL,
inacbg,hasil_grouping,4,CODECBG,char(25),NO,MUL,
inacbg,hasil_grouping,5,TARIFCBG,int,NO,,
inacbg,hasil_grouping,6,TARIFSP,int,NO,,
inacbg,hasil_grouping,7,TARIFSR,int,NO,,
inacbg,hasil_grouping,8,TARIFSI,int,NO,,
inacbg,hasil_grouping,9,TARIFSD,int,NO,,
inacbg,hasil_grouping,10,TARIFSA,int,NO,,
inacbg,hasil_grouping,11,TARIFSC,int,NO,,
inacbg,hasil_grouping,12,TARIFKLS1,int,NO,,
inacbg,hasil_grouping,13,TARIFKLS2,int,NO,,
inacbg,hasil_grouping,14,TARIFKLS3,int,NO,,
inacbg,hasil_grouping,15,TOTALTARIF,int,NO,,
inacbg,hasil_grouping,16,TARIFRS,int,NO,,
inacbg,hasil_grouping,17,UNUSR,char(25),NO,,
inacbg,hasil_grouping,18,UNUSI,char(25),NO,,
inacbg,hasil_grouping,19,UNUSP,char(25),NO,,
inacbg,hasil_grouping,20,UNUSD,char(25),NO,,
inacbg,hasil_grouping,21,UNUSA,char(25),NO,,
inacbg,hasil_grouping,22,UNUSC,char(25),NO,,
inacbg,hasil_grouping,23,TANGGAL,datetime,NO,,
inacbg,hasil_grouping,24,USER,smallint,NO,,
inacbg,hasil_grouping,25,STATUS,tinyint,NO,,
inacbg,hasil_grouping,26,TIPE,tinyint,NO,,
inacbg,hasil_grouping,27,DC_KEMKES,tinyint,NO,,
inacbg,hasil_grouping,28,DC_BPJS,tinyint,NO,,
inacbg,hasil_grouping,29,POST_DATA,text,YES,,
inacbg,hasil_grouping,30,RESPONSE,text,YES,,
inacbg,hasil_grouping,31,INA_GROUPER_MDC_NUMBER,char(4),YES,,
inacbg,hasil_grouping,32,INA_GROUPER_MDC_DESCRIPTION,varchar(1000),YES,,
inacbg,hasil_grouping,33,INA_GROUPER_DRG_CODE,char(10),YES,,
inacbg,hasil_grouping,34,INA_GROUPER_DRG_DESCRIPTION,varchar(1000),YES,,
inacbg,hasil_grouping,35,TOP_UP_RAWAT_GROSS,int,NO,,
inacbg,hasil_grouping,36,TOP_UP_RAWAT_FACTOR,"decimal(10,2)",NO,,
inacbg,hasil_grouping,37,TOP_UP_RAWAT,int,NO,,
inacbg,hasil_grouping,38,TOP_UP_JENAZAH,int,NO,,
inacbg,hasil_grouping,39,COVID_19_DESCRIPTION,varchar(500),YES,,
inacbg,hasil_grouping,40,KLAIM,tinyint,YES,,
inacbg,icd_ina_grouper,1,code,char(15),NO,PRI,
inacbg,icd_ina_grouper,2,description,varchar(250),NO,MUL,
inacbg,icd_ina_grouper,3,validcode,char(1),NO,,
inacbg,icd_ina_grouper,4,accpdx,char(1),NO,,
inacbg,icd_ina_grouper,5,code_asterisk,char(15),NO,,
inacbg,icd_ina_grouper,6,asterisk,char(1),NO,,
inacbg,icd_ina_grouper,7,im,char(1),NO,,
inacbg,icd_ina_grouper,8,icd_type,tinyint,NO,,
inacbg,inacbg,1,ID,mediumint,NO,PRI,auto_increment
inacbg,inacbg,2,JENIS,tinyint,NO,MUL,
inacbg,inacbg,3,KODE,char(35),NO,,
inacbg,inacbg,4,DESKRIPSI,varchar(250),NO,,
inacbg,inacbg,5,VERSION,varchar(15),NO,,
inacbg,inacbg,6,TANGGAL_BERLAKU,date,YES,,
inacbg,jenis_inacbg,1,ID,tinyint,NO,PRI,auto_increment
inacbg,jenis_inacbg,2,DESKRIPSI,varchar(50),NO,,
inacbg,jenis_map,1,ID,tinyint,NO,PRI,auto_increment
inacbg,jenis_map,2,DESKRIPSI,varchar(50),NO,,
inacbg,klaim_status,1,NOPEN,char(10),NO,PRI,
inacbg,klaim_status,2,SET_ENCOUNTER_RME,tinyint,NO,MUL,
inacbg,komentar,1,ID,bigint,NO,PRI,auto_increment
inacbg,komentar,2,NOPEN,char(10),NO,MUL,
inacbg,komentar,3,TEKS,text,NO,,
inacbg,komentar,4,TANGGAL,datetime,NO,,
inacbg,komentar,5,OLEH,smallint,NO,,
inacbg,komentar,6,REPLY_FROM,bigint,YES,MUL,
inacbg,list_procedure,1,ID,int,NO,PRI,auto_increment
inacbg,list_procedure,2,JENIS,tinyint,NO,MUL,
inacbg,list_procedure,3,PROC,char(10),NO,,
inacbg,list_procedure,4,CMG,char(5),NO,,
inacbg,list_procedure,5,GROUP_CODE,"enum('sprosthesis','sinvestigation','sprocedure')",NO,,
inacbg,logs,1,ID,bigint,NO,PRI,auto_increment
inacbg,logs,2,NOMOR_SEP,char(25),NO,MUL,
inacbg,logs,3,METHOD,varchar(100),NO,MUL,
inacbg,logs,4,POST,json,NO,,
inacbg,logs,5,TANGGAL,timestamp,NO,,DEFAULT_GENERATED
inacbg,logs,6,RESPONSE,json,NO,,
inacbg,logs,7,RESPONSE_TANGGAL,datetime,YES,,
inacbg,logs,8,OLEH,smallint,NO,,
inacbg,map_inacbg_simrs,1,JENIS,tinyint,NO,PRI,
inacbg,map_inacbg_simrs,2,INACBG,char(10),NO,PRI,
inacbg,map_inacbg_simrs,3,SIMRS,char(10),NO,PRI,
inacbg,map_inacbg_simrs,4,VERSION,varchar(15),NO,PRI,
inacbg,map_inacbg_simrs,5,STATUS,tinyint,NO,,
inacbg,map_tarif,1,KELASRS,char(10),NO,PRI,
inacbg,map_tarif,2,KEPEMILIKAN,char(10),NO,PRI,
inacbg,map_tarif,3,TIPE,tinyint,NO,PRI,
inacbg,map_tarif,4,JENISTARIF,char(10),NO,MUL,
inacbg,no_urut_berkas,1,JENIS,tinyint(1),NO,PRI,
inacbg,no_urut_berkas,2,TANGGAL,date,NO,PRI,
inacbg,no_urut_berkas,3,KELAS,int,NO,PRI,
inacbg,no_urut_berkas,4,NOMOR,int,NO,PRI,auto_increment
inacbg,no_urut_berkas,5,NOPEN,char(10),NO,MUL,
inacbg,no_urut_berkas,6,TANGGAL_INPUT,timestamp,NO,,DEFAULT_GENERATED
inacbg,tarif_inacbg,1,INACBG,char(50),YES,MUL,
inacbg,tarif_inacbg,2,REGIONAL,char(10),YES,MUL,
inacbg,tarif_inacbg,3,KODE_TARIFF,char(10),YES,MUL,
inacbg,tarif_inacbg,4,KELAS_RAWAT,tinyint,YES,MUL,
inacbg,tarif_inacbg,5,JENIS_PELAYANAN,tinyint,YES,MUL,
inacbg,tarif_inacbg,6,TARIFF_ORIGINAL,int,YES,,
inacbg,tarif_inacbg,7,TARIFF,int,YES,,
inacbg,tipe_inacbg,1,ID,tinyint,NO,PRI,auto_increment
inacbg,tipe_inacbg,2,VERSION,varchar(15),NO,,
inacbg,tipe_inacbg,3,NAMA,varchar(50),NO,,
inacbg,tipe_inacbg,4,BERLAKU_TANGGAL,date,YES,,
inacbg,tipe_inacbg,5,BERAKHIR_TANGGAL,date,YES,,
inacbg,tipe_inacbg,6,STATUS,tinyint,NO,MUL,
inacbg,tipe_inacbg,7,CONFIG,json,NO,,
informasi,diagnosa_rd,1,TANGGAL,date,NO,PRI,
informasi,diagnosa_rd,2,ID,varchar(50),NO,PRI,
informasi,diagnosa_rd,3,DESKRIPSI,varchar(200),YES,,
informasi,diagnosa_rd,4,VALUE,bigint,NO,,
informasi,diagnosa_rd,5,LASTUPDATED,datetime,YES,,
informasi,diagnosa_ri,1,TANGGAL,date,NO,PRI,
informasi,diagnosa_ri,2,ID,varchar(50),NO,PRI,
informasi,diagnosa_ri,3,DESKRIPSI,varchar(200),YES,,
informasi,diagnosa_ri,4,VALUE,bigint,NO,,
informasi,diagnosa_ri,5,LASTUPDATED,datetime,YES,,
informasi,diagnosa_rj,1,TANGGAL,date,NO,PRI,
informasi,diagnosa_rj,2,ID,varchar(50),NO,PRI,
informasi,diagnosa_rj,3,DESKRIPSI,varchar(200),YES,,
informasi,diagnosa_rj,4,VALUE,bigint,NO,,
informasi,diagnosa_rj,5,LASTUPDATED,datetime,YES,,
informasi,indikator_rs,1,TANGGAL,date,NO,PRI,
informasi,indikator_rs,2,AWAL,int,NO,,
informasi,indikator_rs,3,MASUK,int,NO,,
informasi,indikator_rs,4,PINDAHAN,int,NO,,
informasi,indikator_rs,5,KURANG48JAM,int,NO,,
informasi,indikator_rs,6,LEBIH48JAM,int,NO,,
informasi,indikator_rs,7,LD,int,NO,,
informasi,indikator_rs,8,SISA,int,NO,,
informasi,indikator_rs,9,TTIDUR,int,NO,,
informasi,indikator_rs,10,HP,int,NO,,
informasi,indikator_rs,11,DIPINDAHKAN,int,NO,,
informasi,indikator_rs,12,JMLKLR,int,NO,,
informasi,indikator_rs,13,JMLHARI,int,NO,,
informasi,indikator_rs,14,LASTUPDATED,datetime,YES,,
informasi,klaim_iks,1,TANGGAL,date,NO,PRI,
informasi,klaim_iks,2,ID,varchar(3),NO,PRI,
informasi,klaim_iks,3,DESKRIPSI,varchar(200),YES,,
informasi,klaim_iks,4,CARABAYAR,varchar(200),YES,,
informasi,klaim_iks,5,IDCARABAYAR,varchar(5),NO,PRI,
informasi,klaim_iks,6,VALUE,bigint,NO,,
informasi,klaim_iks,7,LASTUPDATED,datetime,YES,,
informasi,klaim_inacbg,1,TANGGAL,date,NO,PRI,
informasi,klaim_inacbg,2,ID,varchar(3),NO,PRI,
informasi,klaim_inacbg,3,DESKRIPSI,varchar(200),YES,,
informasi,klaim_inacbg,4,CARABAYAR,varchar(200),YES,,
informasi,klaim_inacbg,5,IDCARABAYAR,varchar(1),NO,PRI,
informasi,klaim_inacbg,6,VALUE,bigint,NO,,
informasi,klaim_inacbg,7,LASTUPDATED,datetime,YES,,
informasi,klaim_inacbg_ri,1,TANGGAL,date,NO,PRI,
informasi,klaim_inacbg_ri,2,ID,varchar(25),NO,PRI,
informasi,klaim_inacbg_ri,3,DESKRIPSI,varchar(200),YES,,
informasi,klaim_inacbg_ri,4,VALUE,bigint,NO,,
informasi,klaim_inacbg_ri,5,LASTUPDATED,datetime,YES,,
informasi,klaim_inacbg_rj,1,TANGGAL,date,NO,PRI,
informasi,klaim_inacbg_rj,2,ID,varchar(25),NO,PRI,
informasi,klaim_inacbg_rj,3,DESKRIPSI,varchar(200),YES,,
informasi,klaim_inacbg_rj,4,VALUE,bigint,NO,,
informasi,klaim_inacbg_rj,5,LASTUPDATED,datetime,YES,,
informasi,kunjungan,1,TANGGAL,date,NO,PRI,
informasi,kunjungan,2,ID,varchar(3),NO,PRI,
informasi,kunjungan,3,DESKRIPSI,varchar(200),YES,,
informasi,kunjungan,4,IDINSTALASI,char(5),NO,PRI,
informasi,kunjungan,5,INSTALASI,varchar(200),YES,,
informasi,kunjungan,6,IDUNIT,char(7),NO,PRI,
informasi,kunjungan,7,UNIT,varchar(200),YES,,
informasi,kunjungan,8,IDSUBUNIT,char(10),NO,PRI,
informasi,kunjungan,9,SUBUNIT,varchar(200),YES,,
informasi,kunjungan,10,CARABAYAR,varchar(200),YES,,
informasi,kunjungan,11,IDCARABAYAR,varchar(1),NO,PRI,
informasi,kunjungan,12,VALUE,bigint,NO,,
informasi,kunjungan,13,LASTUPDATED,datetime,YES,,
informasi,pasien_rawat_inap,1,TANGGAL,date,NO,PRI,
informasi,pasien_rawat_inap,2,ID,varchar(3),NO,PRI,
informasi,pasien_rawat_inap,3,DESKRIPSI,varchar(200),YES,,
informasi,pasien_rawat_inap,4,CARABAYAR,varchar(200),YES,,
informasi,pasien_rawat_inap,5,IDCARABAYAR,varchar(1),NO,PRI,
informasi,pasien_rawat_inap,6,VALUE,bigint,NO,,
informasi,pasien_rawat_inap,7,LASTUPDATED,datetime,YES,,
informasi,pendapatan,1,TANGGAL,date,NO,PRI,
informasi,pendapatan,2,ID,varchar(3),NO,PRI,
informasi,pendapatan,3,DESKRIPSI,varchar(200),YES,,
informasi,pendapatan,4,CARABAYAR,varchar(200),YES,,
informasi,pendapatan,5,IDCARABAYAR,varchar(5),NO,PRI,
informasi,pendapatan,6,VALUE,bigint,NO,,
informasi,pendapatan,7,LASTUPDATED,datetime,YES,,
informasi,penerimaan,1,TANGGAL,date,NO,PRI,
informasi,penerimaan,2,ID,varchar(3),NO,PRI,
informasi,penerimaan,3,DESKRIPSI,varchar(200),YES,,
informasi,penerimaan,4,SHORTDESK,varchar(10),YES,,
informasi,penerimaan,5,CARABAYAR,varchar(200),YES,,
informasi,penerimaan,6,IDCARABAYAR,varchar(5),NO,PRI,
informasi,penerimaan,7,VALUE,bigint,NO,,
informasi,penerimaan,8,LASTUPDATED,datetime,YES,,
informasi,pengunjung,1,TANGGAL,date,NO,PRI,
informasi,pengunjung,2,ID,varchar(3),NO,PRI,
informasi,pengunjung,3,DESKRIPSI,varchar(200),YES,,
informasi,pengunjung,4,CARABAYAR,varchar(200),YES,,
informasi,pengunjung,5,IDCARABAYAR,varchar(1),NO,PRI,
informasi,pengunjung,6,VALUE,bigint,NO,,
informasi,pengunjung,7,LASTUPDATED,datetime,YES,,
informasi,penunjang,1,TANGGAL,date,NO,PRI,
informasi,penunjang,2,ID,varchar(3),NO,PRI,
informasi,penunjang,3,DESKRIPSI,varchar(200),YES,,
informasi,penunjang,4,IDINSTALASI,char(5),NO,PRI,
informasi,penunjang,5,INSTALASI,varchar(200),YES,,
informasi,penunjang,6,IDUNIT,char(7),NO,PRI,
informasi,penunjang,7,UNIT,varchar(200),YES,,
informasi,penunjang,8,IDSUBUNIT,char(10),NO,PRI,
informasi,penunjang,9,SUBUNIT,varchar(200),YES,,
informasi,penunjang,10,CARABAYAR,varchar(200),YES,,
informasi,penunjang,11,IDCARABAYAR,varchar(1),NO,PRI,
informasi,penunjang,12,VALUE,bigint,NO,,
informasi,penunjang,13,LASTUPDATED,datetime,YES,,
informasi,statistik_10_besar_diagnosa_rujukan,1,TAHUN,smallint,NO,PRI,
informasi,statistik_10_besar_diagnosa_rujukan,2,BULAN,tinyint,NO,PRI,
informasi,statistik_10_besar_diagnosa_rujukan,3,JENIS_RUJUKAN,tinyint,NO,PRI,
informasi,statistik_10_besar_diagnosa_rujukan,4,REF_ID_KEMKES,char(50),NO,MUL,
informasi,statistik_10_besar_diagnosa_rujukan,5,KONTEN,text,NO,,
informasi,statistik_10_besar_diagnosa_rujukan,6,TANGGAL_UPDATED,timestamp,NO,MUL,"DEFAULT_GENERATED on update CURRENT_TIMESTAMP"
informasi,statistik_10_besar_diagnosa_rujukan,7,KIRIM,tinyint,NO,MUL,
informasi,statistik_10_besar_penyakit,1,TAHUN,smallint,NO,PRI,
informasi,statistik_10_besar_penyakit,2,BULAN,tinyint,NO,PRI,
informasi,statistik_10_besar_penyakit,3,JENIS_PELAYANAN,tinyint,NO,PRI,
informasi,statistik_10_besar_penyakit,4,REF_ID_KEMKES,char(50),NO,MUL,
informasi,statistik_10_besar_penyakit,5,KONTEN,text,YES,,
informasi,statistik_10_besar_penyakit,6,TANGGAL_UPDATED,timestamp,NO,MUL,"DEFAULT_GENERATED on update CURRENT_TIMESTAMP"
informasi,statistik_10_besar_penyakit,7,KIRIM,tinyint,NO,MUL,
informasi,statistik_gol_darah,1,TAHUN,smallint,NO,PRI,
informasi,statistik_gol_darah,2,BULAN,tinyint,NO,PRI,
informasi,statistik_gol_darah,3,KODE,tinyint,NO,PRI,
informasi,statistik_gol_darah,4,REF_ID_KEMKES,char(50),NO,MUL,
informasi,statistik_gol_darah,5,JUMLAH_PASIEN,smallint,NO,,
informasi,statistik_gol_darah,6,TANGGAL_UPDATED,timestamp,NO,MUL,"DEFAULT_GENERATED on update CURRENT_TIMESTAMP"
informasi,statistik_gol_darah,7,KIRIM,tinyint,NO,MUL,
informasi,statistik_indikator,1,TAHUN,smallint,NO,PRI,
informasi,statistik_indikator,2,PERIODE,char(3),NO,PRI,
informasi,statistik_indikator,3,JENIS,tinyint,NO,PRI,
informasi,statistik_indikator,4,REF_ID_KEMKES,char(50),NO,MUL,
informasi,statistik_indikator,5,BOR,"decimal(10,2)",NO,,
informasi,statistik_indikator,6,ALOS,"decimal(10,2)",NO,,
informasi,statistik_indikator,7,BTO,"decimal(10,2)",NO,,
informasi,statistik_indikator,8,TOI,"decimal(10,2)",NO,,
informasi,statistik_indikator,9,NDR,"decimal(10,2)",NO,,
informasi,statistik_indikator,10,GDR,"decimal(10,2)",NO,,
informasi,statistik_indikator,11,TANGGAL_UPDATED,timestamp,NO,MUL,"DEFAULT_GENERATED on update CURRENT_TIMESTAMP"
informasi,statistik_indikator,12,KIRIM,tinyint,NO,MUL,
informasi,statistik_jumlah_kematian,1,TAHUN,smallint,NO,PRI,
informasi,statistik_jumlah_kematian,2,BULAN,tinyint,NO,PRI,
informasi,statistik_jumlah_kematian,3,REF_ID_KEMKES,char(50),NO,MUL,
informasi,statistik_jumlah_kematian,4,KONTEN,text,YES,,
informasi,statistik_jumlah_kematian,5,TANGGAL_UPDATED,timestamp,NO,MUL,"DEFAULT_GENERATED on update CURRENT_TIMESTAMP"
informasi,statistik_jumlah_kematian,6,KIRIM,tinyint,NO,MUL,
informasi,statistik_kunjungan,1,TANGGAL,date,NO,PRI,
informasi,statistik_kunjungan,2,REF_ID_KEMKES,char(50),NO,MUL,
informasi,statistik_kunjungan,3,RJ,smallint,NO,,
informasi,statistik_kunjungan,4,RD,smallint,NO,,
informasi,statistik_kunjungan,5,RI,smallint,NO,,
informasi,statistik_kunjungan,6,TANGGAL_UPDATED,timestamp,NO,MUL,"DEFAULT_GENERATED on update CURRENT_TIMESTAMP"
informasi,statistik_kunjungan,7,KIRIM,tinyint,NO,MUL,
informasi,statistik_mutu_pelayanan,1,TAHUN,smallint,NO,PRI,
informasi,statistik_mutu_pelayanan,2,BULAN,tinyint,NO,PRI,
informasi,statistik_mutu_pelayanan,3,KODE,char(6),NO,PRI,
informasi,statistik_mutu_pelayanan,4,REF_ID_KEMKES,char(50),NO,MUL,
informasi,statistik_mutu_pelayanan,5,NILAI,"decimal(10,2)",NO,,
informasi,statistik_mutu_pelayanan,6,MANUAL,tinyint,NO,,
informasi,statistik_mutu_pelayanan,7,USER,smallint,NO,,
informasi,statistik_mutu_pelayanan,8,TANGGAL_UPDATED,timestamp,NO,MUL,"DEFAULT_GENERATED on update CURRENT_TIMESTAMP"
informasi,statistik_mutu_pelayanan,9,KIRIM,tinyint,NO,MUL,
informasi,statistik_pemeriksaan_laboratorium,1,TAHUN,smallint,NO,PRI,
informasi,statistik_pemeriksaan_laboratorium,2,BULAN,tinyint,NO,PRI,
informasi,statistik_pemeriksaan_laboratorium,3,KODE,tinyint,NO,PRI,
informasi,statistik_pemeriksaan_laboratorium,4,REF_ID_KEMKES,char(50),NO,MUL,
informasi,statistik_pemeriksaan_laboratorium,5,RATA_RATA,"decimal(10,2)",NO,,
informasi,statistik_pemeriksaan_laboratorium,6,JUMLAH_PASIEN,smallint,NO,,
informasi,statistik_pemeriksaan_laboratorium,7,TANGGAL_UPDATED,timestamp,NO,MUL,"DEFAULT_GENERATED on update CURRENT_TIMESTAMP"
informasi,statistik_pemeriksaan_laboratorium,8,KIRIM,tinyint,NO,MUL,
informasi,statistik_rujukan,1,TANGGAL,date,NO,PRI,
informasi,statistik_rujukan,2,REF_ID_KEMKES,char(50),NO,MUL,
informasi,statistik_rujukan,3,MASUK,smallint,NO,,
informasi,statistik_rujukan,4,KELUAR,smallint,NO,,
informasi,statistik_rujukan,5,BALIK,smallint,NO,,
informasi,statistik_rujukan,6,TANGGAL_UPDATED,timestamp,NO,MUL,"DEFAULT_GENERATED on update CURRENT_TIMESTAMP"
informasi,statistik_rujukan,7,KIRIM,tinyint,NO,MUL,
informasi,tempat_tidur_kemkes,1,IDINSTALASI,varchar(5),NO,PRI,
informasi,tempat_tidur_kemkes,2,INSTALASI,varchar(200),YES,,
informasi,tempat_tidur_kemkes,3,IDUNIT,varchar(7),NO,PRI,
informasi,tempat_tidur_kemkes,4,UNIT,varchar(200),YES,,
informasi,tempat_tidur_kemkes,5,IDSUBUNIT,varchar(9),NO,PRI,
informasi,tempat_tidur_kemkes,6,SUBUNIT,varchar(200),YES,,
informasi,tempat_tidur_kemkes,7,IDKAMAR,varchar(6),NO,PRI,
informasi,tempat_tidur_kemkes,8,KAMAR,varchar(200),NO,,
informasi,tempat_tidur_kemkes,9,IDKELAS,varchar(6),NO,PRI,
informasi,tempat_tidur_kemkes,10,KELAS,varchar(100),NO,,
informasi,tempat_tidur_kemkes,11,JENISKAMAR,tinyint,NO,MUL,
informasi,tempat_tidur_kemkes,12,TTLAKI,int,NO,,
informasi,tempat_tidur_kemkes,13,TTPEREMPUAN,int,NO,,
informasi,tempat_tidur_kemkes,14,JMLLAKI,int,NO,,
informasi,tempat_tidur_kemkes,15,JMLPEREMPUAN,int,NO,,
informasi,tempat_tidur_kemkes,16,TERPAKAI_KONFIRMASI,int,NO,,
informasi,tempat_tidur_kemkes,17,LASTUPDATED,datetime,YES,,
inventory,barang,1,ID,smallint,NO,PRI,auto_increment
inventory,barang,2,NAMA,varchar(150),NO,MUL,
inventory,barang,3,KATEGORI,char(10),YES,MUL,
inventory,barang,4,SATUAN,tinyint,NO,,
inventory,barang,5,MERK,int,YES,,
inventory,barang,6,PENYEDIA,smallint,YES,,
inventory,barang,7,GENERIK,smallint,YES,,
inventory,barang,8,JENIS_GENERIK,int,YES,,
inventory,barang,9,FORMULARIUM,int,YES,,
inventory,barang,10,STOK,smallint,NO,,
inventory,barang,11,HARGA_BELI,"decimal(60,2)",NO,,
inventory,barang,12,PPN,"decimal(10,2)",NO,,
inventory,barang,13,HARGA_JUAL,"decimal(10,2)",NO,,
inventory,barang,14,MASA_BERLAKU,date,YES,MUL,
inventory,barang,15,JENIS_PENGGUNAAN_OBAT,tinyint,YES,MUL,
inventory,barang,16,KLAIM_TERPISAH,tinyint,NO,,
inventory,barang,17,TANGGAL,datetime,NO,MUL,
inventory,barang,18,OLEH,smallint,NO,,
inventory,barang,19,STATUS,tinyint,NO,MUL,
inventory,barang_paket_tindakan,1,ID,int,NO,PRI,auto_increment
inventory,barang_paket_tindakan,2,TINDAKAN,int,NO,MUL,
inventory,barang_paket_tindakan,3,BARANG,int,NO,MUL,
inventory,barang_paket_tindakan,4,JUMLAH,"decimal(10,2)",NO,,
inventory,barang_paket_tindakan,5,STATUS,int,YES,MUL,
inventory,barang_paket_tindakan,6,TANGGAL,timestamp,YES,,"DEFAULT_GENERATED on update CURRENT_TIMESTAMP"
inventory,barang_ruangan,1,ID,"int unsigned",NO,PRI,auto_increment
inventory,barang_ruangan,2,RUANGAN,char(10),NO,MUL,
inventory,barang_ruangan,3,BARANG,smallint,NO,MUL,
inventory,barang_ruangan,4,STOK,"decimal(60,2)",NO,,
inventory,barang_ruangan,5,TANGGAL,datetime,YES,,
inventory,barang_ruangan,6,TRANSAKSI_STOK_RUANGAN,char(23),YES,MUL,
inventory,barang_ruangan,7,STATUS,tinyint,NO,MUL,
inventory,batas_pengambilan_stok_akhir,1,JENIS,"enum('Tahun','Bulan')",NO,PRI,
inventory,batas_pengambilan_stok_akhir,2,NILAI,smallint,NO,PRI,
inventory,dagang,1,ID,smallint,NO,PRI,auto_increment
inventory,harga_barang,1,ID,int,NO,PRI,auto_increment
inventory,harga_barang,2,BARANG,smallint,YES,MUL,
inventory,harga_barang,3,HARGA_BELI,"decimal(60,2)",YES,,
inventory,harga_barang,4,HARGA_JUAL,"decimal(60,2)",YES,,
inventory,harga_barang,5,PPN,"decimal(10,2)",YES,,
inventory,harga_barang,6,MASA_BERLAKU,date,YES,,
inventory,harga_barang,7,TANGGAL,datetime,YES,,
inventory,harga_barang,8,OLEH,smallint,NO,,
inventory,harga_barang,9,STATUS,tinyint,YES,,
inventory,jenis_kategori,1,ID,tinyint,NO,PRI,auto_increment
inventory,jenis_kategori,2,NAMA,varchar(50),YES,,
inventory,jenis_kategori,3,DIGIT,tinyint,NO,,
inventory,jenis_transaksi_stok,1,ID,tinyint,NO,PRI,
inventory,jenis_transaksi_stok,2,DESKRIPSI,varchar(50),NO,,
inventory,jenis_transaksi_stok,3,TAMBAH_ATAU_KURANG,"enum('+','-','')",NO,,
inventory,kategori,1,ID,char(10),NO,PRI,
inventory,kategori,2,NAMA,varchar(150),NO,MUL,
inventory,kategori,3,JENIS,tinyint,NO,MUL,
inventory,kategori,4,TANGGAL,datetime,YES,,
inventory,kategori,5,OLEH,smallint,YES,,
inventory,kategori,6,STATUS,tinyint,NO,MUL,
inventory,material_request,1,NO_MR,char(50),NO,PRI,
inventory,material_request,2,TANGGAL,date,NO,,
inventory,material_request,3,RUMUS_KATEGORI_A,int,NO,MUL,
inventory,material_request,4,RUMUS_KATEGORI_B,int,NO,MUL,
inventory,material_request,5,RUMUS_KATEGORI_C,int,NO,MUL,
inventory,material_request,6,STATUS,int,NO,,
inventory,material_request,7,OLEH,int,NO,,
inventory,material_request,8,UPDATE_TIME,timestamp,NO,,"DEFAULT_GENERATED on update CURRENT_TIMESTAMP"
inventory,material_request_detil,1,ID,int,NO,PRI,auto_increment
inventory,material_request_detil,2,NO_MR,char(15),NO,,
inventory,material_request_detil,3,BARANG,int,NO,,
inventory,material_request_detil,4,KATEGORI,char(1),NO,,
inventory,material_request_detil,5,SISA_STOK,"decimal(10,2)",YES,,
inventory,material_request_detil,6,RATAPENJUALAN,"decimal(10,2)",YES,,
inventory,material_request_detil,7,JML_RUMUS,"decimal(10,2)",YES,,
inventory,material_request_detil,8,JUMLAH,"decimal(10,2)",YES,,
inventory,material_request_detil,9,TANGGAL,timestamp,NO,,"DEFAULT_GENERATED on update CURRENT_TIMESTAMP"
inventory,material_request_detil,10,STATUS,int,NO,,
inventory,no_seri_barang_ruangan,1,ID,int,NO,PRI,auto_increment
inventory,no_seri_barang_ruangan,2,BARANG_RUANGAN,int,NO,MUL,
inventory,no_seri_barang_ruangan,3,NO_SERI,varchar(50),NO,,
inventory,no_seri_barang_ruangan,4,STATUS,smallint,YES,,
inventory,no_seri_barang_ruangan,5,KONDISI_BARANG,smallint,YES,,
inventory,no_seri_barang_ruangan,6,LAYAK_PAKAI,smallint,YES,,
inventory,pembatalan_penerimaan_barang,1,ID,int,NO,PRI,auto_increment
inventory,pembatalan_penerimaan_barang,2,PENERIMAAN_BARANG,char(10),NO,MUL,
inventory,pembatalan_penerimaan_barang,3,JENIS,tinyint,NO,MUL,
inventory,pembatalan_penerimaan_barang,4,TANGGAL,datetime,NO,MUL,
inventory,pembatalan_penerimaan_barang,5,OLEH,smallint,NO,,
inventory,pembatalan_penerimaan_barang,6,STATUS,tinyint,NO,,
inventory,penerimaan,1,NOMOR,char(21),NO,PRI,
inventory,penerimaan,2,RUANGAN,char(10),NO,MUL,
inventory,penerimaan,3,JENIS,tinyint,NO,MUL,
inventory,penerimaan,4,REF,varchar(21),NO,,
inventory,penerimaan,5,TANGGAL,datetime,NO,MUL,
inventory,penerimaan,6,OLEH,smallint,NO,,
inventory,penerimaan,7,STATUS,tinyint,NO,,
inventory,penerimaan_barang,1,ID,"int unsigned",NO,PRI,auto_increment
inventory,penerimaan_barang,2,RUANGAN,char(10),NO,MUL,
inventory,penerimaan_barang,3,FAKTUR,varchar(50),NO,MUL,
inventory,penerimaan_barang,4,TANGGAL,datetime,NO,MUL,
inventory,penerimaan_barang,5,TANGGAL_PENERIMAAN,datetime,YES,,
inventory,penerimaan_barang,6,REKANAN,smallint,NO,MUL,
inventory,penerimaan_barang,7,KETERANGAN,varchar(250),NO,,
inventory,penerimaan_barang,8,PPN,"enum('Ya','Tidak')",NO,,
inventory,penerimaan_barang,9,MASA_BERLAKU,date,NO,,
inventory,penerimaan_barang,10,TANGGAL_DIBUAT,datetime,NO,,
inventory,penerimaan_barang,11,OLEH,smallint,NO,,
inventory,penerimaan_barang,12,STATUS,tinyint,NO,,
inventory,penerimaan_barang,13,JENIS,tinyint,NO,MUL,
inventory,penerimaan_barang,14,REF_PO,char(15),NO,MUL,
inventory,penerimaan_barang_detil,1,ID,bigint,NO,PRI,auto_increment
inventory,penerimaan_barang_detil,2,PENERIMAAN,"int unsigned",NO,MUL,
inventory,penerimaan_barang_detil,3,BARANG,smallint,NO,MUL,
inventory,penerimaan_barang_detil,4,NO_BATCH,varchar(50),NO,,
inventory,penerimaan_barang_detil,5,JUMLAH,"decimal(60,2)",NO,,
inventory,penerimaan_barang_detil,6,BONUS,"decimal(60,2)",NO,,
inventory,penerimaan_barang_detil,7,HARGA,"decimal(60,2)",NO,,
inventory,penerimaan_barang_detil,8,DISKON,"decimal(10,2)",NO,,
inventory,penerimaan_barang_detil,9,ONGKIR,"decimal(10,2)",NO,,
inventory,penerimaan_barang_detil,10,MASA_BERLAKU,date,NO,,
inventory,penerimaan_barang_detil,11,STATUS,tinyint,NO,,
inventory,penerimaan_barang_detil,12,REF_PO_DETIL,int,NO,,
inventory,pengembalian_barang,1,ID,int,NO,PRI,auto_increment
inventory,pengembalian_barang,2,RUANGAN,char(10),NO,MUL,
inventory,pengembalian_barang,3,REKANAN,smallint,NO,MUL,
inventory,pengembalian_barang,4,TANGGAL,datetime,NO,MUL,
inventory,pengembalian_barang,5,OLEH,smallint,NO,,
inventory,pengembalian_barang,6,STATUS,tinyint,NO,,
inventory,pengembalian_barang_detil,1,ID,"int unsigned",NO,PRI,auto_increment
inventory,pengembalian_barang_detil,2,PENGEMBALIAN,int,NO,MUL,
inventory,pengembalian_barang_detil,3,BARANG,smallint,NO,MUL,
inventory,pengembalian_barang_detil,4,JUMLAH,"decimal(60,2)",NO,,
inventory,pengembalian_barang_detil,5,STATUS,tinyint,NO,,
inventory,penggolongan_barang,1,ID,int,NO,PRI,auto_increment
inventory,penggolongan_barang,2,BARANG,int,NO,MUL,
inventory,penggolongan_barang,3,PENGGOLONGAN,int,NO,,
inventory,penggolongan_barang,4,CHECKED,tinyint,NO,,
inventory,pengiriman,1,NOMOR,char(21),NO,PRI,
inventory,pengiriman,2,ASAL,char(10),NO,MUL,
inventory,pengiriman,3,TUJUAN,char(10),NO,MUL,
inventory,pengiriman,4,TANGGAL,datetime,NO,MUL,
inventory,pengiriman,5,PERMINTAAN,char(21),NO,MUL,
inventory,pengiriman,6,OLEH,smallint,NO,,
inventory,pengiriman,7,STATUS,tinyint,NO,,
inventory,pengiriman_detil,1,ID,"int unsigned",NO,PRI,auto_increment
inventory,pengiriman_detil,2,PENGIRIMAN,char(21),NO,MUL,
inventory,pengiriman_detil,3,PERMINTAAN_BARANG_DETIL,int,NO,MUL,
inventory,pengiriman_detil,4,JUMLAH,"decimal(10,2)",NO,,
inventory,pengiriman_detil,5,STATUS,tinyint,NO,,
inventory,penyedia,1,ID,smallint,NO,PRI,auto_increment
inventory,penyedia,2,NAMA,varchar(50),NO,,
inventory,penyedia,3,ALAMAT,varchar(250),NO,,
inventory,penyedia,4,TELEPON,varchar(100),NO,,
inventory,penyedia,5,FAX,varchar(100),NO,,
inventory,penyedia,6,TANGGAL,datetime,NO,,
inventory,penyedia,7,STATUS,tinyint,NO,,
inventory,permintaan,1,NOMOR,char(21),NO,PRI,
inventory,permintaan,2,ASAL,char(10),NO,MUL,
inventory,permintaan,3,TUJUAN,char(10),NO,MUL,
inventory,permintaan,4,TANGGAL,datetime,NO,MUL,
inventory,permintaan,5,OLEH,smallint,NO,,
inventory,permintaan,6,STATUS,tinyint,NO,,
inventory,permintaan,7,TERIMA,tinyint,NO,,
inventory,permintaan_detil,1,ID,"int unsigned",NO,PRI,auto_increment
inventory,permintaan_detil,2,PERMINTAAN,char(21),NO,MUL,
inventory,permintaan_detil,3,BARANG,smallint,NO,MUL,
inventory,permintaan_detil,4,JUMLAH,"decimal(10,2)",NO,,
inventory,permintaan_detil,5,STATUS,tinyint,NO,,
inventory,purchase_order,1,NO_PO,char(15),NO,PRI,
inventory,purchase_order,2,NO_MR,char(15),NO,MUL,
inventory,purchase_order,3,SUPPLIER,smallint,NO,MUL,
inventory,purchase_order,4,TANGGAL,datetime,NO,,
inventory,purchase_order,5,KETERANGAN,text,NO,,
inventory,purchase_order,6,STATUS,int,NO,,
inventory,purchase_order,7,OLEH,int,NO,,
inventory,purchase_order,8,UPDATE_TIME,timestamp,NO,,"DEFAULT_GENERATED on update CURRENT_TIMESTAMP"
inventory,purchase_order_detil,1,ID,int,NO,PRI,auto_increment
inventory,purchase_order_detil,2,ID_PO,char(15),NO,MUL,
inventory,purchase_order_detil,3,BARANG,int,NO,MUL,
inventory,purchase_order_detil,4,ID_MR_DETIL,int,NO,,
inventory,purchase_order_detil,5,ID_SPH,int,NO,,
inventory,purchase_order_detil,6,JUMLAH,"decimal(10,2)",NO,,
inventory,purchase_order_detil,7,STATUS,int,NO,,
inventory,purchase_order_detil,8,OLEH,smallint,NO,,
inventory,purchase_order_detil,9,UPDATE_TIME,timestamp,NO,,"DEFAULT_GENERATED on update CURRENT_TIMESTAMP"
inventory,recalculation,1,BARANG_RUANGAN,int,NO,MUL,
inventory,recalculation,2,ID,char(23),NO,MUL,
inventory,recalculation,3,STATUS,tinyint,NO,MUL,
inventory,rumus_perencanaan,1,ID_RUMUS,int,NO,PRI,auto_increment
inventory,rumus_perencanaan,2,KATEGORI,char(1),NO,,
inventory,rumus_perencanaan,3,PERIODE_PERENCANAAN,int,NO,,
inventory,rumus_perencanaan,4,VOLUME_PRESENTASE,int,NO,,
inventory,rumus_perencanaan,5,LEAD_TIME,int,NO,,
inventory,rumus_perencanaan,6,STATUS,int,NO,,
inventory,rumus_perencanaan,7,OLEH,int,NO,,
inventory,rumus_perencanaan,8,UPDATE_TIME,timestamp,NO,,"DEFAULT_GENERATED on update CURRENT_TIMESTAMP"
inventory,satuan,1,ID,smallint,NO,PRI,auto_increment
inventory,satuan,2,NAMA,varchar(25),NO,MUL,
inventory,satuan,3,DESKRIPSI,varchar(50),NO,,
inventory,satuan,4,TANGGAL,datetime,NO,,
inventory,satuan,5,OLEH,smallint,NO,,
inventory,satuan,6,STATUS,tinyint,NO,,
inventory,stok_opname,1,ID,int,NO,PRI,auto_increment
inventory,stok_opname,2,RUANGAN,char(10),NO,MUL,
inventory,stok_opname,3,TANGGAL,date,NO,MUL,
inventory,stok_opname,4,TANGGAL_DIBUAT,datetime,NO,,
inventory,stok_opname,5,KETERANGAN,varchar(500),NO,,
inventory,stok_opname,6,OLEH,smallint,NO,,
inventory,stok_opname,7,STATUS,"enum('Batal','Proses','Final')",NO,,
inventory,stok_opname_detil,1,ID,"int unsigned",NO,PRI,auto_increment
inventory,stok_opname_detil,2,STOK_OPNAME,int,NO,MUL,
inventory,stok_opname_detil,3,BARANG_RUANGAN,int,NO,MUL,
inventory,stok_opname_detil,4,AWAL,"decimal(60,2)",NO,,
inventory,stok_opname_detil,5,SISTEM,"decimal(60,2)",YES,,
inventory,stok_opname_detil,6,MANUAL,"decimal(60,0)",YES,,
inventory,stok_opname_detil,7,BARANG_MASUK,"decimal(60,2)",YES,,
inventory,stok_opname_detil,8,BARANG_KELUAR,"decimal(60,2)",YES,,
inventory,stok_opname_detil,9,TANGGAL,date,YES,MUL,
inventory,stok_opname_detil,10,EXD,date,YES,,
inventory,stok_opname_detil,11,OLEH,smallint,NO,,
inventory,stok_opname_detil,12,STATUS,tinyint,NO,,
inventory,surat_penawaran_harga,1,NOMOR,char(21),NO,PRI,
inventory,surat_penawaran_harga,2,SUPPLIER,smallint,NO,MUL,
inventory,surat_penawaran_harga,3,PERIODE_AWAL,date,NO,,
inventory,surat_penawaran_harga,4,PERIODE_AKHIR,date,NO,,
inventory,surat_penawaran_harga,5,EXPIRED,date,NO,,
inventory,surat_penawaran_harga,6,STATUS,int,NO,,
inventory,surat_penawaran_harga,7,OLEH,int,NO,,
inventory,surat_penawaran_harga,8,TANGGAL,timestamp,NO,,"DEFAULT_GENERATED on update CURRENT_TIMESTAMP"
inventory,surat_penawaran_harga_detil,1,ID,int,NO,PRI,auto_increment
inventory,surat_penawaran_harga_detil,2,ID_PENAWARAN,char(21),NO,MUL,
inventory,surat_penawaran_harga_detil,3,BARANG,smallint,NO,,
inventory,surat_penawaran_harga_detil,4,HARGA,"decimal(10,2)",NO,,
inventory,surat_penawaran_harga_detil,5,DISKON_PERSEN,"decimal(10,2)",NO,,
inventory,surat_penawaran_harga_detil,6,DISKON_RUPIAH,"decimal(10,2)",NO,,
inventory,surat_penawaran_harga_detil,7,STATUS,int,NO,,
inventory,surat_penawaran_harga_detil,8,OLEH,int,NO,,
inventory,surat_penawaran_harga_detil,9,TANGGAL,timestamp,NO,,"DEFAULT_GENERATED on update CURRENT_TIMESTAMP"
inventory,transaksi_stok_ruangan,1,ID,char(23),NO,PRI,
inventory,transaksi_stok_ruangan,2,BARANG_RUANGAN,int,NO,MUL,
inventory,transaksi_stok_ruangan,3,JENIS,tinyint,NO,MUL,
inventory,transaksi_stok_ruangan,4,REF,char(25),NO,MUL,
inventory,transaksi_stok_ruangan,5,TANGGAL,datetime,NO,MUL,
inventory,transaksi_stok_ruangan,6,JUMLAH,"decimal(60,2)",NO,,
inventory,transaksi_stok_ruangan,7,STOK,"decimal(60,2)",NO,,
inventory,transaksi_stok_ruangan,8,FLAG,tinyint,NO,,
kemkes,data_kebutuhan_apd,1,id_kebutuhan,tinyint,NO,PRI,
kemkes,data_kebutuhan_apd,2,jumlah_eksisting,mediumint,NO,,
kemkes,data_kebutuhan_apd,3,jumlah,mediumint,NO,,
kemkes,data_kebutuhan_apd,4,jumlah_diterima,mediumint,NO,,
kemkes,data_kebutuhan_apd,5,baru,tinyint,NO,,
kemkes,data_kebutuhan_apd,6,tgl_kirim,datetime,YES,,
kemkes,data_kebutuhan_apd,7,kirim,tinyint,NO,MUL,
kemkes,data_kebutuhan_apd,8,response,varchar(500),YES,,
kemkes,data_kebutuhan_sdm,1,id_kebutuhan,tinyint,NO,PRI,
kemkes,data_kebutuhan_sdm,2,jumlah_eksisting,smallint,NO,,
kemkes,data_kebutuhan_sdm,3,jumlah,smallint,NO,,
kemkes,data_kebutuhan_sdm,4,jumlah_diterima,smallint,NO,,
kemkes,data_kebutuhan_sdm,5,baru,tinyint,NO,,
kemkes,data_kebutuhan_sdm,6,tgl_kirim,datetime,YES,,
kemkes,data_kebutuhan_sdm,7,kirim,tinyint,NO,MUL,
kemkes,data_kebutuhan_sdm,8,response,varchar(500),YES,,
kemkes,data_tempat_tidur,1,id,smallint,NO,PRI,auto_increment
kemkes,data_tempat_tidur,2,id_tt,smallint,NO,MUL,
kemkes,data_tempat_tidur,3,ruang,varchar(1000),NO,,
kemkes,data_tempat_tidur,4,jumlah_ruang,smallint,NO,,
kemkes,data_tempat_tidur,5,jumlah,smallint,NO,,
kemkes,data_tempat_tidur,6,terpakai,smallint,NO,,
kemkes,data_tempat_tidur,7,terpakai_suspek,smallint,NO,,
kemkes,data_tempat_tidur,8,terpakai_konfirmasi,smallint,NO,,
kemkes,data_tempat_tidur,9,prepare,smallint,NO,,
kemkes,data_tempat_tidur,10,prepare_plan,smallint,NO,,
kemkes,data_tempat_tidur,11,antrian,smallint,NO,,
kemkes,data_tempat_tidur,12,covid,tinyint,NO,,
kemkes,data_tempat_tidur,13,baru,tinyint,NO,,
kemkes,data_tempat_tidur,14,tgl_kirim,datetime,YES,,
kemkes,data_tempat_tidur,15,kirim,tinyint,NO,,
kemkes,data_tempat_tidur,16,response,varchar(500),YES,,
kemkes,diagnosa_pasien,1,id,int,NO,PRI,auto_increment
kemkes,diagnosa_pasien,2,nomr,int,NO,MUL,
kemkes,diagnosa_pasien,3,icd,char(10),NO,,
kemkes,diagnosa_pasien,4,level,tinyint,NO,,
kemkes,diagnosa_pasien,5,baru,tinyint,NO,,
kemkes,diagnosa_pasien,6,hapus,tinyint,NO,,
kemkes,diagnosa_pasien,7,tgl_kirim,datetime,YES,,
kemkes,diagnosa_pasien,8,kirim,tinyint,NO,MUL,
kemkes,diagnosa_pasien,9,response,varchar(500),YES,,
kemkes,diagnosa_pasien,10,dibuat_oleh,smallint,NO,,
kemkes,diagnosa_pasien,11,tgl_dibuat,datetime,NO,,DEFAULT_GENERATED
kemkes,diagnosa_pasien,12,diubah_oleh,smallint,YES,,
kemkes,diagnosa_pasien,13,tgl_diubah,datetime,YES,,
kemkes,icd_covid19,1,KODE,char(15),NO,PRI,
kemkes,icd_covid19,2,BAYI,tinyint,NO,,
kemkes,icd_covid19,3,JENIS,tinyint,NO,,
kemkes,icd_tb,1,KODE,char(6),NO,PRI,
kemkes,icd_tb,2,LOKASI_ANATOMI,tinyint,NO,,
kemkes,icd_tb,3,TIPE_DIAGNOSIS,tinyint,NO,,
kemkes,jenis_kelamin,1,id_gender,tinyint,NO,PRI,
kemkes,jenis_kelamin,2,gender,varchar(15),NO,,
kemkes,jenis_pasien,1,id_jenis_pasien,tinyint,NO,PRI,
kemkes,jenis_pasien,2,deskripsi,varchar(15),NO,,
kemkes,kabupaten,1,kode,char(10),NO,PRI,
kemkes,kabupaten,2,propinsi,char(2),NO,MUL,
kemkes,kabupaten,3,nama,varchar(100),NO,,
kemkes,kamar_simrs_rs_online,1,id,int,NO,PRI,auto_increment
kemkes,kamar_simrs_rs_online,2,ruang_kamar,smallint,NO,UNI,
kemkes,kamar_simrs_rs_online,3,tempat_tidur,smallint,NO,MUL,
kemkes,kamar_simrs_rs_online,4,covid,tinyint,NO,,
kemkes,kamar_simrs_rs_online,5,status,tinyint,NO,MUL,
kemkes,kebutuhan_apd,1,id_kebutuhan,tinyint,NO,PRI,
kemkes,kebutuhan_apd,2,kebutuhan,varchar(150),NO,,
kemkes,kebutuhan_sdm,1,id_kebutuhan,tinyint,NO,PRI,
kemkes,kebutuhan_sdm,2,kebutuhan,varchar(50),NO,,
kemkes,kecamatan,1,kode,char(10),NO,PRI,
kemkes,kecamatan,2,kabkota,char(4),NO,MUL,
kemkes,kecamatan,3,nama,varchar(100),NO,,
kemkes,kewarganegaraan,1,id_nation,smallint,NO,PRI,
kemkes,kewarganegaraan,2,nationality,varchar(50),NO,,
kemkes,pasien,1,nomr,int,NO,PRI,
kemkes,pasien,2,noc,char(25),NO,MUL,
kemkes,pasien,3,initial,varchar(15),NO,,
kemkes,pasien,4,nama_lengkap,varchar(75),NO,,
kemkes,pasien,5,tglmasuk,date,NO,,
kemkes,pasien,6,gender,tinyint,NO,,
kemkes,pasien,7,birthdate,date,NO,,
kemkes,pasien,8,kewarganegaraan,smallint,NO,,
kemkes,pasien,9,sumber_penularan,tinyint,NO,,
kemkes,pasien,10,kecamatan,char(25),NO,,
kemkes,pasien,11,tglkeluar,date,YES,,
kemkes,pasien,12,status_keluar,tinyint,NO,,
kemkes,pasien,13,tgl_lapor,datetime,YES,,
kemkes,pasien,14,status_rawat,tinyint,YES,,
kemkes,pasien,15,status_isolasi,tinyint,YES,,
kemkes,pasien,16,email,varchar(50),YES,,
kemkes,pasien,17,notelp,varchar(19),YES,,
kemkes,pasien,18,sebab_kematian,varchar(500),YES,,
kemkes,pasien,19,jenis_pasien,tinyint,NO,,
kemkes,pasien,20,baru,tinyint,NO,,
kemkes,pasien,21,hapus,tinyint,NO,,
kemkes,pasien,22,tgl_kirim,datetime,YES,,
kemkes,pasien,23,kirim,tinyint,NO,MUL,
kemkes,pasien,24,response,varchar(500),YES,,
kemkes,pasien,25,dibuat_oleh,smallint,NO,,
kemkes,pasien,26,tgl_dibuat,datetime,NO,,DEFAULT_GENERATED
kemkes,pasien,27,diubah_oleh,smallint,NO,,
kemkes,pasien,28,tgl_diubah,datetime,NO,,
kemkes,pasien_tb,1,id,int,NO,PRI,auto_increment
kemkes,pasien_tb,2,nourut_pasien,int,NO,MUL,
kemkes,pasien_tb,3,id_tb_03,char(30),YES,MUL,
kemkes,pasien_tb,4,id_periode_laporan,tinyint,NO,MUL,
kemkes,pasien_tb,5,tanggal_buat_laporan,datetime,NO,,
kemkes,pasien_tb,6,tahun_buat_laporan,year,NO,MUL,
kemkes,pasien_tb,7,kd_wasor,char(10),YES,,
kemkes,pasien_tb,8,noregkab,char(25),YES,,
kemkes,pasien_tb,9,kd_pasien,varchar(100),NO,,
kemkes,pasien_tb,10,nik,char(16),NO,,
kemkes,pasien_tb,11,jenis_kelamin,tinyint,NO,,
kemkes,pasien_tb,12,alamat_lengkap,varchar(150),YES,,
kemkes,pasien_tb,13,id_propinsi_faskes,char(2),NO,,
kemkes,pasien_tb,14,kd_kabupaten_faskes,char(4),NO,,
kemkes,pasien_tb,15,id_propinsi_pasien,char(2),NO,,
kemkes,pasien_tb,16,kd_kabupaten_pasien,char(4),NO,,
kemkes,pasien_tb,17,id_kecamatan_pasien,char(6),YES,,
kemkes,pasien_tb,18,id_kelurahan,char(10),YES,,
kemkes,pasien_tb,19,kd_fasyankes,char(7),YES,,
kemkes,pasien_tb,20,nama_rujukan,tinyint,NO,,
kemkes,pasien_tb,21,sebutkan1,varchar(100),YES,,
kemkes,pasien_tb,22,tipe_diagnosis,tinyint,NO,,
kemkes,pasien_tb,23,klasifikasi_lokasi_anatomi,tinyint,NO,,
kemkes,pasien_tb,24,klasifikasi_riwayat_pengobatan,tinyint,NO,,
kemkes,pasien_tb,25,klasifikasi_status_hiv,tinyint,NO,,
kemkes,pasien_tb,26,total_skoring_anak,tinyint,YES,,
kemkes,pasien_tb,27,konfirmasiSkoring5,tinyint,YES,,
kemkes,pasien_tb,28,konfirmasiSkoring6,tinyint,YES,,
kemkes,pasien_tb,29,tanggal_mulai_pengobatan,datetime,YES,,
kemkes,pasien_tb,30,paduan_oat,varchar(250),YES,,
kemkes,pasien_tb,31,sumber_obat,tinyint,YES,,
kemkes,pasien_tb,32,sebutkan,varchar(500),YES,,
kemkes,pasien_tb,33,sebelum_pengobatan_hasil_mikroskopis,tinyint,YES,,
kemkes,pasien_tb,34,sebelum_pengobatan_hasil_tes_cepat,tinyint,YES,,
kemkes,pasien_tb,35,sebelum_pengobatan_hasil_biakan,tinyint,YES,,
kemkes,pasien_tb,36,noreglab_bulan_2,char(25),YES,,
kemkes,pasien_tb,37,hasil_mikroskopis_bulan_2,tinyint,YES,,
kemkes,pasien_tb,38,noreglab_bulan_3,char(25),YES,,
kemkes,pasien_tb,39,hasil_mikroskopis_bulan_3,tinyint,YES,,
kemkes,pasien_tb,40,noreglab_bulan_5,char(25),YES,,
kemkes,pasien_tb,41,hasil_mikroskopis_bulan_5,tinyint,YES,,
kemkes,pasien_tb,42,akhir_pengobatan_noreglab,char(25),YES,,
kemkes,pasien_tb,43,akhir_pengobatan_hasil_mikroskopis,tinyint,YES,,
kemkes,pasien_tb,44,tanggal_hasil_akhir_pengobatan,date,YES,,
kemkes,pasien_tb,45,hasil_akhir_pengobatan,tinyint,YES,,
kemkes,pasien_tb,46,tanggal_dianjurkan_tes,date,YES,,
kemkes,pasien_tb,47,tanggal_tes_hiv,date,YES,,
kemkes,pasien_tb,48,hasil_tes_hiv,tinyint,YES,,
kemkes,pasien_tb,49,ppk,tinyint,YES,,
kemkes,pasien_tb,50,art,tinyint,YES,,
kemkes,pasien_tb,51,tb_dm,tinyint,YES,,
kemkes,pasien_tb,52,terapi_dm,tinyint,YES,,
kemkes,pasien_tb,53,pindah_ro,tinyint,YES,,
kemkes,pasien_tb,54,umur,tinyint,YES,,
kemkes,pasien_tb,55,status_pengobatan,tinyint,YES,,
kemkes,pasien_tb,56,foto_toraks,tinyint,YES,,
kemkes,pasien_tb,57,toraks_tdk_dilakukan,tinyint,YES,,
kemkes,pasien_tb,58,keterangan,varchar(100),YES,,
kemkes,pasien_tb,59,tahun,year,YES,MUL,
kemkes,pasien_tb,60,no_bpjs,char(25),YES,,
kemkes,pasien_tb,61,tgl_lahir,date,NO,,
kemkes,pasien_tb,62,kode_icd_x,char(6),NO,,
kemkes,pasien_tb,63,asal_poli,char(10),NO,,
kemkes,pasien_tb,64,tanggal_updated,timestamp,NO,,"DEFAULT_GENERATED on update CURRENT_TIMESTAMP"
kemkes,pasien_tb,65,oleh,smallint,NO,,
kemkes,pasien_tb,66,kirim,tinyint,NO,,
kemkes,pasien_tb,67,final,tinyint,NO,MUL,
kemkes,propinsi,1,prop_kode,char(2),NO,PRI,
kemkes,propinsi,2,propinsi_name,varchar(50),NO,,
kemkes,rekap_pasien_keluar,1,id,int,NO,PRI,auto_increment
kemkes,rekap_pasien_keluar,2,tanggal,date,NO,UNI,
kemkes,rekap_pasien_keluar,3,sembuh,smallint,NO,,
kemkes,rekap_pasien_keluar,4,discarded,smallint,NO,,
kemkes,rekap_pasien_keluar,5,meninggal_komorbid,smallint,NO,,
kemkes,rekap_pasien_keluar,6,meninggal_tanpa_komorbid,smallint,NO,,
kemkes,rekap_pasien_keluar,7,meninggal_prob_pre_komorbid,smallint,NO,,
kemkes,rekap_pasien_keluar,8,meninggal_prob_neo_komorbid,smallint,NO,,
kemkes,rekap_pasien_keluar,9,meninggal_prob_bayi_komorbid,smallint,NO,,
kemkes,rekap_pasien_keluar,10,meninggal_prob_balita_komorbid,smallint,NO,,
kemkes,rekap_pasien_keluar,11,meninggal_prob_anak_komorbid,smallint,NO,,
kemkes,rekap_pasien_keluar,12,meninggal_prob_remaja_komorbid,smallint,NO,,
kemkes,rekap_pasien_keluar,13,meninggal_prob_dws_komorbid,smallint,NO,,
kemkes,rekap_pasien_keluar,14,meninggal_prob_lansia_komorbid,smallint,NO,,
kemkes,rekap_pasien_keluar,15,meninggal_prob_pre_tanpa_komorbid,smallint,NO,,
kemkes,rekap_pasien_keluar,16,meninggal_prob_neo_tanpa_komorbid,smallint,NO,,
kemkes,rekap_pasien_keluar,17,meninggal_prob_bayi_tanpa_komorbid,smallint,NO,,
kemkes,rekap_pasien_keluar,18,meninggal_prob_balita_tanpa_komorbid,smallint,NO,,
kemkes,rekap_pasien_keluar,19,meninggal_prob_anak_tanpa_komorbid,smallint,NO,,
kemkes,rekap_pasien_keluar,20,meninggal_prob_remaja_tanpa_komorbid,smallint,NO,,
kemkes,rekap_pasien_keluar,21,meninggal_prob_dws_tanpa_komorbid,smallint,NO,,
kemkes,rekap_pasien_keluar,22,meninggal_prob_lansia_tanpa_komorbid,smallint,NO,,
kemkes,rekap_pasien_keluar,23,meninggal_discarded_komorbid,smallint,NO,,
kemkes,rekap_pasien_keluar,24,meninggal_discarded_tanpa_komorbid,smallint,NO,,
kemkes,rekap_pasien_keluar,25,dirujuk,smallint,NO,,
kemkes,rekap_pasien_keluar,26,isman,smallint,NO,,
kemkes,rekap_pasien_keluar,27,aps,smallint,NO,,
kemkes,rekap_pasien_keluar,28,baru,tinyint,NO,,
kemkes,rekap_pasien_keluar,29,tgl_kirim,datetime,YES,,
kemkes,rekap_pasien_keluar,30,kirim,tinyint,NO,MUL,
kemkes,rekap_pasien_keluar,31,response,varchar(500),YES,,
kemkes,rekap_pasien_komorbid,1,id,int,NO,PRI,auto_increment
kemkes,rekap_pasien_komorbid,2,tanggal,date,NO,UNI,
kemkes,rekap_pasien_komorbid,3,icu_dengan_ventilator_suspect_l,smallint,NO,,
kemkes,rekap_pasien_komorbid,4,icu_dengan_ventilator_suspect_p,smallint,NO,,
kemkes,rekap_pasien_komorbid,5,icu_dengan_ventilator_confirm_l,smallint,NO,,
kemkes,rekap_pasien_komorbid,6,icu_dengan_ventilator_confirm_p,smallint,NO,,
kemkes,rekap_pasien_komorbid,7,icu_tanpa_ventilator_suspect_l,smallint,NO,,
kemkes,rekap_pasien_komorbid,8,icu_tanpa_ventilator_suspect_p,smallint,NO,,
kemkes,rekap_pasien_komorbid,9,icu_tanpa_ventilator_confirm_l,smallint,NO,,
kemkes,rekap_pasien_komorbid,10,icu_tanpa_ventilator_confirm_p,smallint,NO,,
kemkes,rekap_pasien_komorbid,11,icu_tekanan_negatif_dengan_ventilator_suspect_l,smallint,NO,,
kemkes,rekap_pasien_komorbid,12,icu_tekanan_negatif_dengan_ventilator_suspect_p,smallint,NO,,
kemkes,rekap_pasien_komorbid,13,icu_tekanan_negatif_dengan_ventilator_confirm_l,smallint,NO,,
kemkes,rekap_pasien_komorbid,14,icu_tekanan_negatif_dengan_ventilator_confirm_p,smallint,NO,,
kemkes,rekap_pasien_komorbid,15,icu_tekanan_negatif_tanpa_ventilator_suspect_l,smallint,NO,,
kemkes,rekap_pasien_komorbid,16,icu_tekanan_negatif_tanpa_ventilator_suspect_p,smallint,NO,,
kemkes,rekap_pasien_komorbid,17,icu_tekanan_negatif_tanpa_ventilator_confirm_l,smallint,NO,,
kemkes,rekap_pasien_komorbid,18,icu_tekanan_negatif_tanpa_ventilator_confirm_p,smallint,NO,,
kemkes,rekap_pasien_komorbid,19,isolasi_tekanan_negatif_suspect_l,smallint,NO,,
kemkes,rekap_pasien_komorbid,20,isolasi_tekanan_negatif_suspect_p,smallint,NO,,
kemkes,rekap_pasien_komorbid,21,isolasi_tekanan_negatif_confirm_l,smallint,NO,,
kemkes,rekap_pasien_komorbid,22,isolasi_tekanan_negatif_confirm_p,smallint,NO,,
kemkes,rekap_pasien_komorbid,23,isolasi_tanpa_tekanan_negatif_suspect_l,smallint,NO,,
kemkes,rekap_pasien_komorbid,24,isolasi_tanpa_tekanan_negatif_suspect_p,smallint,NO,,
kemkes,rekap_pasien_komorbid,25,isolasi_tanpa_tekanan_negatif_confirm_l,smallint,NO,,
kemkes,rekap_pasien_komorbid,26,isolasi_tanpa_tekanan_negatif_confirm_p,smallint,NO,,
kemkes,rekap_pasien_komorbid,27,nicu_khusus_covid_suspect_l,smallint,NO,,
kemkes,rekap_pasien_komorbid,28,nicu_khusus_covid_suspect_p,smallint,NO,,
kemkes,rekap_pasien_komorbid,29,nicu_khusus_covid_confirm_l,smallint,NO,,
kemkes,rekap_pasien_komorbid,30,nicu_khusus_covid_confirm_p,smallint,NO,,
kemkes,rekap_pasien_komorbid,31,picu_khusus_covid_suspect_l,smallint,NO,,
kemkes,rekap_pasien_komorbid,32,picu_khusus_covid_suspect_p,smallint,NO,,
kemkes,rekap_pasien_komorbid,33,picu_khusus_covid_confirm_l,smallint,NO,,
kemkes,rekap_pasien_komorbid,34,picu_khusus_covid_confirm_p,smallint,NO,,
kemkes,rekap_pasien_komorbid,35,baru,tinyint,NO,,
kemkes,rekap_pasien_komorbid,36,tgl_kirim,datetime,YES,,
kemkes,rekap_pasien_komorbid,37,kirim,tinyint,NO,MUL,
kemkes,rekap_pasien_komorbid,38,response,varchar(500),YES,,
kemkes,rekap_pasien_masuk,1,id,int,NO,PRI,auto_increment
kemkes,rekap_pasien_masuk,2,tanggal,date,NO,UNI,
kemkes,rekap_pasien_masuk,3,igd_suspect_l,smallint,NO,,
kemkes,rekap_pasien_masuk,4,igd_suspect_p,smallint,NO,,
kemkes,rekap_pasien_masuk,5,igd_confirm_l,smallint,NO,,
kemkes,rekap_pasien_masuk,6,igd_confirm_p,smallint,NO,,
kemkes,rekap_pasien_masuk,7,rj_suspect_l,smallint,NO,,
kemkes,rekap_pasien_masuk,8,rj_suspect_p,smallint,NO,,
kemkes,rekap_pasien_masuk,9,rj_confirm_l,smallint,NO,,
kemkes,rekap_pasien_masuk,10,rj_confirm_p,smallint,NO,,
kemkes,rekap_pasien_masuk,11,ri_suspect_l,smallint,NO,,
kemkes,rekap_pasien_masuk,12,ri_suspect_p,smallint,NO,,
kemkes,rekap_pasien_masuk,13,ri_confirm_l,smallint,NO,,
kemkes,rekap_pasien_masuk,14,ri_confirm_p,smallint,NO,,
kemkes,rekap_pasien_masuk,15,baru,tinyint,NO,,
kemkes,rekap_pasien_masuk,16,tgl_kirim,datetime,YES,,
kemkes,rekap_pasien_masuk,17,kirim,tinyint,NO,MUL,
kemkes,rekap_pasien_masuk,18,response,varchar(500),YES,,
kemkes,rekap_pasien_nonkomorbid,1,id,int,NO,PRI,auto_increment
kemkes,rekap_pasien_nonkomorbid,2,tanggal,date,NO,UNI,
kemkes,rekap_pasien_nonkomorbid,3,icu_dengan_ventilator_suspect_l,smallint,NO,,
kemkes,rekap_pasien_nonkomorbid,4,icu_dengan_ventilator_suspect_p,smallint,NO,,
kemkes,rekap_pasien_nonkomorbid,5,icu_dengan_ventilator_confirm_l,smallint,NO,,
kemkes,rekap_pasien_nonkomorbid,6,icu_dengan_ventilator_confirm_p,smallint,NO,,
kemkes,rekap_pasien_nonkomorbid,7,icu_tanpa_ventilator_suspect_l,smallint,NO,,
kemkes,rekap_pasien_nonkomorbid,8,icu_tanpa_ventilator_suspect_p,smallint,NO,,
kemkes,rekap_pasien_nonkomorbid,9,icu_tanpa_ventilator_confirm_l,smallint,NO,,
kemkes,rekap_pasien_nonkomorbid,10,icu_tanpa_ventilator_confirm_p,smallint,NO,,
kemkes,rekap_pasien_nonkomorbid,11,icu_tekanan_negatif_dengan_ventilator_suspect_l,smallint,NO,,
kemkes,rekap_pasien_nonkomorbid,12,icu_tekanan_negatif_dengan_ventilator_suspect_p,smallint,NO,,
kemkes,rekap_pasien_nonkomorbid,13,icu_tekanan_negatif_dengan_ventilator_confirm_l,smallint,NO,,
kemkes,rekap_pasien_nonkomorbid,14,icu_tekanan_negatif_dengan_ventilator_confirm_p,smallint,NO,,
kemkes,rekap_pasien_nonkomorbid,15,icu_tekanan_negatif_tanpa_ventilator_suspect_l,smallint,NO,,
kemkes,rekap_pasien_nonkomorbid,16,icu_tekanan_negatif_tanpa_ventilator_suspect_p,smallint,NO,,
kemkes,rekap_pasien_nonkomorbid,17,icu_tekanan_negatif_tanpa_ventilator_confirm_l,smallint,NO,,
kemkes,rekap_pasien_nonkomorbid,18,icu_tekanan_negatif_tanpa_ventilator_confirm_p,smallint,NO,,
kemkes,rekap_pasien_nonkomorbid,19,isolasi_tekanan_negatif_suspect_l,smallint,NO,,
kemkes,rekap_pasien_nonkomorbid,20,isolasi_tekanan_negatif_suspect_p,smallint,NO,,
kemkes,rekap_pasien_nonkomorbid,21,isolasi_tekanan_negatif_confirm_l,smallint,NO,,
kemkes,rekap_pasien_nonkomorbid,22,isolasi_tekanan_negatif_confirm_p,smallint,NO,,
kemkes,rekap_pasien_nonkomorbid,23,isolasi_tanpa_tekanan_negatif_suspect_l,smallint,NO,,
kemkes,rekap_pasien_nonkomorbid,24,isolasi_tanpa_tekanan_negatif_suspect_p,smallint,NO,,
kemkes,rekap_pasien_nonkomorbid,25,isolasi_tanpa_tekanan_negatif_confirm_l,smallint,NO,,
kemkes,rekap_pasien_nonkomorbid,26,isolasi_tanpa_tekanan_negatif_confirm_p,smallint,NO,,
kemkes,rekap_pasien_nonkomorbid,27,nicu_khusus_covid_suspect_l,smallint,NO,,
kemkes,rekap_pasien_nonkomorbid,28,nicu_khusus_covid_suspect_p,smallint,NO,,
kemkes,rekap_pasien_nonkomorbid,29,nicu_khusus_covid_confirm_l,smallint,NO,,
kemkes,rekap_pasien_nonkomorbid,30,nicu_khusus_covid_confirm_p,smallint,NO,,
kemkes,rekap_pasien_nonkomorbid,31,picu_khusus_covid_suspect_l,smallint,NO,,
kemkes,rekap_pasien_nonkomorbid,32,picu_khusus_covid_suspect_p,smallint,NO,,
kemkes,rekap_pasien_nonkomorbid,33,picu_khusus_covid_confirm_l,smallint,NO,,
kemkes,rekap_pasien_nonkomorbid,34,picu_khusus_covid_confirm_p,smallint,NO,,
kemkes,rekap_pasien_nonkomorbid,35,baru,tinyint,NO,,
kemkes,rekap_pasien_nonkomorbid,36,tgl_kirim,datetime,YES,,
kemkes,rekap_pasien_nonkomorbid,37,kirim,tinyint,NO,MUL,
kemkes,rekap_pasien_nonkomorbid,38,response,varchar(500),YES,,
kemkes,reservasi_antrian,1,ID,int,NO,PRI,auto_increment
kemkes,reservasi_antrian,2,PASIEN,int,NO,MUL,
kemkes,reservasi_antrian,3,NAMA,varchar(75),YES,,
kemkes,reservasi_antrian,4,TEMPAT_LAHIR,varchar(35),YES,,
kemkes,reservasi_antrian,5,TANGGAL_LAHIR,datetime,YES,,
kemkes,reservasi_antrian,6,KONTAK,varchar(50),YES,,
kemkes,reservasi_antrian,7,JENIS,tinyint,NO,,
kemkes,reservasi_antrian,8,TANGGAL_DAFTAR,datetime,YES,,
kemkes,reservasi_antrian,9,TANGGAL_KUNJUNGAN,date,NO,MUL,
kemkes,reservasi_antrian,10,RUANGAN,char(10),NO,MUL,
kemkes,reservasi_antrian,11,DOKTER,char(10),YES,,
kemkes,reservasi_antrian,12,PENJAMIN,smallint,YES,,
kemkes,reservasi_antrian,13,NOMOR,smallint,NO,,
kemkes,reservasi_antrian,14,JAM,time,NO,,
kemkes,reservasi_antrian,15,DIBUAT_TANGGAL,timestamp,NO,,DEFAULT_GENERATED
kemkes,reservasi_antrian,16,STATUS,tinyint,NO,,
kemkes,rujukan,1,NOMOR,char(25),NO,PRI,
kemkes,rujukan,2,REF,char(10),NO,UNI,
kemkes,rujukan,3,JENIS_RUJUKAN,tinyint,NO,,
kemkes,rujukan,4,TANGGAL,datetime,NO,,
kemkes,rujukan,5,FASKES_TUJUAN,char(15),NO,,
kemkes,rujukan,6,ALASAN,char(2),NO,,
kemkes,rujukan,7,ALASAN_LAINNYA,varchar(350),NO,,
kemkes,rujukan,8,DIAGNOSA,char(6),NO,,
kemkes,rujukan,9,NIK_DOKTER,char(16),NO,,
kemkes,rujukan,10,NAMA_DOKTER,varchar(75),NO,,
kemkes,rujukan,11,NIK_PETUGAS,char(16),NO,,
kemkes,rujukan,12,NAMA_PETUGAS,varchar(75),NO,,
kemkes,rujukan,13,NIK_PETUGAS_PEMBATALAN,char(16),YES,,
kemkes,rujukan,14,NAMA_PETUGAS_PEMBATALAN,varchar(75),YES,,
kemkes,rujukan,15,STATUS,tinyint,NO,,
kemkes,rujukan,16,STATUS_DITERIMA,tinyint,YES,,
kemkes,rujukan,17,KETERANGAN,text,YES,,
kemkes,sitt,1,id,int,NO,PRI,auto_increment
kemkes,sitt,2,nourut_pasien,int,NO,MUL,
kemkes,sitt,3,id_tb_03,char(25),YES,MUL,
kemkes,sitt,4,id_periode_laporan,tinyint,NO,MUL,
kemkes,sitt,5,tanggal_buat_laporan,datetime,NO,,
kemkes,sitt,6,tahun_buat_laporan,year,NO,MUL,
kemkes,sitt,7,kd_wasor,char(10),YES,,
kemkes,sitt,8,noregkab,char(25),YES,,
kemkes,sitt,9,kd_pasien,varchar(100),NO,,
kemkes,sitt,10,nik,char(16),NO,,
kemkes,sitt,11,jenis_kelamin,tinyint,NO,,
kemkes,sitt,12,alamat_lengkap,varchar(150),YES,,
kemkes,sitt,13,id_propinsi,char(2),NO,,
kemkes,sitt,14,kd_kabupaten,char(4),NO,,
kemkes,sitt,15,id_kecamatan,char(6),YES,,
kemkes,sitt,16,id_kelurahan,char(10),YES,,
kemkes,sitt,17,kd_fasyankes,char(7),YES,,
kemkes,sitt,18,nama_rujukan,tinyint,NO,,
kemkes,sitt,19,sebutkan1,varchar(100),YES,,
kemkes,sitt,20,tipe_diagnosis,tinyint,NO,,
kemkes,sitt,21,klasifikasi_lokasi_anatomi,tinyint,NO,,
kemkes,sitt,22,klasifikasi_riwayat_pengobatan,tinyint,NO,,
kemkes,sitt,23,klasifikasi_status_hiv,tinyint,NO,,
kemkes,sitt,24,total_skoring_anak,tinyint,YES,,
kemkes,sitt,25,konfirmasiSkoring5,tinyint,YES,,
kemkes,sitt,26,konfirmasiSkoring6,tinyint,YES,,
kemkes,sitt,27,tanggal_mulai_pengobatan,datetime,NO,,
kemkes,sitt,28,paduan_oat,tinyint,YES,,
kemkes,sitt,29,sumber_obat,tinyint,YES,,
kemkes,sitt,30,sebutkan,varchar(250),YES,,
kemkes,sitt,31,sebelum_pengobatan_hasil_mikroskopis,tinyint,YES,,
kemkes,sitt,32,sebelum_pengobatan_hasil_tes_cepat,tinyint,YES,,
kemkes,sitt,33,sebelum_pengobatan_hasil_biakan,tinyint,YES,,
kemkes,sitt,34,noreglab_bulan_2,char(25),YES,,
kemkes,sitt,35,hasil_mikroskopis_bulan_2,tinyint,YES,,
kemkes,sitt,36,noreglab_bulan_3,char(25),YES,,
kemkes,sitt,37,hasil_mikroskopis_bulan_3,tinyint,YES,,
kemkes,sitt,38,noreglab_bulan_5,char(25),YES,,
kemkes,sitt,39,hasil_mikroskopis_bulan_5,tinyint,YES,,
kemkes,sitt,40,akhir_pengobatan_noreglab,char(25),YES,,
kemkes,sitt,41,akhir_pengobatan_hasil_mikroskopis,tinyint,YES,,
kemkes,sitt,42,tanggal_hasil_akhir_pengobatan,date,YES,,
kemkes,sitt,43,hasil_akhir_pengobatan,tinyint,YES,,
kemkes,sitt,44,tanggal_dianjurkan_tes,date,YES,,
kemkes,sitt,45,tanggal_tes_hiv,date,YES,,
kemkes,sitt,46,hasil_tes_hiv,tinyint,YES,,
kemkes,sitt,47,ppk,tinyint,YES,,
kemkes,sitt,48,art,tinyint,YES,,
kemkes,sitt,49,tb_dm,tinyint,YES,,
kemkes,sitt,50,terapi_dm,tinyint,YES,,
kemkes,sitt,51,umur,tinyint,YES,,
kemkes,sitt,52,status_pengobatan,tinyint,YES,,
kemkes,sitt,53,foto_toraks,tinyint,YES,,
kemkes,sitt,54,toraks_tdk_dilakukan,tinyint,YES,,
kemkes,sitt,55,pindah_ro,tinyint,YES,,
kemkes,sitt,56,keterangan,varchar(100),YES,,
kemkes,sitt,57,tahun,year,YES,MUL,
kemkes,sitt,58,no_bpjs,char(25),YES,,
kemkes,sitt,59,tgl_lahir,date,NO,,
kemkes,sitt,60,kode_icd_x,char(6),NO,,
kemkes,sitt,61,tanggal_updated,timestamp,NO,,"DEFAULT_GENERATED on update CURRENT_TIMESTAMP"
kemkes,sitt,62,oleh,smallint,NO,,
kemkes,sitt,63,kirim,tinyint,NO,,
kemkes,status_isolasi,1,id_isolasi,tinyint,NO,PRI,
kemkes,status_isolasi,2,id_status_rawat,tinyint,NO,MUL,
kemkes,status_isolasi,3,status_isolasi,varchar(150),NO,,
kemkes,status_keluar,1,id_status,tinyint,NO,PRI,
kemkes,status_keluar,2,status,varchar(25),NO,,
kemkes,status_rawat,1,id_status_rawat,tinyint,NO,PRI,
kemkes,status_rawat,2,status,varchar(100),YES,,
kemkes,sumber_penularan,1,id_source,tinyint,NO,PRI,
kemkes,sumber_penularan,2,sources,varchar(50),NO,,
kemkes,tempat_tidur,1,kode_tt,tinyint,NO,PRI,
kemkes,tempat_tidur,2,nama_tt,varchar(150),NO,,
kemkes,tempat_tidur,3,status,tinyint,NO,,
kemkes,terkonfirmasi_tb,1,ID,int,NO,PRI,auto_increment
kemkes,terkonfirmasi_tb,2,NORM,int,NO,MUL,
kemkes,terkonfirmasi_tb,3,KUNJUNGAN,char(19),NO,MUL,
kemkes,terkonfirmasi_tb,4,DIAGNOSA,char(6),NO,,
kemkes,terkonfirmasi_tb,5,TANGGAL,datetime,NO,,
kemkes,terkonfirmasi_tb,6,STATUS,tinyint,NO,,
kemkes-ihs,account,1,tableId,bigint,NO,PRI,auto_increment
kemkes-ihs,account,2,id,char(36),YES,MUL,
kemkes-ihs,account,3,meta,json,YES,,
kemkes-ihs,account,4,status,"enum('active','inactive','entered-in-error','on-hold','unknown')",NO,MUL,
kemkes-ihs,account,5,type,json,YES,,
kemkes-ihs,account,6,name,varchar(150),YES,,
kemkes-ihs,account,7,subject,json,YES,,
kemkes-ihs,account,8,servicePeriod,json,YES,,
kemkes-ihs,account,9,coverage,json,YES,,
kemkes-ihs,account,10,owner,json,YES,,
kemkes-ihs,account,11,description,varchar(150),YES,,
kemkes-ihs,account,12,refId,char(10),NO,MUL,
kemkes-ihs,account,13,sendDate,timestamp,YES,,"on update CURRENT_TIMESTAMP"
kemkes-ihs,account,14,send,tinyint,NO,MUL,
kemkes-ihs,allergy_intolerance,1,id,char(36),YES,MUL,
kemkes-ihs,allergy_intolerance,2,identifier,json,YES,,
kemkes-ihs,allergy_intolerance,3,clinicalStatus,json,YES,,
kemkes-ihs,allergy_intolerance,4,verificationStatus,json,YES,,
kemkes-ihs,allergy_intolerance,5,category,json,YES,,
kemkes-ihs,allergy_intolerance,6,code,json,YES,,
kemkes-ihs,allergy_intolerance,7,patient,json,YES,,
kemkes-ihs,allergy_intolerance,8,encounter,json,YES,,
kemkes-ihs,allergy_intolerance,9,recordedDate,varchar(50),YES,,
kemkes-ihs,allergy_intolerance,10,recorder,json,YES,,
kemkes-ihs,allergy_intolerance,11,refId,int,NO,PRI,
kemkes-ihs,allergy_intolerance,12,nopen,char(10),NO,MUL,
kemkes-ihs,allergy_intolerance,13,sendDate,timestamp,YES,,"DEFAULT_GENERATED on update CURRENT_TIMESTAMP"
kemkes-ihs,allergy_intolerance,14,send,tinyint(1),NO,MUL,
kemkes-ihs,barang_to_bza,1,ID,int,NO,PRI,auto_increment
kemkes-ihs,barang_to_bza,2,BARANG,int,NO,MUL,
kemkes-ihs,barang_to_bza,3,KODE_BZA,char(10),YES,MUL,
kemkes-ihs,barang_to_bza,4,DOSIS_KFA,"decimal(6,2)",NO,,
kemkes-ihs,barang_to_bza,5,SATUAN_DOSIS_KFA,smallint,NO,,
kemkes-ihs,barang_to_bza,6,DOSIS_PERSATUAN,"decimal(6,2)",NO,,
kemkes-ihs,barang_to_bza,7,SATUAN,smallint,NO,,
kemkes-ihs,barang_to_bza,8,STATUS,tinyint(1),NO,MUL,
kemkes-ihs,barang_to_poa_pov,1,BARANG,int,NO,PRI,
kemkes-ihs,barang_to_poa_pov,2,KODE_POA,char(10),YES,MUL,
kemkes-ihs,barang_to_poa_pov,3,KODE_POV,char(10),YES,MUL,
kemkes-ihs,barang_to_poa_pov,4,RUTE_OBAT,smallint,NO,,
kemkes-ihs,barang_to_poa_pov,5,STATUS,tinyint(1),NO,MUL,
kemkes-ihs,bza,1,id,char(10),NO,PRI,
kemkes-ihs,bza,2,display,varchar(300),NO,,
kemkes-ihs,bza,3,unit_of_mesure,varchar(80),NO,,
kemkes-ihs,bza,4,url,varchar(350),NO,,
kemkes-ihs,bza,5,status,tinyint(1),NO,MUL,
kemkes-ihs,care_plan,1,id,varchar(50),YES,MUL,
kemkes-ihs,care_plan,2,title,varchar(300),NO,MUL,
kemkes-ihs,care_plan,3,status,char(50),NO,,
kemkes-ihs,care_plan,4,category,json,YES,,
kemkes-ihs,care_plan,5,intent,char(50),NO,,
kemkes-ihs,care_plan,6,description,text,NO,,
kemkes-ihs,care_plan,7,subject,json,YES,,
kemkes-ihs,care_plan,8,encounter,json,YES,,
kemkes-ihs,care_plan,9,created,varchar(150),NO,,
kemkes-ihs,care_plan,10,author,json,NO,,
kemkes-ihs,care_plan,11,refId,int,NO,PRI,
kemkes-ihs,care_plan,12,jenis,int,NO,PRI,
kemkes-ihs,care_plan,13,nopen,char(20),NO,PRI,
kemkes-ihs,care_plan,14,sendDate,timestamp,NO,,"DEFAULT_GENERATED on update CURRENT_TIMESTAMP"
kemkes-ihs,care_plan,15,send,tinyint,NO,MUL,
kemkes-ihs,care_plan_jadwal_kontrol,1,id,varchar(50),YES,MUL,
kemkes-ihs,care_plan_jadwal_kontrol,2,title,varchar(300),NO,MUL,
kemkes-ihs,care_plan_jadwal_kontrol,3,status,char(50),NO,,
kemkes-ihs,care_plan_jadwal_kontrol,4,category,json,YES,,
kemkes-ihs,care_plan_jadwal_kontrol,5,intent,char(50),NO,,
kemkes-ihs,care_plan_jadwal_kontrol,6,description,text,NO,,
kemkes-ihs,care_plan_jadwal_kontrol,7,subject,json,YES,,
kemkes-ihs,care_plan_jadwal_kontrol,8,encounter,json,YES,,
kemkes-ihs,care_plan_jadwal_kontrol,9,created,varchar(150),NO,,
kemkes-ihs,care_plan_jadwal_kontrol,10,author,json,NO,,
kemkes-ihs,care_plan_jadwal_kontrol,11,refId,int,NO,PRI,
kemkes-ihs,care_plan_jadwal_kontrol,12,nopen,char(20),NO,MUL,
kemkes-ihs,care_plan_jadwal_kontrol,13,sendDate,timestamp,NO,,"DEFAULT_GENERATED on update CURRENT_TIMESTAMP"
kemkes-ihs,care_plan_jadwal_kontrol,14,send,tinyint,NO,MUL,
kemkes-ihs,code_reference,1,id,int,NO,PRI,auto_increment
kemkes-ihs,code_reference,2,resources,varchar(150),NO,MUL,
kemkes-ihs,code_reference,3,entity,varchar(150),NO,,
kemkes-ihs,code_reference,4,system,varchar(150),NO,,
kemkes-ihs,code_reference,5,status,tinyint,NO,MUL,
kemkes-ihs,composition,1,id,char(36),YES,MUL,
kemkes-ihs,composition,2,identifier,json,YES,,
kemkes-ihs,composition,3,status,char(50),NO,,
kemkes-ihs,composition,4,type,json,YES,,
kemkes-ihs,composition,5,category,json,YES,,
kemkes-ihs,composition,6,subject,json,YES,,
kemkes-ihs,composition,7,encounter,json,YES,,
kemkes-ihs,composition,8,date,varchar(50),YES,,
kemkes-ihs,composition,9,author,json,YES,,
kemkes-ihs,composition,10,title,varchar(150),YES,,
kemkes-ihs,composition,11,confidentiality,json,YES,,
kemkes-ihs,composition,12,attester,json,YES,,
kemkes-ihs,composition,13,custodian,json,YES,,
kemkes-ihs,composition,14,relatesTo,json,YES,,
kemkes-ihs,composition,15,event,json,YES,,
kemkes-ihs,composition,16,section,json,YES,,
kemkes-ihs,composition,17,refId,int,NO,PRI,
kemkes-ihs,composition,18,nopen,char(10),NO,MUL,
kemkes-ihs,composition,19,sendDate,timestamp,YES,,"DEFAULT_GENERATED on update CURRENT_TIMESTAMP"
kemkes-ihs,composition,20,send,tinyint(1),NO,MUL,
kemkes-ihs,condition,1,id,char(36),YES,MUL,
kemkes-ihs,condition,2,identifier,json,YES,,
kemkes-ihs,condition,3,clinicalStatus,json,YES,,
kemkes-ihs,condition,4,verificationStatus,json,YES,,
kemkes-ihs,condition,5,category,json,YES,,
kemkes-ihs,condition,6,severity,varchar(250),NO,,
kemkes-ihs,condition,7,code,json,YES,,
kemkes-ihs,condition,8,bodySite,varchar(250),NO,,
kemkes-ihs,condition,9,subject,json,YES,,
kemkes-ihs,condition,10,encounter,json,YES,,
kemkes-ihs,condition,11,refId,int,NO,PRI,
kemkes-ihs,condition,12,nopen,char(10),YES,MUL,
kemkes-ihs,condition,13,sendDate,timestamp,NO,,"DEFAULT_GENERATED on update CURRENT_TIMESTAMP"
kemkes-ihs,condition,14,send,tinyint,NO,MUL,
kemkes-ihs,condition_anamnesis,1,id,char(36),YES,MUL,
kemkes-ihs,condition_anamnesis,2,identifier,json,YES,,
kemkes-ihs,condition_anamnesis,3,clinicalStatus,json,YES,,
kemkes-ihs,condition_anamnesis,4,verificationStatus,json,YES,,
kemkes-ihs,condition_anamnesis,5,category,json,YES,,
kemkes-ihs,condition_anamnesis,6,severity,varchar(250),YES,,
kemkes-ihs,condition_anamnesis,7,code,json,YES,,
kemkes-ihs,condition_anamnesis,8,bodySite,varchar(250),YES,,
kemkes-ihs,condition_anamnesis,9,stage,json,YES,,
kemkes-ihs,condition_anamnesis,10,subject,json,YES,,
kemkes-ihs,condition_anamnesis,11,encounter,json,YES,,
kemkes-ihs,condition_anamnesis,12,recordedDate,varchar(30),NO,,
kemkes-ihs,condition_anamnesis,13,recorder,json,YES,,
kemkes-ihs,condition_anamnesis,14,note,json,YES,,
kemkes-ihs,condition_anamnesis,15,onsetAge,json,YES,,
kemkes-ihs,condition_anamnesis,16,onsetPeriod,json,YES,,
kemkes-ihs,condition_anamnesis,17,refId,int,NO,PRI,
kemkes-ihs,condition_anamnesis,18,kunjungan,char(19),NO,MUL,
kemkes-ihs,condition_anamnesis,19,nopen,char(10),YES,MUL,
kemkes-ihs,condition_anamnesis,20,sendDate,timestamp,NO,,"DEFAULT_GENERATED on update CURRENT_TIMESTAMP"
kemkes-ihs,condition_anamnesis,21,send,tinyint,NO,MUL,
kemkes-ihs,condition_hasil_pa,1,id,char(36),YES,MUL,
kemkes-ihs,condition_hasil_pa,2,identifier,json,YES,,
kemkes-ihs,condition_hasil_pa,3,clinicalStatus,json,YES,,
kemkes-ihs,condition_hasil_pa,4,verificationStatus,json,YES,,
kemkes-ihs,condition_hasil_pa,5,category,json,YES,,
kemkes-ihs,condition_hasil_pa,6,severity,varchar(250),NO,,
kemkes-ihs,condition_hasil_pa,7,code,json,YES,,
kemkes-ihs,condition_hasil_pa,8,bodySite,varchar(250),NO,,
kemkes-ihs,condition_hasil_pa,9,stage,json,YES,,
kemkes-ihs,condition_hasil_pa,10,subject,json,YES,,
kemkes-ihs,condition_hasil_pa,11,encounter,json,YES,,
kemkes-ihs,condition_hasil_pa,12,recordedDate,varchar(30),NO,,
kemkes-ihs,condition_hasil_pa,13,refId,int,NO,PRI,
kemkes-ihs,condition_hasil_pa,14,kunjungan,char(19),NO,MUL,
kemkes-ihs,condition_hasil_pa,15,nopen,char(10),YES,MUL,
kemkes-ihs,condition_hasil_pa,16,sendDate,timestamp,NO,,"DEFAULT_GENERATED on update CURRENT_TIMESTAMP"
kemkes-ihs,condition_hasil_pa,17,send,tinyint,NO,MUL,
kemkes-ihs,condition_penilaian_tumor,1,id,char(36),YES,MUL,
kemkes-ihs,condition_penilaian_tumor,2,identifier,json,YES,,
kemkes-ihs,condition_penilaian_tumor,3,clinicalStatus,json,YES,,
kemkes-ihs,condition_penilaian_tumor,4,verificationStatus,json,YES,,
kemkes-ihs,condition_penilaian_tumor,5,category,json,YES,,
kemkes-ihs,condition_penilaian_tumor,6,severity,varchar(250),NO,,
kemkes-ihs,condition_penilaian_tumor,7,code,json,YES,,
kemkes-ihs,condition_penilaian_tumor,8,bodySite,json,YES,,
kemkes-ihs,condition_penilaian_tumor,9,stage,json,YES,,
kemkes-ihs,condition_penilaian_tumor,10,subject,json,YES,,
kemkes-ihs,condition_penilaian_tumor,11,encounter,json,YES,,
kemkes-ihs,condition_penilaian_tumor,12,recordedDate,varchar(30),NO,,
kemkes-ihs,condition_penilaian_tumor,13,refId,int,NO,PRI,
kemkes-ihs,condition_penilaian_tumor,14,jenis,tinyint,NO,PRI,
kemkes-ihs,condition_penilaian_tumor,15,kunjungan,char(19),NO,MUL,
kemkes-ihs,condition_penilaian_tumor,16,nopen,char(10),YES,MUL,
kemkes-ihs,condition_penilaian_tumor,17,sendDate,timestamp,NO,,"DEFAULT_GENERATED on update CURRENT_TIMESTAMP"
kemkes-ihs,condition_penilaian_tumor,18,send,tinyint,NO,MUL,
kemkes-ihs,condition_riwayat_penyakit_dahulu,1,id,char(36),YES,MUL,
kemkes-ihs,condition_riwayat_penyakit_dahulu,2,identifier,json,YES,,
kemkes-ihs,condition_riwayat_penyakit_dahulu,3,clinicalStatus,json,YES,,
kemkes-ihs,condition_riwayat_penyakit_dahulu,4,verificationStatus,json,YES,,
kemkes-ihs,condition_riwayat_penyakit_dahulu,5,category,json,YES,,
kemkes-ihs,condition_riwayat_penyakit_dahulu,6,severity,varchar(250),NO,,
kemkes-ihs,condition_riwayat_penyakit_dahulu,7,code,json,YES,,
kemkes-ihs,condition_riwayat_penyakit_dahulu,8,bodySite,varchar(250),NO,,
kemkes-ihs,condition_riwayat_penyakit_dahulu,9,stage,json,YES,,
kemkes-ihs,condition_riwayat_penyakit_dahulu,10,subject,json,YES,,
kemkes-ihs,condition_riwayat_penyakit_dahulu,11,encounter,json,YES,,
kemkes-ihs,condition_riwayat_penyakit_dahulu,12,recordedDate,varchar(30),NO,,
kemkes-ihs,condition_riwayat_penyakit_dahulu,13,recorder,json,YES,,
kemkes-ihs,condition_riwayat_penyakit_dahulu,14,note,json,YES,,
kemkes-ihs,condition_riwayat_penyakit_dahulu,15,onsetAge,json,YES,,
kemkes-ihs,condition_riwayat_penyakit_dahulu,16,onsetPeriod,json,YES,,
kemkes-ihs,condition_riwayat_penyakit_dahulu,17,refId,int,NO,PRI,
kemkes-ihs,condition_riwayat_penyakit_dahulu,18,kunjungan,char(19),NO,MUL,
kemkes-ihs,condition_riwayat_penyakit_dahulu,19,nopen,char(10),YES,MUL,
kemkes-ihs,condition_riwayat_penyakit_dahulu,20,sendDate,timestamp,NO,,"DEFAULT_GENERATED on update CURRENT_TIMESTAMP"
kemkes-ihs,condition_riwayat_penyakit_dahulu,21,send,tinyint,NO,MUL,
kemkes-ihs,consent,1,id,char(36),YES,MUL,
kemkes-ihs,consent,2,status,varchar(50),YES,,
kemkes-ihs,consent,3,scope,json,YES,,
kemkes-ihs,consent,4,category,json,YES,,
kemkes-ihs,consent,5,patient,json,YES,,
kemkes-ihs,consent,6,dateTime,varchar(50),NO,,
kemkes-ihs,consent,7,organization,json,YES,,
kemkes-ihs,consent,8,policyRule,json,YES,,
kemkes-ihs,consent,9,provision,json,YES,,
kemkes-ihs,consent,10,bodySend,json,YES,,
kemkes-ihs,consent,11,norm,int,NO,MUL,
kemkes-ihs,consent,12,refId,char(50),NO,PRI,
kemkes-ihs,consent,13,sendDate,timestamp,NO,,"DEFAULT_GENERATED on update CURRENT_TIMESTAMP"
kemkes-ihs,consent,14,send,tinyint,NO,MUL,
kemkes-ihs,coverage,1,tableId,bigint,NO,PRI,auto_increment
kemkes-ihs,coverage,2,id,char(36),YES,MUL,
kemkes-ihs,coverage,3,meta,json,YES,,
kemkes-ihs,coverage,4,identifier,json,YES,,
kemkes-ihs,coverage,5,status,"enum('active','cancelled','draft','entered-in-error')",NO,MUL,
kemkes-ihs,coverage,6,type,json,YES,,
kemkes-ihs,coverage,7,subscriberId,char(25),YES,MUL,
kemkes-ihs,coverage,8,beneficiary,json,YES,,
kemkes-ihs,coverage,9,payor,json,YES,,
kemkes-ihs,coverage,10,class,json,YES,,
kemkes-ihs,coverage,11,extension,json,YES,,
kemkes-ihs,coverage,12,refId,int,NO,MUL,
kemkes-ihs,coverage,13,penjaminId,tinyint,NO,MUL,
kemkes-ihs,coverage,14,sendDate,timestamp,YES,,"on update CURRENT_TIMESTAMP"
kemkes-ihs,coverage,15,send,tinyint,NO,MUL,
kemkes-ihs,diagnosa_to_eof,1,KODE_DIAGNOSA,char(10),NO,PRI,
kemkes-ihs,diagnosa_to_eof,2,TYPE_EOC,tinyint,NO,,
kemkes-ihs,diagnosa_to_eof,3,STATUS,tinyint,NO,MUL,
kemkes-ihs,diagnostic_report,1,id,char(36),YES,MUL,
kemkes-ihs,diagnostic_report,2,identifier,json,YES,,
kemkes-ihs,diagnostic_report,3,basedOn,json,YES,,
kemkes-ihs,diagnostic_report,4,status,varchar(30),NO,,
kemkes-ihs,diagnostic_report,5,category,json,YES,,
kemkes-ihs,diagnostic_report,6,code,json,YES,,
kemkes-ihs,diagnostic_report,7,subject,json,YES,,
kemkes-ihs,diagnostic_report,8,encounter,json,YES,,
kemkes-ihs,diagnostic_report,9,effectiveDateTime,varchar(50),NO,,
kemkes-ihs,diagnostic_report,10,issued,varchar(30),NO,,
kemkes-ihs,diagnostic_report,11,performer,json,YES,,
kemkes-ihs,diagnostic_report,12,resultInterpreter,json,YES,,
kemkes-ihs,diagnostic_report,13,specimen,json,YES,,
kemkes-ihs,diagnostic_report,14,result,json,YES,,
kemkes-ihs,diagnostic_report,15,imagingStudy,json,YES,,
kemkes-ihs,diagnostic_report,16,media,json,YES,,
kemkes-ihs,diagnostic_report,17,conclusion,text,YES,,
kemkes-ihs,diagnostic_report,18,conclusionCode,json,YES,,
kemkes-ihs,diagnostic_report,19,presentedForm,json,YES,,
kemkes-ihs,diagnostic_report,20,refId,char(11),NO,PRI,
kemkes-ihs,diagnostic_report,21,nopen,char(10),NO,MUL,
kemkes-ihs,diagnostic_report,22,sendDate,timestamp,NO,,"DEFAULT_GENERATED on update CURRENT_TIMESTAMP"
kemkes-ihs,diagnostic_report,23,send,tinyint(1),NO,MUL,
kemkes-ihs,encounter,1,id,char(36),YES,MUL,
kemkes-ihs,encounter,2,identifier,json,YES,,
kemkes-ihs,encounter,3,status,char(30),YES,,
kemkes-ihs,encounter,4,class,json,YES,,
kemkes-ihs,encounter,5,subject,json,YES,,
kemkes-ihs,encounter,6,participant,json,YES,,
kemkes-ihs,encounter,7,period,json,YES,,
kemkes-ihs,encounter,8,location,json,YES,,
kemkes-ihs,encounter,9,diagnosis,json,YES,,
kemkes-ihs,encounter,10,statusHistory,json,YES,,
kemkes-ihs,encounter,11,serviceProvider,json,YES,,
kemkes-ihs,encounter,12,hospitalization,json,YES,,
kemkes-ihs,encounter,13,episodeOfCare,json,YES,,
kemkes-ihs,encounter,14,refId,char(10),NO,PRI,
kemkes-ihs,encounter,15,sendDate,timestamp,NO,,"DEFAULT_GENERATED on update CURRENT_TIMESTAMP"
kemkes-ihs,encounter,16,send,tinyint,NO,MUL,
kemkes-ihs,encounter_account,1,tableId,bigint,NO,PRI,auto_increment
kemkes-ihs,encounter_account,2,data,json,NO,,
kemkes-ihs,encounter_account,3,refId,char(36),NO,MUL,
kemkes-ihs,encounter_account,4,sendDate,timestamp,YES,,"on update CURRENT_TIMESTAMP"
kemkes-ihs,encounter_account,5,send,tinyint,NO,MUL,
kemkes-ihs,eof,1,id,char(36),YES,MUL,
kemkes-ihs,eof,2,identifier,json,YES,,
kemkes-ihs,eof,3,status,varchar(250),YES,,
kemkes-ihs,eof,4,statusHistory,json,YES,,
kemkes-ihs,eof,5,type,json,YES,,
kemkes-ihs,eof,6,patient,json,YES,,
kemkes-ihs,eof,7,managingOrganization,json,YES,,
kemkes-ihs,eof,8,period,json,YES,,
kemkes-ihs,eof,9,refId,int,NO,PRI,
kemkes-ihs,eof,10,type_eoc,int,YES,MUL,
kemkes-ihs,eof,11,kunjungan,char(19),NO,MUL,
kemkes-ihs,eof,12,nopen,char(10),YES,MUL,
kemkes-ihs,eof,13,method_kirim,char(10),YES,MUL,
kemkes-ihs,eof,14,sendDate,timestamp,NO,,"DEFAULT_GENERATED on update CURRENT_TIMESTAMP"
kemkes-ihs,eof,15,send,tinyint,NO,MUL,
kemkes-ihs,imaging_study,1,id,char(36),YES,MUL,
kemkes-ihs,imaging_study,2,refId,char(11),NO,PRI,
kemkes-ihs,imaging_study,3,nopen,char(10),NO,MUL,
kemkes-ihs,imaging_study,4,sendDate,timestamp,NO,,"DEFAULT_GENERATED on update CURRENT_TIMESTAMP"
kemkes-ihs,imaging_study,5,get,tinyint(1),NO,MUL,
kemkes-ihs,jenis_kunjungan,1,ID,smallint,NO,PRI,
kemkes-ihs,jenis_kunjungan,2,CLASS,smallint,NO,,
kemkes-ihs,jenis_kunjungan,3,STATUS,tinyint,NO,MUL,
kemkes-ihs,keluhan_utama_condition,1,id,char(36),YES,MUL,
kemkes-ihs,keluhan_utama_condition,2,identifier,json,YES,,
kemkes-ihs,keluhan_utama_condition,3,clinicalStatus,json,YES,,
kemkes-ihs,keluhan_utama_condition,4,verificationStatus,json,YES,,
kemkes-ihs,keluhan_utama_condition,5,category,json,YES,,
kemkes-ihs,keluhan_utama_condition,6,severity,varchar(250),YES,,
kemkes-ihs,keluhan_utama_condition,7,code,json,YES,,
kemkes-ihs,keluhan_utama_condition,8,bodySite,varchar(250),YES,,
kemkes-ihs,keluhan_utama_condition,9,stage,json,YES,,
kemkes-ihs,keluhan_utama_condition,10,subject,json,YES,,
kemkes-ihs,keluhan_utama_condition,11,encounter,json,YES,,
kemkes-ihs,keluhan_utama_condition,12,recordedDate,varchar(30),YES,,
kemkes-ihs,keluhan_utama_condition,13,refId,int,NO,PRI,
kemkes-ihs,keluhan_utama_condition,14,kunjungan,char(19),NO,MUL,
kemkes-ihs,keluhan_utama_condition,15,nopen,char(10),YES,MUL,
kemkes-ihs,keluhan_utama_condition,16,sendDate,timestamp,NO,,"DEFAULT_GENERATED on update CURRENT_TIMESTAMP"
kemkes-ihs,keluhan_utama_condition,17,send,tinyint,NO,MUL,
kemkes-ihs,location,1,id,char(36),YES,MUL,
kemkes-ihs,location,2,identifier,json,YES,,
kemkes-ihs,location,3,status,tinyint,NO,,
kemkes-ihs,location,4,operationalStatus,json,YES,,
kemkes-ihs,location,5,name,varchar(150),NO,,
kemkes-ihs,location,6,alias,char(50),NO,,
kemkes-ihs,location,7,description,text,NO,,
kemkes-ihs,location,8,mode,json,YES,,
kemkes-ihs,location,9,type,json,YES,,
kemkes-ihs,location,10,telecom,json,YES,,
kemkes-ihs,location,11,address,json,YES,,
kemkes-ihs,location,12,physicalType,json,YES,,
kemkes-ihs,location,13,position,json,YES,,
kemkes-ihs,location,14,managingOrganization,json,YES,,
kemkes-ihs,location,15,hoursOfOperation,json,YES,,
kemkes-ihs,location,16,partOf,json,YES,,
kemkes-ihs,location,17,refId,char(36),NO,PRI,
kemkes-ihs,location,18,sendDate,timestamp,NO,,"DEFAULT_GENERATED on update CURRENT_TIMESTAMP"
kemkes-ihs,location,19,flag,tinyint,NO,,
kemkes-ihs,location,20,send,tinyint,NO,MUL,
kemkes-ihs,location_ruang_kamar,1,id,char(36),YES,MUL,
kemkes-ihs,location_ruang_kamar,2,identifier,json,YES,,
kemkes-ihs,location_ruang_kamar,3,status,tinyint,YES,,
kemkes-ihs,location_ruang_kamar,4,operationalStatus,json,YES,,
kemkes-ihs,location_ruang_kamar,5,name,varchar(150),YES,,
kemkes-ihs,location_ruang_kamar,6,alias,char(50),YES,,
kemkes-ihs,location_ruang_kamar,7,description,text,YES,,
kemkes-ihs,location_ruang_kamar,8,mode,json,YES,,
kemkes-ihs,location_ruang_kamar,9,type,json,YES,,
kemkes-ihs,location_ruang_kamar,10,telecom,json,YES,,
kemkes-ihs,location_ruang_kamar,11,address,json,YES,,
kemkes-ihs,location_ruang_kamar,12,physicalType,json,YES,,
kemkes-ihs,location_ruang_kamar,13,position,json,YES,,
kemkes-ihs,location_ruang_kamar,14,managingOrganization,json,YES,,
kemkes-ihs,location_ruang_kamar,15,hoursOfOperation,json,YES,,
kemkes-ihs,location_ruang_kamar,16,partOf,json,YES,,
kemkes-ihs,location_ruang_kamar,17,extension,json,YES,,
kemkes-ihs,location_ruang_kamar,18,refId,int,NO,PRI,
kemkes-ihs,location_ruang_kamar,19,ruangan,char(10),NO,MUL,
kemkes-ihs,location_ruang_kamar,20,sendDate,timestamp,NO,,"DEFAULT_GENERATED on update CURRENT_TIMESTAMP"
kemkes-ihs,location_ruang_kamar,21,send,tinyint,NO,MUL,
kemkes-ihs,location_tempat_tidur,1,id,char(36),YES,MUL,
kemkes-ihs,location_tempat_tidur,2,identifier,json,YES,,
kemkes-ihs,location_tempat_tidur,3,status,tinyint,YES,,
kemkes-ihs,location_tempat_tidur,4,operationalStatus,json,YES,,
kemkes-ihs,location_tempat_tidur,5,name,varchar(150),YES,,
kemkes-ihs,location_tempat_tidur,6,alias,char(50),YES,,
kemkes-ihs,location_tempat_tidur,7,description,text,YES,,
kemkes-ihs,location_tempat_tidur,8,mode,json,YES,,
kemkes-ihs,location_tempat_tidur,9,type,json,YES,,
kemkes-ihs,location_tempat_tidur,10,telecom,json,YES,,
kemkes-ihs,location_tempat_tidur,11,address,json,YES,,
kemkes-ihs,location_tempat_tidur,12,physicalType,json,YES,,
kemkes-ihs,location_tempat_tidur,13,position,json,YES,,
kemkes-ihs,location_tempat_tidur,14,managingOrganization,json,YES,,
kemkes-ihs,location_tempat_tidur,15,hoursOfOperation,json,YES,,
kemkes-ihs,location_tempat_tidur,16,partOf,json,YES,,
kemkes-ihs,location_tempat_tidur,17,extension,json,YES,,
kemkes-ihs,location_tempat_tidur,18,refId,int,NO,PRI,
kemkes-ihs,location_tempat_tidur,19,ruang_kamar,int,NO,MUL,
kemkes-ihs,location_tempat_tidur,20,sendDate,timestamp,NO,,"DEFAULT_GENERATED on update CURRENT_TIMESTAMP"
kemkes-ihs,location_tempat_tidur,21,send,tinyint,NO,MUL,
kemkes-ihs,loinc_terminologi,1,id,int,NO,PRI,auto_increment
kemkes-ihs,loinc_terminologi,2,kategori_pemeriksaan,varchar(150),NO,MUL,
kemkes-ihs,loinc_terminologi,3,nama_pemeriksaan,varchar(250),NO,MUL,
kemkes-ihs,loinc_terminologi,4,permintaan_hasil,varchar(150),NO,,
kemkes-ihs,loinc_terminologi,5,spesimen,varchar(100),NO,,
kemkes-ihs,loinc_terminologi,6,tipe_hasil_pemeriksaan,varchar(100),NO,,
kemkes-ihs,loinc_terminologi,7,satuan,varchar(80),NO,,
kemkes-ihs,loinc_terminologi,8,metode_analisis,varchar(120),NO,,
kemkes-ihs,loinc_terminologi,9,code,char(20),NO,MUL,
kemkes-ihs,loinc_terminologi,10,display,text,NO,,
kemkes-ihs,loinc_terminologi,11,component,text,NO,,
kemkes-ihs,loinc_terminologi,12,property,varchar(25),NO,,
kemkes-ihs,loinc_terminologi,13,timing,char(10),NO,,
kemkes-ihs,loinc_terminologi,14,system,varchar(100),NO,,
kemkes-ihs,loinc_terminologi,15,scale,char(10),NO,,
kemkes-ihs,loinc_terminologi,16,method,varchar(120),NO,,
kemkes-ihs,loinc_terminologi,17,unit_of_measure,char(25),NO,,
kemkes-ihs,loinc_terminologi,18,code_system,text,NO,,
kemkes-ihs,loinc_terminologi,19,body_site_code,char(25),NO,,
kemkes-ihs,loinc_terminologi,20,body_site_display,varchar(300),NO,,
kemkes-ihs,loinc_terminologi,21,body_site_code_sistem,varchar(300),NO,,
kemkes-ihs,loinc_terminologi,22,version_first_released,char(8),NO,,
kemkes-ihs,loinc_terminologi,23,version_last_changed,char(8),NO,,
kemkes-ihs,medication,1,id,char(36),YES,MUL,
kemkes-ihs,medication,2,identifier,json,YES,,
kemkes-ihs,medication,3,code,json,YES,,
kemkes-ihs,medication,4,status,varchar(150),NO,,
kemkes-ihs,medication,5,manufacturer,json,YES,,
kemkes-ihs,medication,6,form,json,YES,,
kemkes-ihs,medication,7,ingredient,json,YES,,
kemkes-ihs,medication,8,batch,json,YES,,
kemkes-ihs,medication,9,extension,json,YES,,
kemkes-ihs,medication,10,refId,char(21),NO,PRI,
kemkes-ihs,medication,11,barang,int,NO,PRI,
kemkes-ihs,medication,12,group_racikan,tinyint,NO,PRI,
kemkes-ihs,medication,13,nopen,char(10),NO,MUL,
kemkes-ihs,medication,14,status_racikan,tinyint(1),NO,MUL,
kemkes-ihs,medication,15,jenis,tinyint(1),NO,MUL,
kemkes-ihs,medication,16,sendDate,timestamp,NO,,"DEFAULT_GENERATED on update CURRENT_TIMESTAMP"
kemkes-ihs,medication,17,send,tinyint(1),NO,MUL,
kemkes-ihs,medication_dispanse,1,id,char(36),YES,MUL,
kemkes-ihs,medication_dispanse,2,identifier,json,YES,,
kemkes-ihs,medication_dispanse,3,partOf,json,YES,,
kemkes-ihs,medication_dispanse,4,status,varchar(150),NO,,
kemkes-ihs,medication_dispanse,5,category,json,YES,,
kemkes-ihs,medication_dispanse,6,medicationReference,json,YES,,
kemkes-ihs,medication_dispanse,7,subject,json,YES,,
kemkes-ihs,medication_dispanse,8,context,json,YES,,
kemkes-ihs,medication_dispanse,9,performer,json,YES,,
kemkes-ihs,medication_dispanse,10,location,json,YES,,
kemkes-ihs,medication_dispanse,11,authorizingPrescription,json,YES,,
kemkes-ihs,medication_dispanse,12,quantity,json,YES,,
kemkes-ihs,medication_dispanse,13,daysSupply,json,YES,,
kemkes-ihs,medication_dispanse,14,whenPrepared,varchar(50),NO,,
kemkes-ihs,medication_dispanse,15,whenHandedOver,varchar(50),NO,,
kemkes-ihs,medication_dispanse,16,dosageInstruction,json,YES,,
kemkes-ihs,medication_dispanse,17,substitution,json,YES,,
kemkes-ihs,medication_dispanse,18,refId,char(21),NO,PRI,
kemkes-ihs,medication_dispanse,19,barang,int,NO,PRI,
kemkes-ihs,medication_dispanse,20,group_racikan,tinyint,NO,PRI,
kemkes-ihs,medication_dispanse,21,nopen,char(10),NO,MUL,
kemkes-ihs,medication_dispanse,22,status_racikan,tinyint(1),NO,MUL,
kemkes-ihs,medication_dispanse,23,sendDate,timestamp,NO,,"DEFAULT_GENERATED on update CURRENT_TIMESTAMP"
kemkes-ihs,medication_dispanse,24,send,tinyint(1),NO,MUL,
kemkes-ihs,medication_request,1,id,char(36),YES,MUL,
kemkes-ihs,medication_request,2,identifier,json,YES,,
kemkes-ihs,medication_request,3,status,varchar(150),NO,,
kemkes-ihs,medication_request,4,statusReason,json,YES,,
kemkes-ihs,medication_request,5,intent,varchar(150),NO,,
kemkes-ihs,medication_request,6,category,json,YES,,
kemkes-ihs,medication_request,7,priority,varchar(150),NO,,
kemkes-ihs,medication_request,8,reportedBoolean,tinyint,NO,,
kemkes-ihs,medication_request,9,medicationReference,json,YES,,
kemkes-ihs,medication_request,10,subject,json,YES,,
kemkes-ihs,medication_request,11,encounter,json,YES,,
kemkes-ihs,medication_request,12,authoredOn,varchar(150),NO,,
kemkes-ihs,medication_request,13,requester,json,YES,,
kemkes-ihs,medication_request,14,performer,json,YES,,
kemkes-ihs,medication_request,15,performerType,json,YES,,
kemkes-ihs,medication_request,16,recorder,json,YES,,
kemkes-ihs,medication_request,17,reasonCode,json,YES,,
kemkes-ihs,medication_request,18,reasonReference,json,YES,,
kemkes-ihs,medication_request,19,basedOn,json,YES,,
kemkes-ihs,medication_request,20,courseOfTherapyType,json,YES,,
kemkes-ihs,medication_request,21,insurance,json,YES,,
kemkes-ihs,medication_request,22,note,json,YES,,
kemkes-ihs,medication_request,23,dosageInstruction,json,YES,,
kemkes-ihs,medication_request,24,dispenseRequest,json,YES,,
kemkes-ihs,medication_request,25,substitution,json,YES,,
kemkes-ihs,medication_request,26,refId,char(21),NO,PRI,
kemkes-ihs,medication_request,27,barang,int,NO,PRI,
kemkes-ihs,medication_request,28,group_racikan,tinyint,NO,PRI,
kemkes-ihs,medication_request,29,nopen,char(10),NO,MUL,
kemkes-ihs,medication_request,30,status_racikan,tinyint(1),NO,MUL,
kemkes-ihs,medication_request,31,sendDate,timestamp,NO,,"DEFAULT_GENERATED on update CURRENT_TIMESTAMP"
kemkes-ihs,medication_request,32,send,tinyint(1),NO,MUL,
kemkes-ihs,medication_statement,1,id,char(36),YES,MUL,
kemkes-ihs,medication_statement,2,status,varchar(150),NO,,
kemkes-ihs,medication_statement,3,category,json,YES,,
kemkes-ihs,medication_statement,4,medicationReference,json,YES,,
kemkes-ihs,medication_statement,5,subject,json,YES,,
kemkes-ihs,medication_statement,6,dosage,json,YES,,
kemkes-ihs,medication_statement,7,effectiveDateTime,varchar(50),NO,,
kemkes-ihs,medication_statement,8,dateAsserted,varchar(50),NO,,
kemkes-ihs,medication_statement,9,informationSource,json,YES,,
kemkes-ihs,medication_statement,10,context,json,YES,,
kemkes-ihs,medication_statement,11,refId,char(21),NO,PRI,
kemkes-ihs,medication_statement,12,barang,int,NO,PRI,
kemkes-ihs,medication_statement,13,group_racikan,tinyint,NO,PRI,
kemkes-ihs,medication_statement,14,nopen,char(10),NO,MUL,
kemkes-ihs,medication_statement,15,status_racikan,tinyint(1),NO,MUL,
kemkes-ihs,medication_statement,16,sendDate,timestamp,NO,,"DEFAULT_GENERATED on update CURRENT_TIMESTAMP"
kemkes-ihs,medication_statement,17,send,tinyint(1),NO,MUL,
kemkes-ihs,observation,1,id,char(50),YES,MUL,
kemkes-ihs,observation,2,identifier,json,YES,,
kemkes-ihs,observation,3,status,char(150),YES,,
kemkes-ihs,observation,4,category,json,YES,,
kemkes-ihs,observation,5,code,json,YES,,
kemkes-ihs,observation,6,subject,json,YES,,
kemkes-ihs,observation,7,encounter,json,YES,,
kemkes-ihs,observation,8,effectiveDateTime,char(150),YES,,
kemkes-ihs,observation,9,issued,char(150),YES,,
kemkes-ihs,observation,10,performer,json,YES,,
kemkes-ihs,observation,11,specimen,json,YES,,
kemkes-ihs,observation,12,basedOn,json,YES,,
kemkes-ihs,observation,13,valueString,varchar(250),YES,,
kemkes-ihs,observation,14,bodySite,json,YES,,
kemkes-ihs,observation,15,derivedFrom,json,YES,,
kemkes-ihs,observation,16,valueQuantity,json,YES,,
kemkes-ihs,observation,17,interpretation,json,YES,,
kemkes-ihs,observation,18,refId,char(20),NO,PRI,
kemkes-ihs,observation,19,jenis,tinyint,NO,PRI,
kemkes-ihs,observation,20,nopen,char(10),NO,MUL,
kemkes-ihs,observation,21,sendDate,timestamp,NO,,"DEFAULT_GENERATED on update CURRENT_TIMESTAMP"
kemkes-ihs,observation,22,send,tinyint,NO,MUL,
kemkes-ihs,observation_anamnesis_riwayat_lainnya,1,id,char(50),YES,MUL,
kemkes-ihs,observation_anamnesis_riwayat_lainnya,2,identifier,json,YES,,
kemkes-ihs,observation_anamnesis_riwayat_lainnya,3,status,char(150),YES,,
kemkes-ihs,observation_anamnesis_riwayat_lainnya,4,category,json,YES,,
kemkes-ihs,observation_anamnesis_riwayat_lainnya,5,code,json,YES,,
kemkes-ihs,observation_anamnesis_riwayat_lainnya,6,subject,json,YES,,
kemkes-ihs,observation_anamnesis_riwayat_lainnya,7,encounter,json,YES,,
kemkes-ihs,observation_anamnesis_riwayat_lainnya,8,effectiveDateTime,char(150),YES,,
kemkes-ihs,observation_anamnesis_riwayat_lainnya,9,issued,char(150),YES,,
kemkes-ihs,observation_anamnesis_riwayat_lainnya,10,performer,json,YES,,
kemkes-ihs,observation_anamnesis_riwayat_lainnya,11,specimen,json,YES,,
kemkes-ihs,observation_anamnesis_riwayat_lainnya,12,basedOn,json,YES,,
kemkes-ihs,observation_anamnesis_riwayat_lainnya,13,valueString,varchar(250),YES,,
kemkes-ihs,observation_anamnesis_riwayat_lainnya,14,bodySite,json,YES,,
kemkes-ihs,observation_anamnesis_riwayat_lainnya,15,derivedFrom,json,YES,,
kemkes-ihs,observation_anamnesis_riwayat_lainnya,16,valueQuantity,json,YES,,
kemkes-ihs,observation_anamnesis_riwayat_lainnya,17,interpretation,json,YES,,
kemkes-ihs,observation_anamnesis_riwayat_lainnya,18,valueCodeableConcept,json,YES,,
kemkes-ihs,observation_anamnesis_riwayat_lainnya,19,component,json,YES,,
kemkes-ihs,observation_anamnesis_riwayat_lainnya,20,refId,int,NO,PRI,
kemkes-ihs,observation_anamnesis_riwayat_lainnya,21,kunjungan,char(19),NO,MUL,
kemkes-ihs,observation_anamnesis_riwayat_lainnya,22,nopen,char(10),NO,MUL,
kemkes-ihs,observation_anamnesis_riwayat_lainnya,23,sendDate,timestamp,NO,,"DEFAULT_GENERATED on update CURRENT_TIMESTAMP"
kemkes-ihs,observation_anamnesis_riwayat_lainnya,24,send,tinyint,NO,MUL,
kemkes-ihs,observation_faktor_risiko,1,id,char(50),YES,MUL,
kemkes-ihs,observation_faktor_risiko,2,identifier,json,YES,,
kemkes-ihs,observation_faktor_risiko,3,status,char(150),YES,,
kemkes-ihs,observation_faktor_risiko,4,category,json,YES,,
kemkes-ihs,observation_faktor_risiko,5,code,json,YES,,
kemkes-ihs,observation_faktor_risiko,6,subject,json,YES,,
kemkes-ihs,observation_faktor_risiko,7,encounter,json,YES,,
kemkes-ihs,observation_faktor_risiko,8,effectiveDateTime,char(150),YES,,
kemkes-ihs,observation_faktor_risiko,9,issued,char(150),YES,,
kemkes-ihs,observation_faktor_risiko,10,performer,json,YES,,
kemkes-ihs,observation_faktor_risiko,11,specimen,json,YES,,
kemkes-ihs,observation_faktor_risiko,12,basedOn,json,YES,,
kemkes-ihs,observation_faktor_risiko,13,valueString,varchar(250),YES,,
kemkes-ihs,observation_faktor_risiko,14,bodySite,json,YES,,
kemkes-ihs,observation_faktor_risiko,15,derivedFrom,json,YES,,
kemkes-ihs,observation_faktor_risiko,16,valueQuantity,json,YES,,
kemkes-ihs,observation_faktor_risiko,17,interpretation,json,YES,,
kemkes-ihs,observation_faktor_risiko,18,valueCodeableConcept,json,YES,,
kemkes-ihs,observation_faktor_risiko,19,component,json,YES,,
kemkes-ihs,observation_faktor_risiko,20,refId,int,NO,PRI,
kemkes-ihs,observation_faktor_risiko,21,jenis,int,NO,PRI,
kemkes-ihs,observation_faktor_risiko,22,kunjungan,char(19),NO,MUL,
kemkes-ihs,observation_faktor_risiko,23,nopen,char(10),NO,MUL,
kemkes-ihs,observation_faktor_risiko,24,sendDate,timestamp,NO,,"DEFAULT_GENERATED on update CURRENT_TIMESTAMP"
kemkes-ihs,observation_faktor_risiko,25,send,tinyint,NO,MUL,
kemkes-ihs,observation_pemeriksaan_ekg,1,id,char(50),YES,MUL,
kemkes-ihs,observation_pemeriksaan_ekg,2,identifier,json,YES,,
kemkes-ihs,observation_pemeriksaan_ekg,3,status,char(150),YES,,
kemkes-ihs,observation_pemeriksaan_ekg,4,category,json,YES,,
kemkes-ihs,observation_pemeriksaan_ekg,5,code,json,YES,,
kemkes-ihs,observation_pemeriksaan_ekg,6,subject,json,YES,,
kemkes-ihs,observation_pemeriksaan_ekg,7,encounter,json,YES,,
kemkes-ihs,observation_pemeriksaan_ekg,8,effectiveDateTime,char(150),YES,,
kemkes-ihs,observation_pemeriksaan_ekg,9,issued,char(150),YES,,
kemkes-ihs,observation_pemeriksaan_ekg,10,performer,json,YES,,
kemkes-ihs,observation_pemeriksaan_ekg,11,specimen,json,YES,,
kemkes-ihs,observation_pemeriksaan_ekg,12,basedOn,json,YES,,
kemkes-ihs,observation_pemeriksaan_ekg,13,valueString,varchar(250),YES,,
kemkes-ihs,observation_pemeriksaan_ekg,14,bodySite,json,YES,,
kemkes-ihs,observation_pemeriksaan_ekg,15,derivedFrom,json,YES,,
kemkes-ihs,observation_pemeriksaan_ekg,16,valueQuantity,json,YES,,
kemkes-ihs,observation_pemeriksaan_ekg,17,interpretation,json,YES,,
kemkes-ihs,observation_pemeriksaan_ekg,18,valueCodeableConcept,json,YES,,
kemkes-ihs,observation_pemeriksaan_ekg,19,component,json,YES,,
kemkes-ihs,observation_pemeriksaan_ekg,20,refId,int,NO,PRI,
kemkes-ihs,observation_pemeriksaan_ekg,21,kunjungan,char(19),NO,MUL,
kemkes-ihs,observation_pemeriksaan_ekg,22,nopen,char(10),NO,MUL,
kemkes-ihs,observation_pemeriksaan_ekg,23,sendDate,timestamp,NO,,"DEFAULT_GENERATED on update CURRENT_TIMESTAMP"
kemkes-ihs,observation_pemeriksaan_ekg,24,send,tinyint,NO,MUL,
kemkes-ihs,observation_penilaian_grace_risk_skor,1,id,char(50),YES,MUL,
kemkes-ihs,observation_penilaian_grace_risk_skor,2,identifier,json,YES,,
kemkes-ihs,observation_penilaian_grace_risk_skor,3,status,char(150),YES,,
kemkes-ihs,observation_penilaian_grace_risk_skor,4,category,json,YES,,
kemkes-ihs,observation_penilaian_grace_risk_skor,5,code,json,YES,,
kemkes-ihs,observation_penilaian_grace_risk_skor,6,subject,json,YES,,
kemkes-ihs,observation_penilaian_grace_risk_skor,7,encounter,json,YES,,
kemkes-ihs,observation_penilaian_grace_risk_skor,8,effectiveDateTime,char(150),YES,,
kemkes-ihs,observation_penilaian_grace_risk_skor,9,issued,char(150),YES,,
kemkes-ihs,observation_penilaian_grace_risk_skor,10,performer,json,YES,,
kemkes-ihs,observation_penilaian_grace_risk_skor,11,specimen,json,YES,,
kemkes-ihs,observation_penilaian_grace_risk_skor,12,basedOn,json,YES,,
kemkes-ihs,observation_penilaian_grace_risk_skor,13,valueString,varchar(250),YES,,
kemkes-ihs,observation_penilaian_grace_risk_skor,14,bodySite,json,YES,,
kemkes-ihs,observation_penilaian_grace_risk_skor,15,derivedFrom,json,YES,,
kemkes-ihs,observation_penilaian_grace_risk_skor,16,valueQuantity,json,YES,,
kemkes-ihs,observation_penilaian_grace_risk_skor,17,interpretation,json,YES,,
kemkes-ihs,observation_penilaian_grace_risk_skor,18,valueCodeableConcept,json,YES,,
kemkes-ihs,observation_penilaian_grace_risk_skor,19,component,json,YES,,
kemkes-ihs,observation_penilaian_grace_risk_skor,20,refId,int,NO,PRI,
kemkes-ihs,observation_penilaian_grace_risk_skor,21,kunjungan,char(19),NO,MUL,
kemkes-ihs,observation_penilaian_grace_risk_skor,22,nopen,char(10),NO,MUL,
kemkes-ihs,observation_penilaian_grace_risk_skor,23,sendDate,timestamp,NO,,"DEFAULT_GENERATED on update CURRENT_TIMESTAMP"
kemkes-ihs,observation_penilaian_grace_risk_skor,24,send,tinyint,NO,MUL,
kemkes-ihs,organization,1,id,char(36),YES,MUL,
kemkes-ihs,organization,2,identifier,json,YES,,
kemkes-ihs,organization,3,active,tinyint,NO,,
kemkes-ihs,organization,4,type,json,YES,,
kemkes-ihs,organization,5,name,varchar(150),NO,,
kemkes-ihs,organization,6,alias,char(50),NO,,
kemkes-ihs,organization,7,telecom,json,YES,,
kemkes-ihs,organization,8,address,json,YES,,
kemkes-ihs,organization,9,partOf,json,YES,,
kemkes-ihs,organization,10,refId,char(10),NO,PRI,
kemkes-ihs,organization,11,sendDate,timestamp,NO,,"DEFAULT_GENERATED on update CURRENT_TIMESTAMP"
kemkes-ihs,organization,12,flag,tinyint,NO,,
kemkes-ihs,organization,13,send,tinyint,NO,MUL,
kemkes-ihs,parameter_hasil_to_loinc,1,PARAMETER_HASIL,int,NO,PRI,
kemkes-ihs,parameter_hasil_to_loinc,2,LOINC_TERMINOLOGI,int,YES,,
kemkes-ihs,parameter_hasil_to_loinc,3,STATUS,tinyint,NO,MUL,
kemkes-ihs,patient,1,id,char(36),YES,MUL,
kemkes-ihs,patient,2,identifier,json,YES,,
kemkes-ihs,patient,3,active,tinyint,NO,,
kemkes-ihs,patient,4,address,json,YES,,
kemkes-ihs,patient,5,birthDate,date,NO,,
kemkes-ihs,patient,6,communication,json,YES,,
kemkes-ihs,patient,7,deceasedBoolean,tinyint,NO,,
kemkes-ihs,patient,8,extension,json,YES,,
kemkes-ihs,patient,9,gender,char(30),NO,,
kemkes-ihs,patient,10,maritalStatus,json,YES,,
kemkes-ihs,patient,11,meta,json,YES,,
kemkes-ihs,patient,12,multipleBirthBoolean,tinyint,NO,,
kemkes-ihs,patient,13,multipleBirthInteger,tinyint,NO,,
kemkes-ihs,patient,14,name,json,YES,,
kemkes-ihs,patient,15,telecom,json,YES,,
kemkes-ihs,patient,16,refId,int,NO,PRI,
kemkes-ihs,patient,17,nik,varchar(16),NO,MUL,
kemkes-ihs,patient,18,getDate,timestamp,NO,,"DEFAULT_GENERATED on update CURRENT_TIMESTAMP"
kemkes-ihs,patient,19,httpRequest,"enum('GET','POST')",NO,MUL,
kemkes-ihs,patient,20,statusRequest,tinyint(1),NO,MUL,
kemkes-ihs,petunjuk_racikan,1,ID_REFERENSI,smallint,NO,PRI,
kemkes-ihs,petunjuk_racikan,2,ID_CODING,smallint,NO,PRI,
kemkes-ihs,petunjuk_racikan,3,SATUAN,smallint,NO,,
kemkes-ihs,poa,1,id,char(10),NO,PRI,
kemkes-ihs,poa,2,display,varchar(300),YES,,
kemkes-ihs,poa,3,pov,char(10),NO,MUL,
kemkes-ihs,poa,4,nama_dagang,varchar(300),NO,,
kemkes-ihs,poa,5,unit_logistik_terkecil,varchar(150),NO,,
kemkes-ihs,poa,6,bentuk_sediaan,varchar(150),NO,,
kemkes-ihs,poa,7,id_bentuk_sediaan,smallint,NO,MUL,
kemkes-ihs,poa,8,gologan_obat,varchar(150),NO,,
kemkes-ihs,poa,9,url,varchar(350),NO,,
kemkes-ihs,poa,10,status,tinyint(1),NO,MUL,
kemkes-ihs,pov,1,id,char(30),NO,PRI,
kemkes-ihs,pov,2,display,varchar(300),NO,,
kemkes-ihs,pov,3,unit_of_mesure,varchar(80),NO,,
kemkes-ihs,pov,4,jenis,char(30),NO,,
kemkes-ihs,pov,5,url,varchar(350),NO,,
kemkes-ihs,pov,6,status,tinyint(1),NO,MUL,
kemkes-ihs,practitioner,1,id,char(36),YES,MUL,
kemkes-ihs,practitioner,2,address,json,YES,,
kemkes-ihs,practitioner,3,birthDate,date,NO,,
kemkes-ihs,practitioner,4,gender,char(30),NO,,
kemkes-ihs,practitioner,5,identifier,json,YES,,
kemkes-ihs,practitioner,6,meta,json,YES,,
kemkes-ihs,practitioner,7,name,json,YES,,
kemkes-ihs,practitioner,8,qualification,json,YES,,
kemkes-ihs,practitioner,9,telecom,json,YES,,
kemkes-ihs,practitioner,10,refId,varchar(35),NO,PRI,
kemkes-ihs,practitioner,11,getDate,timestamp,NO,,"DEFAULT_GENERATED on update CURRENT_TIMESTAMP"
kemkes-ihs,practitioner,12,get,tinyint,NO,MUL,
kemkes-ihs,procedure,1,id,char(36),YES,MUL,
kemkes-ihs,procedure,2,identifier,json,YES,,
kemkes-ihs,procedure,3,basedOn,json,YES,,
kemkes-ihs,procedure,4,partOf,json,YES,,
kemkes-ihs,procedure,5,status,char(50),YES,,
kemkes-ihs,procedure,6,statusReason,json,YES,,
kemkes-ihs,procedure,7,category,json,YES,,
kemkes-ihs,procedure,8,code,json,YES,,
kemkes-ihs,procedure,9,subject,json,YES,,
kemkes-ihs,procedure,10,encounter,json,YES,,
kemkes-ihs,procedure,11,performedPeriod,json,YES,,
kemkes-ihs,procedure,12,recorder,json,YES,,
kemkes-ihs,procedure,13,asserter,json,YES,,
kemkes-ihs,procedure,14,performer,json,YES,,
kemkes-ihs,procedure,15,location,json,YES,,
kemkes-ihs,procedure,16,reasonCode,json,YES,,
kemkes-ihs,procedure,17,reasonReference,json,YES,,
kemkes-ihs,procedure,18,bodySite,json,YES,,
kemkes-ihs,procedure,19,outcome,json,YES,,
kemkes-ihs,procedure,20,report,json,YES,,
kemkes-ihs,procedure,21,complicationDetail,json,YES,,
kemkes-ihs,procedure,22,followUp,json,YES,,
kemkes-ihs,procedure,23,note,json,YES,,
kemkes-ihs,procedure,24,focalDevice,json,YES,,
kemkes-ihs,procedure,25,usedReference,json,YES,,
kemkes-ihs,procedure,26,usedCode,json,YES,,
kemkes-ihs,procedure,27,refId,int,NO,PRI,
kemkes-ihs,procedure,28,nopen,char(10),NO,MUL,
kemkes-ihs,procedure,29,sendDate,timestamp,NO,,"DEFAULT_GENERATED on update CURRENT_TIMESTAMP"
kemkes-ihs,procedure,30,send,tinyint,NO,MUL,
kemkes-ihs,prognosis_clinical_impression,1,id,char(40),YES,MUL,
kemkes-ihs,prognosis_clinical_impression,2,identifier,json,NO,,
kemkes-ihs,prognosis_clinical_impression,3,status,char(50),YES,,
kemkes-ihs,prognosis_clinical_impression,4,description,text,NO,,
kemkes-ihs,prognosis_clinical_impression,5,category,text,YES,,
kemkes-ihs,prognosis_clinical_impression,6,subject,json,YES,,
kemkes-ihs,prognosis_clinical_impression,7,encounter,json,YES,,
kemkes-ihs,prognosis_clinical_impression,8,effectiveDateTime,varchar(50),NO,,
kemkes-ihs,prognosis_clinical_impression,9,date,char(50),NO,,
kemkes-ihs,prognosis_clinical_impression,10,assessor,json,NO,,
kemkes-ihs,prognosis_clinical_impression,11,problem,json,YES,,
kemkes-ihs,prognosis_clinical_impression,12,summary,text,YES,,
kemkes-ihs,prognosis_clinical_impression,13,finding,json,YES,,
kemkes-ihs,prognosis_clinical_impression,14,prognosisCodeableConcept,json,YES,,
kemkes-ihs,prognosis_clinical_impression,15,refId,int,NO,PRI,
kemkes-ihs,prognosis_clinical_impression,16,kunjungan,char(19),NO,MUL,
kemkes-ihs,prognosis_clinical_impression,17,nopen,char(10),NO,MUL,
kemkes-ihs,prognosis_clinical_impression,18,sendDate,timestamp,NO,,"DEFAULT_GENERATED on update CURRENT_TIMESTAMP"
kemkes-ihs,prognosis_clinical_impression,19,send,tinyint,NO,MUL,
kemkes-ihs,questionnaire_response,1,id,char(36),YES,MUL,
kemkes-ihs,questionnaire_response,2,questionnaire,varchar(150),YES,,
kemkes-ihs,questionnaire_response,3,status,char(50),YES,,
kemkes-ihs,questionnaire_response,4,subject,json,YES,,
kemkes-ihs,questionnaire_response,5,encounter,json,YES,,
kemkes-ihs,questionnaire_response,6,type,json,YES,,
kemkes-ihs,questionnaire_response,7,authored,varchar(50),YES,,
kemkes-ihs,questionnaire_response,8,author,json,YES,,
kemkes-ihs,questionnaire_response,9,source,json,YES,,
kemkes-ihs,questionnaire_response,10,item,json,YES,,
kemkes-ihs,questionnaire_response,11,refId,char(21),NO,PRI,
kemkes-ihs,questionnaire_response,12,nopen,char(10),NO,MUL,
kemkes-ihs,questionnaire_response,13,sendDate,timestamp,YES,,"DEFAULT_GENERATED on update CURRENT_TIMESTAMP"
kemkes-ihs,questionnaire_response,14,send,tinyint(1),NO,MUL,
kemkes-ihs,referensi_to_type_code_reference,1,JENIS_REFERENSI,mediumint,NO,PRI,
kemkes-ihs,referensi_to_type_code_reference,2,ID_REFERENSI,smallint,NO,PRI,
kemkes-ihs,referensi_to_type_code_reference,3,TYPE_CODE,int,NO,MUL,
kemkes-ihs,referensi_to_type_code_reference,4,ID_CODE,smallint,NO,MUL,
kemkes-ihs,referensi_to_type_code_reference,5,STATUS,tinyint,NO,MUL,
kemkes-ihs,rute_obat,1,RUTE,int,NO,PRI,
kemkes-ihs,rute_obat,2,CODE,int,YES,MUL,
kemkes-ihs,satuan_lab_to_ut,1,SATUAN_LAB,int,YES,MUL,
kemkes-ihs,satuan_lab_to_ut,2,UNIT_TERM,int,YES,,
kemkes-ihs,satuan_lab_to_ut,3,STATUS,tinyint,NO,MUL,
kemkes-ihs,service_request,1,id,char(36),YES,MUL,
kemkes-ihs,service_request,2,identifier,json,YES,,
kemkes-ihs,service_request,3,basedOn,json,YES,,
kemkes-ihs,service_request,4,replaces,json,YES,,
kemkes-ihs,service_request,5,requisition,json,YES,,
kemkes-ihs,service_request,6,status,varchar(30),NO,,
kemkes-ihs,service_request,7,intent,varchar(30),NO,,
kemkes-ihs,service_request,8,category,json,YES,,
kemkes-ihs,service_request,9,priority,varchar(30),NO,,
kemkes-ihs,service_request,10,doNotPerform,tinyint(1),YES,,
kemkes-ihs,service_request,11,code,json,YES,,
kemkes-ihs,service_request,12,orderDetail,json,YES,,
kemkes-ihs,service_request,13,quantity,json,YES,,
kemkes-ihs,service_request,14,subject,json,YES,,
kemkes-ihs,service_request,15,encounter,json,YES,,
kemkes-ihs,service_request,16,occurence,json,YES,,
kemkes-ihs,service_request,17,asNeeded,json,YES,,
kemkes-ihs,service_request,18,occurrenceDateTime,varchar(50),NO,,
kemkes-ihs,service_request,19,authoredOn,varchar(50),YES,,
kemkes-ihs,service_request,20,requester,json,YES,,
kemkes-ihs,service_request,21,performerType,json,YES,,
kemkes-ihs,service_request,22,performer,json,YES,,
kemkes-ihs,service_request,23,locationCode,json,YES,,
kemkes-ihs,service_request,24,locationReference,json,YES,,
kemkes-ihs,service_request,25,reasonCode,json,YES,,
kemkes-ihs,service_request,26,reasonReference,json,YES,,
kemkes-ihs,service_request,27,insurance,json,YES,,
kemkes-ihs,service_request,28,supportingInfo,json,YES,,
kemkes-ihs,service_request,29,specimen,json,YES,,
kemkes-ihs,service_request,30,bodySite,json,YES,,
kemkes-ihs,service_request,31,note,json,YES,,
kemkes-ihs,service_request,32,patientInstruction,json,YES,,
kemkes-ihs,service_request,33,relevantHistory,json,YES,,
kemkes-ihs,service_request,34,refId,char(11),NO,PRI,
kemkes-ihs,service_request,35,nopen,char(10),NO,MUL,
kemkes-ihs,service_request,36,sendDate,timestamp,NO,,"DEFAULT_GENERATED on update CURRENT_TIMESTAMP"
kemkes-ihs,service_request,37,send,tinyint(1),NO,MUL,
kemkes-ihs,service_request_jadwal_kontrol,1,id,char(36),YES,MUL,
kemkes-ihs,service_request_jadwal_kontrol,2,identifier,json,YES,,
kemkes-ihs,service_request_jadwal_kontrol,3,basedOn,json,YES,,
kemkes-ihs,service_request_jadwal_kontrol,4,replaces,json,YES,,
kemkes-ihs,service_request_jadwal_kontrol,5,requisition,json,YES,,
kemkes-ihs,service_request_jadwal_kontrol,6,status,varchar(30),YES,,
kemkes-ihs,service_request_jadwal_kontrol,7,intent,varchar(30),YES,,
kemkes-ihs,service_request_jadwal_kontrol,8,category,json,YES,,
kemkes-ihs,service_request_jadwal_kontrol,9,priority,varchar(30),YES,,
kemkes-ihs,service_request_jadwal_kontrol,10,code,json,YES,,
kemkes-ihs,service_request_jadwal_kontrol,11,quantity,json,YES,,
kemkes-ihs,service_request_jadwal_kontrol,12,subject,json,YES,,
kemkes-ihs,service_request_jadwal_kontrol,13,encounter,json,YES,,
kemkes-ihs,service_request_jadwal_kontrol,14,occurrenceDateTime,varchar(50),YES,,
kemkes-ihs,service_request_jadwal_kontrol,15,authoredOn,varchar(50),YES,,
kemkes-ihs,service_request_jadwal_kontrol,16,requester,json,YES,,
kemkes-ihs,service_request_jadwal_kontrol,17,performer,json,YES,,
kemkes-ihs,service_request_jadwal_kontrol,18,locationReference,json,YES,,
kemkes-ihs,service_request_jadwal_kontrol,19,reasonCode,json,YES,,
kemkes-ihs,service_request_jadwal_kontrol,20,patientInstruction,text,YES,,
kemkes-ihs,service_request_jadwal_kontrol,21,refId,int,NO,PRI,
kemkes-ihs,service_request_jadwal_kontrol,22,kunjungan,char(19),NO,MUL,
kemkes-ihs,service_request_jadwal_kontrol,23,nopen,char(10),NO,MUL,
kemkes-ihs,service_request_jadwal_kontrol,24,sendDate,timestamp,NO,,"DEFAULT_GENERATED on update CURRENT_TIMESTAMP"
kemkes-ihs,service_request_jadwal_kontrol,25,send,tinyint(1),NO,MUL,
kemkes-ihs,sinkronisasi,1,ID,tinyint,NO,PRI,auto_increment
kemkes-ihs,sinkronisasi,2,DESKRIPSI,varchar(50),NO,,
kemkes-ihs,sinkronisasi,3,TANGGAL_TERAKHIR,datetime,NO,MUL,
kemkes-ihs,sinkronisasi,4,ID_TERAKHIR,bigint,NO,MUL,
kemkes-ihs,sinkronisasi,5,NAME_PROCEDURE,varchar(150),NO,,
kemkes-ihs,sinkronisasi,6,STATUS,tinyint,NO,MUL,
kemkes-ihs,snomed_ct,1,id,int,YES,MUL,
kemkes-ihs,snomed_ct,2,effectiveTime,int,YES,,
kemkes-ihs,snomed_ct,3,active,tinyint,NO,MUL,
kemkes-ihs,snomed_ct,4,moduleId,varchar(50),NO,MUL,
kemkes-ihs,snomed_ct,5,conceptId,varchar(50),NO,MUL,
kemkes-ihs,snomed_ct,6,languageCode,char(50),NO,,
kemkes-ihs,snomed_ct,7,typeId,char(50),NO,,
kemkes-ihs,snomed_ct,8,term,varchar(300),NO,MUL,
kemkes-ihs,snomed_ct,9,caseSignificanceId,varchar(50),NO,MUL,
kemkes-ihs,specimen,1,id,char(36),YES,MUL,
kemkes-ihs,specimen,2,identifier,json,YES,,
kemkes-ihs,specimen,3,accesssionIdentifier,json,YES,,
kemkes-ihs,specimen,4,status,varchar(30),NO,,
kemkes-ihs,specimen,5,type,json,NO,,
kemkes-ihs,specimen,6,subject,json,NO,,
kemkes-ihs,specimen,7,receivedTime,varchar(30),NO,,
kemkes-ihs,specimen,8,parent,json,YES,,
kemkes-ihs,specimen,9,request,json,YES,,
kemkes-ihs,specimen,10,collection,tinyint,YES,,
kemkes-ihs,specimen,11,processing,varchar(150),YES,,
kemkes-ihs,specimen,12,container,json,YES,,
kemkes-ihs,specimen,13,condition,json,YES,,
kemkes-ihs,specimen,14,note,json,YES,,
kemkes-ihs,specimen,15,refId,char(11),NO,PRI,
kemkes-ihs,specimen,16,nopen,char(10),NO,MUL,
kemkes-ihs,specimen,17,sendDate,timestamp,NO,,"DEFAULT_GENERATED on update CURRENT_TIMESTAMP"
kemkes-ihs,specimen,18,send,tinyint(1),NO,MUL,
kemkes-ihs,tindakan_to_loinc,1,TINDAKAN,int,NO,PRI,
kemkes-ihs,tindakan_to_loinc,2,LOINC_TERMINOLOGI,int,NO,,
kemkes-ihs,tindakan_to_loinc,3,SPESIMENT,smallint,NO,,
kemkes-ihs,tindakan_to_loinc,4,KATEGORI,smallint,NO,,
kemkes-ihs,tindakan_to_loinc,5,STATUS,tinyint,NO,MUL,
kemkes-ihs,type_code_reference,1,type,int,NO,PRI,
kemkes-ihs,type_code_reference,2,id,smallint,NO,PRI,
kemkes-ihs,type_code_reference,3,code,char(50),NO,MUL,
kemkes-ihs,type_code_reference,4,display,varchar(200),NO,,
kemkes-ihs,type_code_reference,5,system,varchar(150),YES,,
kemkes-ihs,type_code_reference,6,keterangan,varchar(200),NO,,
kemkes-ihs,type_code_reference,7,status,tinyint,NO,MUL,
kemkes-rsonline,data_kebutuhan_apd,1,id_kebutuhan,tinyint,NO,PRI,
kemkes-rsonline,data_kebutuhan_apd,2,jumlah_eksisting,mediumint,NO,,
kemkes-rsonline,data_kebutuhan_apd,3,jumlah,mediumint,NO,,
kemkes-rsonline,data_kebutuhan_apd,4,jumlah_diterima,mediumint,NO,,
kemkes-rsonline,data_kebutuhan_apd,5,baru,tinyint,NO,,
kemkes-rsonline,data_kebutuhan_apd,6,tgl_kirim,datetime,YES,,
kemkes-rsonline,data_kebutuhan_apd,7,kirim,tinyint,NO,MUL,
kemkes-rsonline,data_kebutuhan_apd,8,response,varchar(500),YES,,
kemkes-rsonline,data_kebutuhan_sdm,1,id_kebutuhan,tinyint,NO,PRI,
kemkes-rsonline,data_kebutuhan_sdm,2,jumlah_eksisting,smallint,NO,,
kemkes-rsonline,data_kebutuhan_sdm,3,jumlah,smallint,NO,,
kemkes-rsonline,data_kebutuhan_sdm,4,jumlah_diterima,smallint,NO,,
kemkes-rsonline,data_kebutuhan_sdm,5,baru,tinyint,NO,,
kemkes-rsonline,data_kebutuhan_sdm,6,tgl_kirim,datetime,YES,,
kemkes-rsonline,data_kebutuhan_sdm,7,kirim,tinyint,NO,MUL,
kemkes-rsonline,data_kebutuhan_sdm,8,response,varchar(500),YES,,
kemkes-rsonline,data_tempat_tidur,1,id,smallint,NO,PRI,
kemkes-rsonline,data_tempat_tidur,2,id_tt,smallint,NO,MUL,
kemkes-rsonline,data_tempat_tidur,3,ruang,varchar(1000),NO,,
kemkes-rsonline,data_tempat_tidur,4,jumlah_ruang,smallint,NO,,
kemkes-rsonline,data_tempat_tidur,5,jumlah,smallint,NO,,
kemkes-rsonline,data_tempat_tidur,6,terpakai,smallint,NO,,
kemkes-rsonline,data_tempat_tidur,7,terpakai_suspek,smallint,NO,,
kemkes-rsonline,data_tempat_tidur,8,terpakai_konfirmasi,smallint,NO,,
kemkes-rsonline,data_tempat_tidur,9,prepare,smallint,NO,,
kemkes-rsonline,data_tempat_tidur,10,prepare_plan,smallint,NO,,
kemkes-rsonline,data_tempat_tidur,11,antrian,smallint,NO,,
kemkes-rsonline,data_tempat_tidur,12,covid,tinyint,NO,,
kemkes-rsonline,data_tempat_tidur,13,baru,tinyint,NO,,
kemkes-rsonline,data_tempat_tidur,14,tgl_kirim,datetime,YES,,
kemkes-rsonline,data_tempat_tidur,15,kirim,tinyint,NO,MUL,
kemkes-rsonline,data_tempat_tidur,16,response,varchar(500),YES,,
kemkes-rsonline,diagnosa_pasien,1,id,int,NO,PRI,
kemkes-rsonline,diagnosa_pasien,2,nomr,int,NO,MUL,
kemkes-rsonline,diagnosa_pasien,3,icd,char(10),NO,,
kemkes-rsonline,diagnosa_pasien,4,level,tinyint,NO,,
kemkes-rsonline,diagnosa_pasien,5,baru,tinyint,NO,,
kemkes-rsonline,diagnosa_pasien,6,hapus,tinyint,NO,,
kemkes-rsonline,diagnosa_pasien,7,tgl_kirim,datetime,YES,,
kemkes-rsonline,diagnosa_pasien,8,kirim,tinyint,NO,MUL,
kemkes-rsonline,diagnosa_pasien,9,response,varchar(500),YES,,
kemkes-rsonline,diagnosa_pasien,10,dibuat_oleh,smallint,NO,,
kemkes-rsonline,diagnosa_pasien,11,tgl_dibuat,datetime,NO,,DEFAULT_GENERATED
kemkes-rsonline,diagnosa_pasien,12,diubah_oleh,smallint,YES,,
kemkes-rsonline,diagnosa_pasien,13,tgl_diubah,datetime,YES,,
kemkes-rsonline,icd_covid19,1,KODE,char(15),NO,PRI,
kemkes-rsonline,icd_covid19,2,BAYI,tinyint,NO,,
kemkes-rsonline,icd_covid19,3,JENIS,tinyint,NO,,
kemkes-rsonline,jenis_kelamin,1,id_gender,tinyint,NO,PRI,
kemkes-rsonline,jenis_kelamin,2,gender,varchar(15),NO,,
kemkes-rsonline,jenis_pasien,1,id_jenis_pasien,tinyint,NO,PRI,
kemkes-rsonline,jenis_pasien,2,deskripsi,varchar(15),NO,,
kemkes-rsonline,kabupaten,1,kode,char(10),NO,PRI,
kemkes-rsonline,kabupaten,2,propinsi,char(2),NO,MUL,
kemkes-rsonline,kabupaten,3,nama,varchar(100),NO,,
kemkes-rsonline,kamar_simrs_rs_online,1,id,int,NO,PRI,
kemkes-rsonline,kamar_simrs_rs_online,2,ruang_kamar,smallint,NO,UNI,
kemkes-rsonline,kamar_simrs_rs_online,3,tempat_tidur,smallint,NO,MUL,
kemkes-rsonline,kamar_simrs_rs_online,4,covid,tinyint,NO,,
kemkes-rsonline,kamar_simrs_rs_online,5,status,tinyint,NO,MUL,
kemkes-rsonline,kebutuhan_apd,1,id_kebutuhan,tinyint,NO,PRI,
kemkes-rsonline,kebutuhan_apd,2,kebutuhan,varchar(150),NO,,
kemkes-rsonline,kebutuhan_sdm,1,id_kebutuhan,tinyint,NO,PRI,
kemkes-rsonline,kebutuhan_sdm,2,kebutuhan,varchar(50),NO,,
kemkes-rsonline,kecamatan,1,kode,char(10),NO,PRI,
kemkes-rsonline,kecamatan,2,kabkota,char(4),NO,MUL,
kemkes-rsonline,kecamatan,3,nama,varchar(100),NO,,
kemkes-rsonline,kewarganegaraan,1,id_nation,smallint,NO,PRI,
kemkes-rsonline,kewarganegaraan,2,nationality,varchar(50),NO,,
kemkes-rsonline,pasien,1,nomr,int,NO,PRI,
kemkes-rsonline,pasien,2,noc,char(25),NO,MUL,
kemkes-rsonline,pasien,3,initial,varchar(15),NO,,
kemkes-rsonline,pasien,4,nama_lengkap,varchar(75),NO,,
kemkes-rsonline,pasien,5,tglmasuk,date,NO,,
kemkes-rsonline,pasien,6,gender,tinyint,NO,,
kemkes-rsonline,pasien,7,birthdate,date,NO,,
kemkes-rsonline,pasien,8,kewarganegaraan,smallint,NO,,
kemkes-rsonline,pasien,9,sumber_penularan,tinyint,NO,,
kemkes-rsonline,pasien,10,kecamatan,char(25),NO,,
kemkes-rsonline,pasien,11,tglkeluar,date,YES,,
kemkes-rsonline,pasien,12,status_keluar,tinyint,NO,,
kemkes-rsonline,pasien,13,tgl_lapor,datetime,YES,,
kemkes-rsonline,pasien,14,status_rawat,tinyint,YES,,
kemkes-rsonline,pasien,15,status_isolasi,tinyint,YES,,
kemkes-rsonline,pasien,16,email,varchar(50),YES,,
kemkes-rsonline,pasien,17,notelp,varchar(19),YES,,
kemkes-rsonline,pasien,18,sebab_kematian,varchar(500),YES,,
kemkes-rsonline,pasien,19,jenis_pasien,tinyint,NO,,
kemkes-rsonline,pasien,20,baru,tinyint,NO,,
kemkes-rsonline,pasien,21,hapus,tinyint,NO,,
kemkes-rsonline,pasien,22,tgl_kirim,datetime,YES,,
kemkes-rsonline,pasien,23,kirim,tinyint,NO,MUL,
kemkes-rsonline,pasien,24,response,varchar(500),YES,,
kemkes-rsonline,pasien,25,dibuat_oleh,smallint,NO,,
kemkes-rsonline,pasien,26,tgl_dibuat,datetime,NO,,DEFAULT_GENERATED
kemkes-rsonline,pasien,27,diubah_oleh,smallint,NO,,
kemkes-rsonline,pasien,28,tgl_diubah,datetime,NO,,
kemkes-rsonline,propinsi,1,prop_kode,char(2),NO,PRI,
kemkes-rsonline,propinsi,2,propinsi_name,varchar(50),NO,,
kemkes-rsonline,rekap_pasien_keluar,1,id,int,NO,PRI,
kemkes-rsonline,rekap_pasien_keluar,2,tanggal,date,NO,UNI,
kemkes-rsonline,rekap_pasien_keluar,3,sembuh,smallint,NO,,
kemkes-rsonline,rekap_pasien_keluar,4,discarded,smallint,NO,,
kemkes-rsonline,rekap_pasien_keluar,5,meninggal_komorbid,smallint,NO,,
kemkes-rsonline,rekap_pasien_keluar,6,meninggal_tanpa_komorbid,smallint,NO,,
kemkes-rsonline,rekap_pasien_keluar,7,meninggal_prob_pre_komorbid,smallint,NO,,
kemkes-rsonline,rekap_pasien_keluar,8,meninggal_prob_neo_komorbid,smallint,NO,,
kemkes-rsonline,rekap_pasien_keluar,9,meninggal_prob_bayi_komorbid,smallint,NO,,
kemkes-rsonline,rekap_pasien_keluar,10,meninggal_prob_balita_komorbid,smallint,NO,,
kemkes-rsonline,rekap_pasien_keluar,11,meninggal_prob_anak_komorbid,smallint,NO,,
kemkes-rsonline,rekap_pasien_keluar,12,meninggal_prob_remaja_komorbid,smallint,NO,,
kemkes-rsonline,rekap_pasien_keluar,13,meninggal_prob_dws_komorbid,smallint,NO,,
kemkes-rsonline,rekap_pasien_keluar,14,meninggal_prob_lansia_komorbid,smallint,NO,,
kemkes-rsonline,rekap_pasien_keluar,15,meninggal_prob_pre_tanpa_komorbid,smallint,NO,,
kemkes-rsonline,rekap_pasien_keluar,16,meninggal_prob_neo_tanpa_komorbid,smallint,NO,,
kemkes-rsonline,rekap_pasien_keluar,17,meninggal_prob_bayi_tanpa_komorbid,smallint,NO,,
kemkes-rsonline,rekap_pasien_keluar,18,meninggal_prob_balita_tanpa_komorbid,smallint,NO,,
kemkes-rsonline,rekap_pasien_keluar,19,meninggal_prob_anak_tanpa_komorbid,smallint,NO,,
kemkes-rsonline,rekap_pasien_keluar,20,meninggal_prob_remaja_tanpa_komorbid,smallint,NO,,
kemkes-rsonline,rekap_pasien_keluar,21,meninggal_prob_dws_tanpa_komorbid,smallint,NO,,
kemkes-rsonline,rekap_pasien_keluar,22,meninggal_prob_lansia_tanpa_komorbid,smallint,NO,,
kemkes-rsonline,rekap_pasien_keluar,23,meninggal_discarded_komorbid,smallint,NO,,
kemkes-rsonline,rekap_pasien_keluar,24,meninggal_discarded_tanpa_komorbid,smallint,NO,,
kemkes-rsonline,rekap_pasien_keluar,25,dirujuk,smallint,NO,,
kemkes-rsonline,rekap_pasien_keluar,26,isman,smallint,NO,,
kemkes-rsonline,rekap_pasien_keluar,27,aps,smallint,NO,,
kemkes-rsonline,rekap_pasien_keluar,28,baru,tinyint,NO,,
kemkes-rsonline,rekap_pasien_keluar,29,tgl_kirim,datetime,YES,,
kemkes-rsonline,rekap_pasien_keluar,30,kirim,tinyint,NO,MUL,
kemkes-rsonline,rekap_pasien_keluar,31,response,varchar(500),YES,,
kemkes-rsonline,rekap_pasien_komorbid,1,id,int,NO,PRI,
kemkes-rsonline,rekap_pasien_komorbid,2,tanggal,date,NO,UNI,
kemkes-rsonline,rekap_pasien_komorbid,3,icu_dengan_ventilator_suspect_l,smallint,NO,,
kemkes-rsonline,rekap_pasien_komorbid,4,icu_dengan_ventilator_suspect_p,smallint,NO,,
kemkes-rsonline,rekap_pasien_komorbid,5,icu_dengan_ventilator_confirm_l,smallint,NO,,
kemkes-rsonline,rekap_pasien_komorbid,6,icu_dengan_ventilator_confirm_p,smallint,NO,,
kemkes-rsonline,rekap_pasien_komorbid,7,icu_tanpa_ventilator_suspect_l,smallint,NO,,
kemkes-rsonline,rekap_pasien_komorbid,8,icu_tanpa_ventilator_suspect_p,smallint,NO,,
kemkes-rsonline,rekap_pasien_komorbid,9,icu_tanpa_ventilator_confirm_l,smallint,NO,,
kemkes-rsonline,rekap_pasien_komorbid,10,icu_tanpa_ventilator_confirm_p,smallint,NO,,
kemkes-rsonline,rekap_pasien_komorbid,11,icu_tekanan_negatif_dengan_ventilator_suspect_l,smallint,NO,,
kemkes-rsonline,rekap_pasien_komorbid,12,icu_tekanan_negatif_dengan_ventilator_suspect_p,smallint,NO,,
kemkes-rsonline,rekap_pasien_komorbid,13,icu_tekanan_negatif_dengan_ventilator_confirm_l,smallint,NO,,
kemkes-rsonline,rekap_pasien_komorbid,14,icu_tekanan_negatif_dengan_ventilator_confirm_p,smallint,NO,,
kemkes-rsonline,rekap_pasien_komorbid,15,icu_tekanan_negatif_tanpa_ventilator_suspect_l,smallint,NO,,
kemkes-rsonline,rekap_pasien_komorbid,16,icu_tekanan_negatif_tanpa_ventilator_suspect_p,smallint,NO,,
kemkes-rsonline,rekap_pasien_komorbid,17,icu_tekanan_negatif_tanpa_ventilator_confirm_l,smallint,NO,,
kemkes-rsonline,rekap_pasien_komorbid,18,icu_tekanan_negatif_tanpa_ventilator_confirm_p,smallint,NO,,
kemkes-rsonline,rekap_pasien_komorbid,19,isolasi_tekanan_negatif_suspect_l,smallint,NO,,
kemkes-rsonline,rekap_pasien_komorbid,20,isolasi_tekanan_negatif_suspect_p,smallint,NO,,
kemkes-rsonline,rekap_pasien_komorbid,21,isolasi_tekanan_negatif_confirm_l,smallint,NO,,
kemkes-rsonline,rekap_pasien_komorbid,22,isolasi_tekanan_negatif_confirm_p,smallint,NO,,
kemkes-rsonline,rekap_pasien_komorbid,23,isolasi_tanpa_tekanan_negatif_suspect_l,smallint,NO,,
kemkes-rsonline,rekap_pasien_komorbid,24,isolasi_tanpa_tekanan_negatif_suspect_p,smallint,NO,,
kemkes-rsonline,rekap_pasien_komorbid,25,isolasi_tanpa_tekanan_negatif_confirm_l,smallint,NO,,
kemkes-rsonline,rekap_pasien_komorbid,26,isolasi_tanpa_tekanan_negatif_confirm_p,smallint,NO,,
kemkes-rsonline,rekap_pasien_komorbid,27,nicu_khusus_covid_suspect_l,smallint,NO,,
kemkes-rsonline,rekap_pasien_komorbid,28,nicu_khusus_covid_suspect_p,smallint,NO,,
kemkes-rsonline,rekap_pasien_komorbid,29,nicu_khusus_covid_confirm_l,smallint,NO,,
kemkes-rsonline,rekap_pasien_komorbid,30,nicu_khusus_covid_confirm_p,smallint,NO,,
kemkes-rsonline,rekap_pasien_komorbid,31,picu_khusus_covid_suspect_l,smallint,NO,,
kemkes-rsonline,rekap_pasien_komorbid,32,picu_khusus_covid_suspect_p,smallint,NO,,
kemkes-rsonline,rekap_pasien_komorbid,33,picu_khusus_covid_confirm_l,smallint,NO,,
kemkes-rsonline,rekap_pasien_komorbid,34,picu_khusus_covid_confirm_p,smallint,NO,,
kemkes-rsonline,rekap_pasien_komorbid,35,baru,tinyint,NO,,
kemkes-rsonline,rekap_pasien_komorbid,36,tgl_kirim,datetime,YES,,
kemkes-rsonline,rekap_pasien_komorbid,37,kirim,tinyint,NO,MUL,
kemkes-rsonline,rekap_pasien_komorbid,38,response,varchar(500),YES,,
kemkes-rsonline,rekap_pasien_masuk,1,id,int,NO,PRI,
kemkes-rsonline,rekap_pasien_masuk,2,tanggal,date,NO,UNI,
kemkes-rsonline,rekap_pasien_masuk,3,igd_suspect_l,smallint,NO,,
kemkes-rsonline,rekap_pasien_masuk,4,igd_suspect_p,smallint,NO,,
kemkes-rsonline,rekap_pasien_masuk,5,igd_confirm_l,smallint,NO,,
kemkes-rsonline,rekap_pasien_masuk,6,igd_confirm_p,smallint,NO,,
kemkes-rsonline,rekap_pasien_masuk,7,rj_suspect_l,smallint,NO,,
kemkes-rsonline,rekap_pasien_masuk,8,rj_suspect_p,smallint,NO,,
kemkes-rsonline,rekap_pasien_masuk,9,rj_confirm_l,smallint,NO,,
kemkes-rsonline,rekap_pasien_masuk,10,rj_confirm_p,smallint,NO,,
kemkes-rsonline,rekap_pasien_masuk,11,ri_suspect_l,smallint,NO,,
kemkes-rsonline,rekap_pasien_masuk,12,ri_suspect_p,smallint,NO,,
kemkes-rsonline,rekap_pasien_masuk,13,ri_confirm_l,smallint,NO,,
kemkes-rsonline,rekap_pasien_masuk,14,ri_confirm_p,smallint,NO,,
kemkes-rsonline,rekap_pasien_masuk,15,baru,tinyint,NO,,
kemkes-rsonline,rekap_pasien_masuk,16,tgl_kirim,datetime,YES,,
kemkes-rsonline,rekap_pasien_masuk,17,kirim,tinyint,NO,MUL,
kemkes-rsonline,rekap_pasien_masuk,18,response,varchar(500),YES,,
kemkes-rsonline,rekap_pasien_nonkomorbid,1,id,int,NO,PRI,
kemkes-rsonline,rekap_pasien_nonkomorbid,2,tanggal,date,NO,UNI,
kemkes-rsonline,rekap_pasien_nonkomorbid,3,icu_dengan_ventilator_suspect_l,smallint,NO,,
kemkes-rsonline,rekap_pasien_nonkomorbid,4,icu_dengan_ventilator_suspect_p,smallint,NO,,
kemkes-rsonline,rekap_pasien_nonkomorbid,5,icu_dengan_ventilator_confirm_l,smallint,NO,,
kemkes-rsonline,rekap_pasien_nonkomorbid,6,icu_dengan_ventilator_confirm_p,smallint,NO,,
kemkes-rsonline,rekap_pasien_nonkomorbid,7,icu_tanpa_ventilator_suspect_l,smallint,NO,,
kemkes-rsonline,rekap_pasien_nonkomorbid,8,icu_tanpa_ventilator_suspect_p,smallint,NO,,
kemkes-rsonline,rekap_pasien_nonkomorbid,9,icu_tanpa_ventilator_confirm_l,smallint,NO,,
kemkes-rsonline,rekap_pasien_nonkomorbid,10,icu_tanpa_ventilator_confirm_p,smallint,NO,,
kemkes-rsonline,rekap_pasien_nonkomorbid,11,icu_tekanan_negatif_dengan_ventilator_suspect_l,smallint,NO,,
kemkes-rsonline,rekap_pasien_nonkomorbid,12,icu_tekanan_negatif_dengan_ventilator_suspect_p,smallint,NO,,
kemkes-rsonline,rekap_pasien_nonkomorbid,13,icu_tekanan_negatif_dengan_ventilator_confirm_l,smallint,NO,,
kemkes-rsonline,rekap_pasien_nonkomorbid,14,icu_tekanan_negatif_dengan_ventilator_confirm_p,smallint,NO,,
kemkes-rsonline,rekap_pasien_nonkomorbid,15,icu_tekanan_negatif_tanpa_ventilator_suspect_l,smallint,NO,,
kemkes-rsonline,rekap_pasien_nonkomorbid,16,icu_tekanan_negatif_tanpa_ventilator_suspect_p,smallint,NO,,
kemkes-rsonline,rekap_pasien_nonkomorbid,17,icu_tekanan_negatif_tanpa_ventilator_confirm_l,smallint,NO,,
kemkes-rsonline,rekap_pasien_nonkomorbid,18,icu_tekanan_negatif_tanpa_ventilator_confirm_p,smallint,NO,,
kemkes-rsonline,rekap_pasien_nonkomorbid,19,isolasi_tekanan_negatif_suspect_l,smallint,NO,,
kemkes-rsonline,rekap_pasien_nonkomorbid,20,isolasi_tekanan_negatif_suspect_p,smallint,NO,,
kemkes-rsonline,rekap_pasien_nonkomorbid,21,isolasi_tekanan_negatif_confirm_l,smallint,NO,,
kemkes-rsonline,rekap_pasien_nonkomorbid,22,isolasi_tekanan_negatif_confirm_p,smallint,NO,,
kemkes-rsonline,rekap_pasien_nonkomorbid,23,isolasi_tanpa_tekanan_negatif_suspect_l,smallint,NO,,
kemkes-rsonline,rekap_pasien_nonkomorbid,24,isolasi_tanpa_tekanan_negatif_suspect_p,smallint,NO,,
kemkes-rsonline,rekap_pasien_nonkomorbid,25,isolasi_tanpa_tekanan_negatif_confirm_l,smallint,NO,,
kemkes-rsonline,rekap_pasien_nonkomorbid,26,isolasi_tanpa_tekanan_negatif_confirm_p,smallint,NO,,
kemkes-rsonline,rekap_pasien_nonkomorbid,27,nicu_khusus_covid_suspect_l,smallint,NO,,
kemkes-rsonline,rekap_pasien_nonkomorbid,28,nicu_khusus_covid_suspect_p,smallint,NO,,
kemkes-rsonline,rekap_pasien_nonkomorbid,29,nicu_khusus_covid_confirm_l,smallint,NO,,
kemkes-rsonline,rekap_pasien_nonkomorbid,30,nicu_khusus_covid_confirm_p,smallint,NO,,
kemkes-rsonline,rekap_pasien_nonkomorbid,31,picu_khusus_covid_suspect_l,smallint,NO,,
kemkes-rsonline,rekap_pasien_nonkomorbid,32,picu_khusus_covid_suspect_p,smallint,NO,,
kemkes-rsonline,rekap_pasien_nonkomorbid,33,picu_khusus_covid_confirm_l,smallint,NO,,
kemkes-rsonline,rekap_pasien_nonkomorbid,34,picu_khusus_covid_confirm_p,smallint,NO,,
kemkes-rsonline,rekap_pasien_nonkomorbid,35,baru,tinyint,NO,,
kemkes-rsonline,rekap_pasien_nonkomorbid,36,tgl_kirim,datetime,YES,,
kemkes-rsonline,rekap_pasien_nonkomorbid,37,kirim,tinyint,NO,MUL,
kemkes-rsonline,rekap_pasien_nonkomorbid,38,response,varchar(500),YES,,
kemkes-rsonline,status_isolasi,1,id_isolasi,tinyint,NO,PRI,
kemkes-rsonline,status_isolasi,2,id_status_rawat,tinyint,NO,MUL,
kemkes-rsonline,status_isolasi,3,status_isolasi,varchar(150),NO,,
kemkes-rsonline,status_keluar,1,id_status,tinyint,NO,PRI,
kemkes-rsonline,status_keluar,2,status,varchar(25),NO,,
kemkes-rsonline,status_rawat,1,id_status_rawat,tinyint,NO,PRI,
kemkes-rsonline,status_rawat,2,status,varchar(100),YES,,
kemkes-rsonline,sumber_penularan,1,id_source,tinyint,NO,PRI,
kemkes-rsonline,sumber_penularan,2,sources,varchar(50),NO,,
kemkes-rsonline,tempat_tidur,1,kode_tt,tinyint,NO,PRI,
kemkes-rsonline,tempat_tidur,2,nama_tt,varchar(150),NO,,
kemkes-rsonline,tempat_tidur,3,status,tinyint,NO,,
kemkes-sirs,rl1-2,1,object_id,int,NO,PRI,auto_increment
kemkes-sirs,rl1-2,2,id,int,YES,MUL,
kemkes-sirs,rl1-2,3,tahun,year,NO,UNI,
kemkes-sirs,rl1-2,4,bor,"decimal(10,2)",NO,,
kemkes-sirs,rl1-2,5,los,"decimal(10,2)",NO,,
kemkes-sirs,rl1-2,6,bto,"decimal(10,2)",NO,,
kemkes-sirs,rl1-2,7,toi,"decimal(10,2)",NO,,
kemkes-sirs,rl1-2,8,ndr,"decimal(10,2)",NO,,
kemkes-sirs,rl1-2,9,gdr,"decimal(10,2)",NO,,
kemkes-sirs,rl1-2,10,ratakunjungan,"decimal(10,2)",NO,,
kemkes-sirs,rl1-2,11,tanggal_kirim,datetime,YES,MUL,
kemkes-sirs,rl1-2,12,kirim,tinyint,NO,MUL,
kemkes-sirs,rl1-2,13,response,text,YES,,
kemkes-sirs,rl1-3,1,object_id,int,NO,PRI,auto_increment
kemkes-sirs,rl1-3,2,id,int,YES,MUL,
kemkes-sirs,rl1-3,3,tahun,year,NO,MUL,
kemkes-sirs,rl1-3,4,no,smallint,NO,,
kemkes-sirs,rl1-3,5,jenis_pelayanan,varchar(200),NO,,
kemkes-sirs,rl1-3,6,jumlah_tt,smallint,NO,,
kemkes-sirs,rl1-3,7,vvip,smallint,NO,,
kemkes-sirs,rl1-3,8,vip,smallint,NO,,
kemkes-sirs,rl1-3,9,i,smallint,NO,,
kemkes-sirs,rl1-3,10,ii,smallint,NO,,
kemkes-sirs,rl1-3,11,iii,smallint,NO,,
kemkes-sirs,rl1-3,12,kelas_khusus,smallint,NO,,
kemkes-sirs,rl1-3,13,tanggal_kirim,datetime,YES,MUL,
kemkes-sirs,rl1-3,14,kirim,tinyint,NO,MUL,
kemkes-sirs,rl1-3,15,response,text,NO,,
kemkes-sirs,rl2,1,object_id,int,NO,PRI,auto_increment
kemkes-sirs,rl2,2,id,int,YES,MUL,
kemkes-sirs,rl2,3,tahun,year,NO,MUL,
kemkes-sirs,rl2,4,no_kode,char(6),NO,,
kemkes-sirs,rl2,5,kualifikasi_pendidikan,varchar(200),NO,,
kemkes-sirs,rl2,6,keadaan_laki_laki,smallint,NO,,
kemkes-sirs,rl2,7,keadaan_perempuan,smallint,NO,,
kemkes-sirs,rl2,8,kebutuhan_laki_laki,smallint,NO,,
kemkes-sirs,rl2,9,kebutuhan_perempuan,smallint,NO,,
kemkes-sirs,rl2,10,kekurangan_laki_laki,smallint,NO,,
kemkes-sirs,rl2,11,kekurangan_perempuan,smallint,NO,,
kemkes-sirs,rl2,12,tanggal_kirim,datetime,YES,MUL,
kemkes-sirs,rl2,13,kirim,tinyint,NO,MUL,
kemkes-sirs,rl2,14,response,text,NO,,
kemkes-sirs,rl3-1,1,object_id,int,NO,PRI,auto_increment
kemkes-sirs,rl3-1,2,id,int,YES,MUL,
kemkes-sirs,rl3-1,3,tahun,year,NO,MUL,
kemkes-sirs,rl3-1,4,no,smallint,NO,,
kemkes-sirs,rl3-1,5,jenis_pelayanan,varchar(200),NO,,
kemkes-sirs,rl3-1,6,pasien_awal_tahun,smallint,NO,,
kemkes-sirs,rl3-1,7,pasien_masuk,smallint,NO,,
kemkes-sirs,rl3-1,8,pasien_keluar_hidup,smallint,NO,,
kemkes-sirs,rl3-1,9,kurang_48_jam,smallint,NO,,
kemkes-sirs,rl3-1,10,lebih_48_jam,smallint,NO,,
kemkes-sirs,rl3-1,11,jumlah_lama_dirawat,mediumint,NO,,
kemkes-sirs,rl3-1,12,pasien_akhir_tahun,mediumint,NO,,
kemkes-sirs,rl3-1,13,jumlah_hari_perawatan,mediumint,NO,,
kemkes-sirs,rl3-1,14,vvip,smallint,NO,,
kemkes-sirs,rl3-1,15,vip,smallint,NO,,
kemkes-sirs,rl3-1,16,i,smallint,NO,,
kemkes-sirs,rl3-1,17,ii,smallint,NO,,
kemkes-sirs,rl3-1,18,iii,smallint,NO,,
kemkes-sirs,rl3-1,19,kelas_khusus,smallint,NO,,
kemkes-sirs,rl3-1,20,tanggal_kirim,datetime,YES,MUL,
kemkes-sirs,rl3-1,21,kirim,tinyint,NO,MUL,
kemkes-sirs,rl3-1,22,response,text,YES,,
kemkes-sirs,rl3-10,1,object_id,int,NO,PRI,auto_increment
kemkes-sirs,rl3-10,2,id,int,YES,MUL,
kemkes-sirs,rl3-10,3,tahun,year,NO,MUL,
kemkes-sirs,rl3-10,4,no,tinyint,NO,,
kemkes-sirs,rl3-10,5,jenis_kegiatan,varchar(200),NO,,
kemkes-sirs,rl3-10,6,jumlah,mediumint,NO,,
kemkes-sirs,rl3-10,7,tanggal_kirim,datetime,YES,MUL,
kemkes-sirs,rl3-10,8,kirim,tinyint,NO,MUL,
kemkes-sirs,rl3-10,9,response,text,YES,,
kemkes-sirs,rl3-11,1,object_id,int,NO,PRI,auto_increment
kemkes-sirs,rl3-11,2,id,int,YES,MUL,
kemkes-sirs,rl3-11,3,tahun,year,NO,MUL,
kemkes-sirs,rl3-11,4,no,tinyint,NO,,
kemkes-sirs,rl3-11,5,jenis_pelayanan,varchar(200),NO,,
kemkes-sirs,rl3-11,6,jumlah,mediumint,NO,,
kemkes-sirs,rl3-11,7,tanggal_kirim,datetime,YES,MUL,
kemkes-sirs,rl3-11,8,kirim,tinyint,NO,MUL,
kemkes-sirs,rl3-11,9,response,text,YES,,
kemkes-sirs,rl3-12,1,object_id,int,NO,PRI,auto_increment
kemkes-sirs,rl3-12,2,id,int,YES,MUL,
kemkes-sirs,rl3-12,3,tahun,year,NO,MUL,
kemkes-sirs,rl3-12,4,no,tinyint,NO,,
kemkes-sirs,rl3-12,5,metoda,char(50),NO,,
kemkes-sirs,rl3-12,6,konseling_anc,varchar(200),NO,,
kemkes-sirs,rl3-12,7,kenseling_pasca_persalinan,varchar(200),NO,,
kemkes-sirs,rl3-12,8,kb_baru_dengan_cara_masuk_bukan_rujukan,smallint,NO,,
kemkes-sirs,rl3-12,9,kb_baru_dengan_cara_masuk_rujukan_r_inap,smallint,NO,,
kemkes-sirs,rl3-12,10,kb_baru_dengan_cara_masuk_rujukan_r_jalan,smallint,NO,,
kemkes-sirs,rl3-12,11,kb_baru_dengan_cara_masuk_total,smallint,NO,,
kemkes-sirs,rl3-12,12,kb_baru_dengan_kondisi_pasca_persalinan_atau_nifas,smallint,NO,,
kemkes-sirs,rl3-12,13,kb_baru_dengan_kondisi_abortus,smallint,NO,,
kemkes-sirs,rl3-12,14,kb_baru_dengan_kondisi_lainnya,smallint,NO,,
kemkes-sirs,rl3-12,15,kunjungan_ulang,smallint,NO,,
kemkes-sirs,rl3-12,16,keluhan_efek_samping_jumlah,smallint,NO,,
kemkes-sirs,rl3-12,17,keluhan_efek_samping_dirujuk,smallint,NO,,
kemkes-sirs,rl3-12,18,tanggal_kirim,datetime,YES,MUL,
kemkes-sirs,rl3-12,19,kirim,tinyint,NO,MUL,
kemkes-sirs,rl3-12,20,response,text,YES,,
kemkes-sirs,rl3-13,1,object_id,int,NO,PRI,auto_increment
kemkes-sirs,rl3-13,2,id,int,YES,MUL,
kemkes-sirs,rl3-13,3,tahun,year,NO,MUL,
kemkes-sirs,rl3-13,4,no,tinyint,NO,,
kemkes-sirs,rl3-13,5,golongan_obat,varchar(200),NO,,
kemkes-sirs,rl3-13,6,jumlah_item_obat,int,NO,,
kemkes-sirs,rl3-13,7,jumlah_item_obat_yang_tersedia_di_rs,int,NO,,
kemkes-sirs,rl3-13,8,jumlah_item_obat_formulatorium_yang_tersedia_di_rs,int,NO,,
kemkes-sirs,rl3-13,9,tanggal_kirim,datetime,YES,MUL,
kemkes-sirs,rl3-13,10,kirim,tinyint,NO,MUL,
kemkes-sirs,rl3-13,11,response,text,YES,,
kemkes-sirs,rl3-13b,1,object_id,int,NO,PRI,auto_increment
kemkes-sirs,rl3-13b,2,id,int,YES,MUL,
kemkes-sirs,rl3-13b,3,tahun,year,NO,MUL,
kemkes-sirs,rl3-13b,4,no,tinyint,NO,,
kemkes-sirs,rl3-13b,5,golongan_obat,varchar(200),NO,,
kemkes-sirs,rl3-13b,6,rawat_jalan,int,NO,,
kemkes-sirs,rl3-13b,7,igd,int,NO,,
kemkes-sirs,rl3-13b,8,rawat_inap,int,NO,,
kemkes-sirs,rl3-13b,9,tanggal_kirim,datetime,YES,MUL,
kemkes-sirs,rl3-13b,10,kirim,tinyint,NO,MUL,
kemkes-sirs,rl3-13b,11,response,text,YES,,
kemkes-sirs,rl3-14,1,object_id,int,NO,PRI,auto_increment
kemkes-sirs,rl3-14,2,id,int,YES,MUL,
kemkes-sirs,rl3-14,3,tahun,year,NO,MUL,
kemkes-sirs,rl3-14,4,no,tinyint,NO,,
kemkes-sirs,rl3-14,5,jenis_spesialisasi,varchar(200),NO,,
kemkes-sirs,rl3-14,6,rujukan_diterima_dari_puskesmas,smallint,NO,,
kemkes-sirs,rl3-14,7,rujukan_diterima_dari_faskes_lainnya,smallint,NO,,
kemkes-sirs,rl3-14,8,rujukan_diterima_dari_rs_lain,smallint,NO,,
kemkes-sirs,rl3-14,9,rujukan_dikembalikan_ke_puskesmas,smallint,NO,,
kemkes-sirs,rl3-14,10,rujukan_dikembalikan_ke_faskes_lainnya,smallint,NO,,
kemkes-sirs,rl3-14,11,rujukan_dikembalikan_ke_rs_asal,smallint,NO,,
kemkes-sirs,rl3-14,12,dirujuk_pasien_rujukan,smallint,NO,,
kemkes-sirs,rl3-14,13,dirujuk_pasien_datang_sendiri,smallint,NO,,
kemkes-sirs,rl3-14,14,dirujuk_diterima_kembali,smallint,NO,,
kemkes-sirs,rl3-14,15,tanggal_kirim,datetime,YES,MUL,
kemkes-sirs,rl3-14,16,kirim,tinyint,NO,MUL,
kemkes-sirs,rl3-14,17,response,text,YES,,
kemkes-sirs,rl3-15,1,object_id,int,NO,PRI,auto_increment
kemkes-sirs,rl3-15,2,id,int,YES,MUL,
kemkes-sirs,rl3-15,3,tahun,year,NO,MUL,
kemkes-sirs,rl3-15,4,no,char(50),NO,,
kemkes-sirs,rl3-15,5,cara_pembayaran,varchar(200),NO,,
kemkes-sirs,rl3-15,6,pasien_rawat_inap_jpk,int,NO,,
kemkes-sirs,rl3-15,7,pasien_rawat_inap_jld,int,NO,,
kemkes-sirs,rl3-15,8,jumlah_pasien_rawat_jalan,int,NO,,
kemkes-sirs,rl3-15,9,jumlah_pasien_rawat_jalan_lab,int,NO,,
kemkes-sirs,rl3-15,10,jumlah_pasien_rawat_jalan_rad,int,NO,,
kemkes-sirs,rl3-15,11,jumlah_pasien_rawat_jalan_ll,int,NO,,
kemkes-sirs,rl3-15,12,tanggal_kirim,datetime,YES,MUL,
kemkes-sirs,rl3-15,13,kirim,tinyint,NO,MUL,
kemkes-sirs,rl3-15,14,response,text,YES,,
kemkes-sirs,rl3-2,1,object_id,int,NO,PRI,auto_increment
kemkes-sirs,rl3-2,2,id,int,YES,MUL,
kemkes-sirs,rl3-2,3,tahun,year,NO,MUL,
kemkes-sirs,rl3-2,4,no,smallint,NO,,
kemkes-sirs,rl3-2,5,jenis_pelayanan,varchar(200),NO,,
kemkes-sirs,rl3-2,6,total_pasien_rujukan,smallint,NO,,
kemkes-sirs,rl3-2,7,total_pasien_non_rujukan,smallint,NO,,
kemkes-sirs,rl3-2,8,tindak_lanjut_pelayanan_dirawat,smallint,NO,,
kemkes-sirs,rl3-2,9,tindak_lanjut_pelayanan_dirujuk,smallint,NO,,
kemkes-sirs,rl3-2,10,tindak_lanjut_pelayanan_pulang,smallint,NO,,
kemkes-sirs,rl3-2,11,mati_di_ugd,smallint,NO,,
kemkes-sirs,rl3-2,12,doa,smallint,NO,,
kemkes-sirs,rl3-2,13,tanggal_kirim,datetime,YES,MUL,
kemkes-sirs,rl3-2,14,kirim,tinyint,NO,MUL,
kemkes-sirs,rl3-2,15,response,text,YES,,
kemkes-sirs,rl3-3,1,object_id,int,NO,PRI,auto_increment
kemkes-sirs,rl3-3,2,id,int,YES,MUL,
kemkes-sirs,rl3-3,3,tahun,year,NO,MUL,
kemkes-sirs,rl3-3,4,no,smallint,NO,,
kemkes-sirs,rl3-3,5,jenis_kegiatan,varchar(200),NO,,
kemkes-sirs,rl3-3,6,jumlah,mediumint,NO,,
kemkes-sirs,rl3-3,7,tanggal_kirim,datetime,YES,MUL,
kemkes-sirs,rl3-3,8,kirim,tinyint,NO,MUL,
kemkes-sirs,rl3-3,9,response,text,YES,,
kemkes-sirs,rl3-4,1,object_id,int,NO,PRI,auto_increment
kemkes-sirs,rl3-4,2,id,int,YES,MUL,
kemkes-sirs,rl3-4,3,tahun,year,NO,MUL,
kemkes-sirs,rl3-4,4,no,char(3),NO,,
kemkes-sirs,rl3-4,5,jenis_kegiatan,varchar(200),NO,,
kemkes-sirs,rl3-4,6,rm_rumah_sakit,smallint,NO,,
kemkes-sirs,rl3-4,7,rm_bidan,smallint,NO,,
kemkes-sirs,rl3-4,8,rm_puskesmas,smallint,NO,,
kemkes-sirs,rl3-4,9,rm_faskes_lainnya,smallint,NO,,
kemkes-sirs,rl3-4,10,rm_hidup,smallint,NO,,
kemkes-sirs,rl3-4,11,rm_mati,smallint,NO,,
kemkes-sirs,rl3-4,12,rm_total,smallint,NO,,
kemkes-sirs,rl3-4,13,rnm_hidup,smallint,NO,,
kemkes-sirs,rl3-4,14,rnm_mati,smallint,NO,,
kemkes-sirs,rl3-4,15,rnm_total,smallint,NO,,
kemkes-sirs,rl3-4,16,nr_hidup,smallint,NO,,
kemkes-sirs,rl3-4,17,nr_mati,smallint,NO,,
kemkes-sirs,rl3-4,18,nr_total,smallint,NO,,
kemkes-sirs,rl3-4,19,dirujuk,smallint,NO,,
kemkes-sirs,rl3-4,20,tanggal_kirim,datetime,YES,MUL,
kemkes-sirs,rl3-4,21,kirim,tinyint,NO,MUL,
kemkes-sirs,rl3-4,22,response,text,YES,,
kemkes-sirs,rl3-5,1,object_id,int,NO,PRI,auto_increment
kemkes-sirs,rl3-5,2,id,int,YES,MUL,
kemkes-sirs,rl3-5,3,tahun,year,NO,MUL,
kemkes-sirs,rl3-5,4,no,char(30),NO,,
kemkes-sirs,rl3-5,5,jenis_kegiatan,varchar(200),NO,,
kemkes-sirs,rl3-5,6,rm_rumah_sakit,smallint,NO,,
kemkes-sirs,rl3-5,7,rm_bidan,smallint,NO,,
kemkes-sirs,rl3-5,8,rm_puskesmas,smallint,NO,,
kemkes-sirs,rl3-5,9,rm_faskes_lainnya,smallint,NO,,
kemkes-sirs,rl3-5,10,rm_mati,smallint,NO,,
kemkes-sirs,rl3-5,11,rm_total,smallint,NO,,
kemkes-sirs,rl3-5,12,rnm_mati,smallint,NO,,
kemkes-sirs,rl3-5,13,rnm_total,smallint,NO,,
kemkes-sirs,rl3-5,14,nr_mati,smallint,NO,,
kemkes-sirs,rl3-5,15,nr_total,smallint,NO,,
kemkes-sirs,rl3-5,16,dirujuk,smallint,NO,,
kemkes-sirs,rl3-5,17,tanggal_kirim,datetime,YES,MUL,
kemkes-sirs,rl3-5,18,kirim,tinyint,NO,MUL,
kemkes-sirs,rl3-5,19,response,text,YES,,
kemkes-sirs,rl3-6,1,object_id,int,NO,PRI,auto_increment
kemkes-sirs,rl3-6,2,id,int,YES,MUL,
kemkes-sirs,rl3-6,3,tahun,year,NO,MUL,
kemkes-sirs,rl3-6,4,no,smallint,NO,,
kemkes-sirs,rl3-6,5,spesialisasi,varchar(200),NO,,
kemkes-sirs,rl3-6,6,total,smallint,NO,,
kemkes-sirs,rl3-6,7,khusus,smallint,NO,,
kemkes-sirs,rl3-6,8,besar,smallint,NO,,
kemkes-sirs,rl3-6,9,sedang,smallint,NO,,
kemkes-sirs,rl3-6,10,kecil,smallint,NO,,
kemkes-sirs,rl3-6,11,tanggal_kirim,datetime,YES,MUL,
kemkes-sirs,rl3-6,12,kirim,tinyint,NO,MUL,
kemkes-sirs,rl3-6,13,response,text,YES,,
kemkes-sirs,rl3-7,1,object_id,int,NO,PRI,auto_increment
kemkes-sirs,rl3-7,2,id,int,YES,MUL,
kemkes-sirs,rl3-7,3,tahun,year,NO,MUL,
kemkes-sirs,rl3-7,4,no,char(50),NO,,
kemkes-sirs,rl3-7,5,jenis_kegiatan,varchar(200),NO,,
kemkes-sirs,rl3-7,6,jumlah,mediumint,NO,,
kemkes-sirs,rl3-7,7,tanggal_kirim,datetime,YES,MUL,
kemkes-sirs,rl3-7,8,kirim,tinyint,NO,MUL,
kemkes-sirs,rl3-7,9,response,text,YES,,
kemkes-sirs,rl3-8,1,object_id,int,NO,PRI,auto_increment
kemkes-sirs,rl3-8,2,id,int,YES,MUL,
kemkes-sirs,rl3-8,3,tahun,year,NO,MUL,
kemkes-sirs,rl3-8,4,no,char(50),NO,,
kemkes-sirs,rl3-8,5,jenis_kegiatan,varchar(200),NO,,
kemkes-sirs,rl3-8,6,jumlah,mediumint,NO,,
kemkes-sirs,rl3-8,7,tanggal_kirim,datetime,YES,MUL,
kemkes-sirs,rl3-8,8,kirim,tinyint,NO,MUL,
kemkes-sirs,rl3-8,9,response,text,YES,,
kemkes-sirs,rl3-9,1,object_id,int,NO,PRI,auto_increment
kemkes-sirs,rl3-9,2,id,int,YES,MUL,
kemkes-sirs,rl3-9,3,tahun,year,NO,MUL,
kemkes-sirs,rl3-9,4,no,char(50),NO,,
kemkes-sirs,rl3-9,5,jenis_tindakan,varchar(200),NO,,
kemkes-sirs,rl3-9,6,jumlah,mediumint,NO,,
kemkes-sirs,rl3-9,7,tanggal_kirim,datetime,YES,MUL,
kemkes-sirs,rl3-9,8,kirim,tinyint,NO,MUL,
kemkes-sirs,rl3-9,9,response,text,YES,,
kemkes-sirs,rl4a,1,object_id,int,NO,PRI,auto_increment
kemkes-sirs,rl4a,2,id,int,YES,MUL,
kemkes-sirs,rl4a,3,tahun,year,NO,MUL,
kemkes-sirs,rl4a,4,no_dtd,char(50),NO,,
kemkes-sirs,rl4a,5,no_urut,smallint,NO,,
kemkes-sirs,rl4a,6,no_daftar_terperinci,varchar(200),NO,,
kemkes-sirs,rl4a,7,golongan_sebab_penyakit,varchar(200),NO,,
kemkes-sirs,rl4a,8,jumlah_pasien_hidup_mati_0-<=6_hari_l,smallint,NO,,
kemkes-sirs,rl4a,9,jumlah_pasien_hidup_mati_0-<=6_hari_p,smallint,NO,,
kemkes-sirs,rl4a,10,jumlah_pasien_hidup_mati_>6-<=28_hari_l,smallint,NO,,
kemkes-sirs,rl4a,11,jumlah_pasien_hidup_mati_>6-<=28_hari_p,smallint,NO,,
kemkes-sirs,rl4a,12,jumlah_pasien_hidup_mati_>28_hari-<=1_tahun_l,smallint,NO,,
kemkes-sirs,rl4a,13,jumlah_pasien_hidup_mati_>28_hari-<=1_tahun_p,smallint,NO,,
kemkes-sirs,rl4a,14,jumlah_pasien_hidup_mati_>1-<=4_tahun_l,smallint,NO,,
kemkes-sirs,rl4a,15,jumlah_pasien_hidup_mati_>1-<=4_tahun_p,smallint,NO,,
kemkes-sirs,rl4a,16,jumlah_pasien_hidup_mati_>4-<=14_tahun_l,smallint,NO,,
kemkes-sirs,rl4a,17,jumlah_pasien_hidup_mati_>4-<=14_tahun_p,smallint,NO,,
kemkes-sirs,rl4a,18,jumlah_pasien_hidup_mati_>14-<=24_tahun_l,smallint,NO,,
kemkes-sirs,rl4a,19,jumlah_pasien_hidup_mati_>14-<=24_tahun_p,smallint,NO,,
kemkes-sirs,rl4a,20,jumlah_pasien_hidup_mati_>24-<=44_tahun_l,smallint,NO,,
kemkes-sirs,rl4a,21,jumlah_pasien_hidup_mati_>24-<=44_tahun_p,smallint,NO,,
kemkes-sirs,rl4a,22,jumlah_pasien_hidup_mati_>44-<=64_tahun_l,smallint,NO,,
kemkes-sirs,rl4a,23,jumlah_pasien_hidup_mati_>44-<=64_tahun_p,smallint,NO,,
kemkes-sirs,rl4a,24,jumlah_pasien_hidup_mati_>64_tahun_l,smallint,NO,,
kemkes-sirs,rl4a,25,jumlah_pasien_hidup_mati_>64_tahun_p,smallint,NO,,
kemkes-sirs,rl4a,26,pasien_keluar_hidup_mati_l,smallint,NO,,
kemkes-sirs,rl4a,27,pasien_keluar_hidup_mati_p,smallint,NO,,
kemkes-sirs,rl4a,28,jumlah_pasien_keluar_hidup_mati,smallint,NO,,
kemkes-sirs,rl4a,29,jumlah_pasien_keluar_mati,smallint,NO,,
kemkes-sirs,rl4a,30,tanggal_kirim,datetime,YES,MUL,
kemkes-sirs,rl4a,31,kirim,tinyint,NO,MUL,
kemkes-sirs,rl4a,32,response,text,YES,,
kemkes-sirs,rl4a-sebab,1,object_id,int,NO,PRI,auto_increment
kemkes-sirs,rl4a-sebab,2,id,int,YES,MUL,
kemkes-sirs,rl4a-sebab,3,tahun,year,NO,MUL,
kemkes-sirs,rl4a-sebab,4,no_dtd,char(50),NO,,
kemkes-sirs,rl4a-sebab,5,no_urut,smallint,NO,,
kemkes-sirs,rl4a-sebab,6,no_daftar_terperinci,varchar(200),NO,,
kemkes-sirs,rl4a-sebab,7,golongan_sebab_penyakit,varchar(200),NO,,
kemkes-sirs,rl4a-sebab,8,jumlah_pasien_hidup_mati_0-<=6_hari_l,smallint,NO,,
kemkes-sirs,rl4a-sebab,9,jumlah_pasien_hidup_mati_0-<=6_hari_p,smallint,NO,,
kemkes-sirs,rl4a-sebab,10,jumlah_pasien_hidup_mati_>6-<=28_hari_l,smallint,NO,,
kemkes-sirs,rl4a-sebab,11,jumlah_pasien_hidup_mati_>6-<=28_hari_p,smallint,NO,,
kemkes-sirs,rl4a-sebab,12,jumlah_pasien_hidup_mati_>28_hari-<=1_tahun_l,smallint,NO,,
kemkes-sirs,rl4a-sebab,13,jumlah_pasien_hidup_mati_>28_hari-<=1_tahun_p,smallint,NO,,
kemkes-sirs,rl4a-sebab,14,jumlah_pasien_hidup_mati_>1-<=4_tahun_l,smallint,NO,,
kemkes-sirs,rl4a-sebab,15,jumlah_pasien_hidup_mati_>1-<=4_tahun_p,smallint,NO,,
kemkes-sirs,rl4a-sebab,16,jumlah_pasien_hidup_mati_>4-<=14_tahun_l,smallint,NO,,
kemkes-sirs,rl4a-sebab,17,jumlah_pasien_hidup_mati_>4-<=14_tahun_p,smallint,NO,,
kemkes-sirs,rl4a-sebab,18,jumlah_pasien_hidup_mati_>14-<=24_tahun_l,smallint,NO,,
kemkes-sirs,rl4a-sebab,19,jumlah_pasien_hidup_mati_>14-<=24_tahun_p,smallint,NO,,
kemkes-sirs,rl4a-sebab,20,jumlah_pasien_hidup_mati_>24-<=44_tahun_l,smallint,NO,,
kemkes-sirs,rl4a-sebab,21,jumlah_pasien_hidup_mati_>24-<=44_tahun_p,smallint,NO,,
kemkes-sirs,rl4a-sebab,22,jumlah_pasien_hidup_mati_>44-<=64_tahun_l,smallint,NO,,
kemkes-sirs,rl4a-sebab,23,jumlah_pasien_hidup_mati_>44-<=64_tahun_p,smallint,NO,,
kemkes-sirs,rl4a-sebab,24,jumlah_pasien_hidup_mati_>64_tahun_l,smallint,NO,,
kemkes-sirs,rl4a-sebab,25,jumlah_pasien_hidup_mati_>64_tahun_p,smallint,NO,,
kemkes-sirs,rl4a-sebab,26,pasien_keluar_hidup_mati_l,smallint,NO,,
kemkes-sirs,rl4a-sebab,27,pasien_keluar_hidup_mati_p,smallint,NO,,
kemkes-sirs,rl4a-sebab,28,jumlah_pasien_keluar_hidup_mati,smallint,NO,,
kemkes-sirs,rl4a-sebab,29,jumlah_pasien_keluar_mati,smallint,NO,,
kemkes-sirs,rl4a-sebab,30,tanggal_kirim,datetime,YES,MUL,
kemkes-sirs,rl4a-sebab,31,kirim,tinyint,NO,MUL,
kemkes-sirs,rl4a-sebab,32,response,text,YES,,
kemkes-sirs,rl4b,1,object_id,int,NO,PRI,auto_increment
kemkes-sirs,rl4b,2,id,int,YES,MUL,
kemkes-sirs,rl4b,3,tahun,year,NO,MUL,
kemkes-sirs,rl4b,4,no_dtd,char(50),NO,,
kemkes-sirs,rl4b,5,no_urut,smallint,NO,,
kemkes-sirs,rl4b,6,no_daftar_terperinci,varchar(200),NO,,
kemkes-sirs,rl4b,7,golongan_sebab_penyakit,varchar(200),NO,,
kemkes-sirs,rl4b,8,0-<=6_hari_l,smallint,NO,,
kemkes-sirs,rl4b,9,0-<=6_hari_p,smallint,NO,,
kemkes-sirs,rl4b,10,>6-<=28_hari_l,smallint,NO,,
kemkes-sirs,rl4b,11,>6-<=28_hari_p,smallint,NO,,
kemkes-sirs,rl4b,12,>28_hari-<=1_tahun_l,smallint,NO,,
kemkes-sirs,rl4b,13,>28_hari-<=1_tahun_p,smallint,NO,,
kemkes-sirs,rl4b,14,>1-<=4_tahun_l,smallint,NO,,
kemkes-sirs,rl4b,15,>1-<=4_tahun_p,smallint,NO,,
kemkes-sirs,rl4b,16,>4-<=14_tahun_l,smallint,NO,,
kemkes-sirs,rl4b,17,>4-<=14_tahun_p,smallint,NO,,
kemkes-sirs,rl4b,18,>14-<=24_tahun_l,smallint,NO,,
kemkes-sirs,rl4b,19,>14-<=24_tahun_p,smallint,NO,,
kemkes-sirs,rl4b,20,>24-<=44_tahun_l,smallint,NO,,
kemkes-sirs,rl4b,21,>24-<=44_tahun_p,smallint,NO,,
kemkes-sirs,rl4b,22,>44-<=64_tahun_l,smallint,NO,,
kemkes-sirs,rl4b,23,>44-<=64_tahun_p,smallint,NO,,
kemkes-sirs,rl4b,24,>64_tahun_l,smallint,NO,,
kemkes-sirs,rl4b,25,>64_tahun_p,smallint,NO,,
kemkes-sirs,rl4b,26,kasus_baru_menurut_jenis_kelamain_l,smallint,NO,,
kemkes-sirs,rl4b,27,kasus_baru_menurut_jenis_kelamain_p,smallint,NO,,
kemkes-sirs,rl4b,28,jumlah_kasus_baru,smallint,NO,,
kemkes-sirs,rl4b,29,jumlah_kunjungan,smallint,NO,,
kemkes-sirs,rl4b,30,tanggal_kirim,datetime,YES,MUL,
kemkes-sirs,rl4b,31,kirim,tinyint,NO,MUL,
kemkes-sirs,rl4b,32,response,text,YES,,
kemkes-sirs,rl4b-sebab,1,object_id,int,NO,PRI,auto_increment
kemkes-sirs,rl4b-sebab,2,id,int,YES,MUL,
kemkes-sirs,rl4b-sebab,3,tahun,year,NO,MUL,
kemkes-sirs,rl4b-sebab,4,no_dtd,char(50),NO,,
kemkes-sirs,rl4b-sebab,5,no_urut,smallint,NO,,
kemkes-sirs,rl4b-sebab,6,no_daftar_terperinci,varchar(200),NO,,
kemkes-sirs,rl4b-sebab,7,golongan_sebab_penyakit,varchar(200),NO,,
kemkes-sirs,rl4b-sebab,8,0-<=6_hari_l,smallint,NO,,
kemkes-sirs,rl4b-sebab,9,0-<=6_hari_p,smallint,NO,,
kemkes-sirs,rl4b-sebab,10,>6-<=28_hari_l,smallint,NO,,
kemkes-sirs,rl4b-sebab,11,>6-<=28_hari_p,smallint,NO,,
kemkes-sirs,rl4b-sebab,12,>28_hari-<=1_tahun_l,smallint,NO,,
kemkes-sirs,rl4b-sebab,13,>28_hari-<=1_tahun_p,smallint,NO,,
kemkes-sirs,rl4b-sebab,14,>1-<=4_tahun_l,smallint,NO,,
kemkes-sirs,rl4b-sebab,15,>1-<=4_tahun_p,smallint,NO,,
kemkes-sirs,rl4b-sebab,16,>4-<=14_tahun_l,smallint,NO,,
kemkes-sirs,rl4b-sebab,17,>4-<=14_tahun_p,smallint,NO,,
kemkes-sirs,rl4b-sebab,18,>14-<=24_tahun_l,smallint,NO,,
kemkes-sirs,rl4b-sebab,19,>14-<=24_tahun_p,smallint,NO,,
kemkes-sirs,rl4b-sebab,20,>24-<=44_tahun_l,smallint,NO,,
kemkes-sirs,rl4b-sebab,21,>24-<=44_tahun_p,smallint,NO,,
kemkes-sirs,rl4b-sebab,22,>44-<=64_tahun_l,smallint,NO,,
kemkes-sirs,rl4b-sebab,23,>44-<=64_tahun_p,smallint,NO,,
kemkes-sirs,rl4b-sebab,24,>64_tahun_l,smallint,NO,,
kemkes-sirs,rl4b-sebab,25,>64_tahun_p,smallint,NO,,
kemkes-sirs,rl4b-sebab,26,kasus_baru_menurut_jenis_kelamain_l,smallint,NO,,
kemkes-sirs,rl4b-sebab,27,kasus_baru_menurut_jenis_kelamain_p,smallint,NO,,
kemkes-sirs,rl4b-sebab,28,jumlah_kasus_baru,smallint,NO,,
kemkes-sirs,rl4b-sebab,29,jumlah_kunjungan,smallint,NO,,
kemkes-sirs,rl4b-sebab,30,tanggal_kirim,datetime,YES,MUL,
kemkes-sirs,rl4b-sebab,31,kirim,tinyint,NO,MUL,
kemkes-sirs,rl4b-sebab,32,response,text,YES,,
kemkes-sirs,rl5-1,1,object_id,int,NO,PRI,auto_increment
kemkes-sirs,rl5-1,2,id,int,YES,MUL,
kemkes-sirs,rl5-1,3,tahun,year,NO,MUL,
kemkes-sirs,rl5-1,4,bulan,char(10),NO,,
kemkes-sirs,rl5-1,5,no,tinyint,NO,,
kemkes-sirs,rl5-1,6,jenis_kegiatan,varchar(200),NO,,
kemkes-sirs,rl5-1,7,jumlah,mediumint,NO,,
kemkes-sirs,rl5-1,8,tanggal_kirim,datetime,YES,MUL,
kemkes-sirs,rl5-1,9,kirim,tinyint,NO,MUL,
kemkes-sirs,rl5-1,10,response,text,YES,,
kemkes-sirs,rl5-2,1,object_id,int,NO,PRI,auto_increment
kemkes-sirs,rl5-2,2,id,int,YES,MUL,
kemkes-sirs,rl5-2,3,tahun,year,NO,MUL,
kemkes-sirs,rl5-2,4,bulan,char(10),NO,,
kemkes-sirs,rl5-2,5,no,tinyint,NO,,
kemkes-sirs,rl5-2,6,jenis_kegiatan,varchar(200),NO,,
kemkes-sirs,rl5-2,7,jumlah,mediumint,NO,,
kemkes-sirs,rl5-2,8,tanggal_kirim,datetime,YES,MUL,
kemkes-sirs,rl5-2,9,kirim,tinyint,NO,MUL,
kemkes-sirs,rl5-2,10,response,text,YES,,
kemkes-sirs,rl5-3,1,object_id,int,NO,PRI,auto_increment
kemkes-sirs,rl5-3,2,id,int,YES,MUL,
kemkes-sirs,rl5-3,3,tahun,year,NO,MUL,
kemkes-sirs,rl5-3,4,bulan,char(10),NO,,
kemkes-sirs,rl5-3,5,kode_icd_10,char(6),NO,,
kemkes-sirs,rl5-3,6,no_urut,tinyint,NO,MUL,
kemkes-sirs,rl5-3,7,deskripsi,varchar(200),NO,,
kemkes-sirs,rl5-3,8,pasien_keluar_hidup_menurut_jenis_kelamin_l,smallint,NO,,
kemkes-sirs,rl5-3,9,pasien_keluar_hidup_menurut_jenis_kelamin_p,smallint,NO,,
kemkes-sirs,rl5-3,10,pasien_keluar_mati_menurut_jenis_kelamin_l,smallint,NO,,
kemkes-sirs,rl5-3,11,pasien_keluar_mati_menurut_jenis_kelamin_p,smallint,NO,,
kemkes-sirs,rl5-3,12,total_all,smallint,NO,,
kemkes-sirs,rl5-3,13,tanggal_kirim,datetime,YES,MUL,
kemkes-sirs,rl5-3,14,kirim,tinyint,NO,MUL,
kemkes-sirs,rl5-3,15,response,text,YES,,
kemkes-sirs,rl5-4,1,object_id,int,NO,PRI,auto_increment
kemkes-sirs,rl5-4,2,id,int,YES,MUL,
kemkes-sirs,rl5-4,3,tahun,year,NO,MUL,
kemkes-sirs,rl5-4,4,bulan,char(10),NO,,
kemkes-sirs,rl5-4,5,kode_icd_10,char(6),NO,,
kemkes-sirs,rl5-4,6,no_urut,tinyint,NO,MUL,
kemkes-sirs,rl5-4,7,deskripsi,varchar(200),NO,,
kemkes-sirs,rl5-4,8,kasus_baru_menurut_jenis_kelamin_l,smallint,NO,,
kemkes-sirs,rl5-4,9,kasus_baru_menurut_jenis_kelamin_p,smallint,NO,,
kemkes-sirs,rl5-4,10,jumlah_kasus_baru,smallint,NO,,
kemkes-sirs,rl5-4,11,jumlah_kunjungan,smallint,NO,,
kemkes-sirs,rl5-4,12,tanggal_kirim,datetime,YES,MUL,
kemkes-sirs,rl5-4,13,kirim,tinyint,NO,MUL,
kemkes-sirs,rl5-4,14,response,text,YES,,
laporan,request_report,1,ID,char(36),NO,PRI,
laporan,request_report,2,DOCUMENT_STORAGE_ID,char(36),NO,MUL,
laporan,request_report,3,KEY,varchar(100),NO,MUL,
laporan,request_report,4,REQUEST_DATA,text,NO,,
laporan,request_report,5,DOCUMENT_DIRECTORY_ID,int,NO,MUL,
laporan,request_report,6,REF_ID,char(36),NO,MUL,
laporan,request_report,7,DIBUAT_TANGGAL,datetime,NO,,
laporan,request_report,8,DIBUAT_OLEH,smallint,NO,,
laporan,request_report,9,DIUBAH_TANGGAL,datetime,YES,,
laporan,request_report,10,DIUBAH_OLEH,smallint,YES,,
laporan,request_report,11,TTD_OLEH,smallint,YES,,
laporan,request_report,12,TTD_TANGGAL,datetime,YES,,
laporan,request_report,13,STATUS,tinyint,NO,MUL,
layanan,batas_layanan_obat,1,ID,bigint,NO,PRI,auto_increment
layanan,batas_layanan_obat,2,NORM,int,NO,MUL,
layanan,batas_layanan_obat,3,FARMASI,smallint,NO,MUL,
layanan,batas_layanan_obat,4,TANGGAL,date,NO,MUL,
layanan,batas_layanan_obat,5,STATUS,tinyint,YES,MUL,
layanan,batas_layanan_obat,6,INPUT_TIME,timestamp,YES,,DEFAULT_GENERATED
layanan,batas_layanan_obat,7,UPDATE_TIME,timestamp,YES,,"DEFAULT_GENERATED on update CURRENT_TIMESTAMP"
layanan,batas_layanan_obat,8,REF,char(11),YES,MUL,
layanan,bon_sisa_farmasi,1,ID,bigint,NO,PRI,auto_increment
layanan,bon_sisa_farmasi,2,REF,char(11),NO,MUL,
layanan,bon_sisa_farmasi,3,FARMASI,smallint,NO,MUL,
layanan,bon_sisa_farmasi,4,JUMLAH,"decimal(20,2)",NO,,
layanan,bon_sisa_farmasi,5,SISA,"decimal(20,2)",YES,,
layanan,bon_sisa_farmasi,6,TANGGAL,datetime,NO,MUL,
layanan,bon_sisa_farmasi,7,OLEH,tinyint,YES,,
layanan,bon_sisa_farmasi,8,STATUS,tinyint,YES,MUL,
layanan,bon_sisa_farmasi,9,INPUT_TIME,timestamp,YES,,DEFAULT_GENERATED
layanan,bon_sisa_farmasi,10,UPDATE_TIME,timestamp,YES,,"DEFAULT_GENERATED on update CURRENT_TIMESTAMP"
layanan,catatan_hasil_lab,1,KUNJUNGAN,char(19),NO,PRI,
layanan,catatan_hasil_lab,2,TANGGAL,datetime,NO,MUL,
layanan,catatan_hasil_lab,3,CATATAN,varchar(10000),NO,,
layanan,catatan_hasil_lab,4,DOKTER,smallint,NO,MUL,
layanan,catatan_hasil_lab,5,OLEH,smallint,NO,,
layanan,catatan_hasil_lab,6,STATUS,tinyint,NO,,
layanan,dcm_rad,1,ID,bigint,NO,PRI,auto_increment
layanan,dcm_rad,2,TINDAKAN_MEDIS,char(11),NO,MUL,
layanan,dcm_rad,3,TANGGAL,timestamp,NO,MUL,DEFAULT_GENERATED
layanan,dcm_rad,4,PATIENT_ID,char(25),NO,MUL,
layanan,dcm_rad,5,STUDY_UID,varchar(60),NO,,
layanan,dcm_rad,6,SERIES_UID,varchar(60),NO,,
layanan,dcm_rad,7,STATUS,tinyint,NO,,
layanan,farmasi,1,ID,char(11),NO,PRI,
layanan,farmasi,2,KUNJUNGAN,char(19),NO,MUL,
layanan,farmasi,3,FARMASI,smallint,NO,MUL,
layanan,farmasi,4,TANGGAL,datetime,NO,MUL,
layanan,farmasi,5,JUMLAH,"decimal(60,2)",NO,,
layanan,farmasi,6,BON,"decimal(60,2)",NO,,
layanan,farmasi,7,ATURAN_PAKAI,varchar(250),YES,,
layanan,farmasi,8,SIGNA1,int,YES,,
layanan,farmasi,9,SIGNA2,int,YES,,
layanan,farmasi,10,DOSIS,varchar(100),YES,,
layanan,farmasi,11,KETERANGAN,varchar(250),YES,,
layanan,farmasi,12,RACIKAN,tinyint,YES,,
layanan,farmasi,13,GROUP_RACIKAN,tinyint,YES,,
layanan,farmasi,14,PETUNJUK_RACIKAN,varchar(250),YES,,
layanan,farmasi,15,JUMLAH_RACIKAN,"decimal(10,0)",YES,,
layanan,farmasi,16,ALASAN_TIDAK_TERLAYANI,varchar(250),YES,,
layanan,farmasi,17,HARI,tinyint,YES,,
layanan,farmasi,18,KLAIM_TERPISAH,tinyint,YES,MUL,
layanan,farmasi,19,TINDAKAN_PAKET,tinyint,YES,,
layanan,farmasi,20,FREKUENSI,int,YES,MUL,
layanan,farmasi,21,RUTE_PEMBERIAN,int,YES,MUL,
layanan,farmasi,22,OLEH,smallint,NO,,
layanan,farmasi,23,STATUS,tinyint,NO,MUL,
layanan,farmasi,24,REF,char(11),YES,MUL,
layanan,farmasi,25,ID_ORDER_DETAIL,bigint,YES,MUL,
layanan,farmasi,26,FLAG,smallint,YES,MUL,
layanan,farmasi,27,TINDAKAN,smallint,YES,MUL,
layanan,farmasi_kpo,1,NOMOR,char(21),NO,PRI,
layanan,farmasi_kpo,2,JENIS,tinyint,NO,MUL,
layanan,farmasi_kpo,3,RESEP_TERLAYANI_KPO,char(21),NO,MUL,
layanan,farmasi_kpo,4,RUANGAN_DEPO,char(10),NO,MUL,
layanan,farmasi_kpo,5,REF_TELAAH,json,NO,,
layanan,farmasi_kpo,6,STATUS,smallint,YES,MUL,
layanan,farmasi_kpo,7,OLEH,smallint,NO,,
layanan,farmasi_kpo,8,INPUT_TIME,timestamp,YES,,DEFAULT_GENERATED
layanan,farmasi_kpo,9,UPDATE_TIME,timestamp,YES,MUL,"DEFAULT_GENERATED on update CURRENT_TIMESTAMP"
layanan,formulir_antibiotik,1,ID,varchar(21),NO,PRI,
layanan,formulir_antibiotik,2,ORDER_RESEP,varchar(21),YES,,
layanan,formulir_antibiotik,3,OLEH,smallint,YES,,
layanan,formulir_antibiotik,4,STATUS,tinyint,YES,,
layanan,formulir_antibiotik,5,INPUT_TIME,timestamp,YES,,DEFAULT_GENERATED
layanan,formulir_antibiotik,6,UPDATE_TIME,timestamp,YES,,"DEFAULT_GENERATED on update CURRENT_TIMESTAMP"
layanan,formulir_antibiotik,7,TANGGAL,datetime,YES,MUL,
layanan,formulir_antibiotik,8,KEADAAN_SAAT_INI,varchar(300),YES,,
layanan,formulir_antibiotik,9,PENYAKIT_PENYERTA,varchar(300),YES,,
layanan,formulir_antibiotik_approve,1,ID,varchar(21),NO,PRI,
layanan,formulir_antibiotik_approve,2,FORMULIR,varchar(21),YES,MUL,
layanan,formulir_antibiotik_approve,3,JENIS,smallint,YES,,
layanan,formulir_antibiotik_approve,4,DESKRIPSI,varchar(250),YES,,
layanan,formulir_antibiotik_approve,5,OLEH,smallint,YES,,
layanan,formulir_antibiotik_approve,6,STATUS,tinyint,YES,,
layanan,formulir_antibiotik_approve,7,INPUT_TIME,timestamp,YES,,DEFAULT_GENERATED
layanan,formulir_antibiotik_approve,8,UPDATE_TIME,timestamp,YES,,"DEFAULT_GENERATED on update CURRENT_TIMESTAMP"
layanan,formulir_antibiotik_detail,1,ID,bigint,NO,PRI,auto_increment
layanan,formulir_antibiotik_detail,2,FORMULIR,varchar(21),NO,,
layanan,formulir_antibiotik_detail,3,REF_RESEP_DETAIL,bigint,NO,,
layanan,formulir_antibiotik_detail,4,STATUS,tinyint,YES,,
layanan,formulir_antibiotik_hl,1,ID,bigint,NO,PRI,auto_increment
layanan,formulir_antibiotik_hl,2,FORMULIR,varchar(21),NO,,
layanan,formulir_antibiotik_hl,3,REF_HASIL_LAB,varchar(5),NO,,
layanan,formulir_antibiotik_hl,4,STATUS,tinyint,YES,,
layanan,formulir_antibiotik_hlm,1,ID,bigint,NO,PRI,auto_increment
layanan,formulir_antibiotik_hlm,2,FORMULIR,varchar(21),NO,,
layanan,formulir_antibiotik_hlm,3,TANGGAL,date,NO,,
layanan,formulir_antibiotik_hlm,4,SPESIMEN,varchar(100),YES,,
layanan,formulir_antibiotik_hlm,5,HASIL,varchar(250),YES,,
layanan,formulir_antibiotik_hlm,6,JENIS,smallint,NO,,
layanan,formulir_antibiotik_hlm,7,STATUS,tinyint,YES,,
layanan,formulir_antibiotik_hr,1,ID,bigint,NO,PRI,auto_increment
layanan,formulir_antibiotik_hr,2,FORMULIR,varchar(21),NO,,
layanan,formulir_antibiotik_hr,3,REF_HASIL_RAD,varchar(5),NO,,
layanan,formulir_antibiotik_hr,4,STATUS,tinyint,YES,,
layanan,formulir_antibiotik_pl,1,ID,bigint,NO,PRI,auto_increment
layanan,formulir_antibiotik_pl,2,FORMULIR,varchar(21),NO,,
layanan,formulir_antibiotik_pl,3,TANGGAL,date,NO,,
layanan,formulir_antibiotik_pl,4,PEMERIKSAAN,varchar(150),YES,,
layanan,formulir_antibiotik_pl,5,HASIL,varchar(250),YES,,
layanan,formulir_antibiotik_pl,6,STATUS,tinyint,YES,,
layanan,formulir_antibiotik_pu,1,ID,bigint,NO,PRI,auto_increment
layanan,formulir_antibiotik_pu,2,FORMULIR,varchar(21),NO,,
layanan,formulir_antibiotik_pu,3,REF_PEMERIKSAAN,smallint,NO,,
layanan,formulir_antibiotik_pu,4,STATUS,tinyint,YES,,
layanan,formulir_antibiotik_rs,1,ID,bigint,NO,PRI,auto_increment
layanan,formulir_antibiotik_rs,2,FORMULIR,varchar(21),NO,MUL,
layanan,formulir_antibiotik_rs,3,OBAT,varchar(5),NO,,
layanan,formulir_antibiotik_rs,4,TINDAK_LANJUT,smallint,NO,,
layanan,formulir_antibiotik_rs,5,LAMA_PEMAKAIAN,varchar(100),YES,,
layanan,formulir_antibiotik_rs,6,TANGGAL_STOP,date,YES,,
layanan,formulir_antibiotik_rs,7,STATUS,tinyint,YES,,
layanan,hasil_evaluasi_sst,1,ID,char(12),NO,PRI,
layanan,hasil_evaluasi_sst,2,KUNJUNGAN,char(19),NO,MUL,
layanan,hasil_evaluasi_sst,3,SELULARITAS,varchar(500),NO,,
layanan,hasil_evaluasi_sst,4,ERITROPOIETIK,text,NO,,
layanan,hasil_evaluasi_sst,5,LEUKOPOIETIK,text,NO,,
layanan,hasil_evaluasi_sst,6,TROMBOPOIETIK,text,NO,,
layanan,hasil_evaluasi_sst,7,SEL_PLASMA,varchar(500),NO,,
layanan,hasil_evaluasi_sst,8,MITOSIS,varchar(500),NO,,
layanan,hasil_evaluasi_sst,9,ME_RATIO,varchar(500),NO,,
layanan,hasil_evaluasi_sst,10,KESAN,text,NO,,
layanan,hasil_evaluasi_sst,11,DOKUMENT_ID_PERBESARAN_SEPULUH,char(36),YES,,
layanan,hasil_evaluasi_sst,12,DOKUMENT_ID_PERBESARAN_SERATUS,char(36),YES,,
layanan,hasil_evaluasi_sst,13,DOKUMENT_ID_PERBESARAN_SERATUS_DUA,char(36),YES,,
layanan,hasil_evaluasi_sst,14,DOKTER,int,NO,MUL,
layanan,hasil_evaluasi_sst,15,TANGGAL,timestamp,NO,,DEFAULT_GENERATED
layanan,hasil_evaluasi_sst,16,STATUS,tinyint,NO,MUL,
layanan,hasil_lab,1,ID,char(12),NO,PRI,
layanan,hasil_lab,2,TINDAKAN_MEDIS,char(11),NO,MUL,
layanan,hasil_lab,3,PARAMETER_TINDAKAN,int,NO,,
layanan,hasil_lab,4,TANGGAL,datetime,NO,MUL,
layanan,hasil_lab,5,HASIL,varchar(250),NO,,
layanan,hasil_lab,6,NILAI_NORMAL,varchar(500),YES,,
layanan,hasil_lab,7,SATUAN,varchar(25),YES,,
layanan,hasil_lab,8,KETERANGAN,text,YES,,
layanan,hasil_lab,9,OLEH,smallint,YES,,
layanan,hasil_lab,10,OTOMATIS,tinyint,NO,,
layanan,hasil_lab,11,STATUS,tinyint,NO,MUL,
layanan,hasil_lab_exam,1,ID,int,NO,PRI,auto_increment
layanan,hasil_lab_exam,2,KUNJUNGAN,char(19),YES,UNI,
layanan,hasil_lab_exam,3,DATE_SP1,date,YES,,
layanan,hasil_lab_exam,4,DATE_SP2,date,YES,,
layanan,hasil_lab_exam,5,DATE_SP3,date,YES,,
layanan,hasil_lab_exam,6,ACID_DATE,date,YES,,
layanan,hasil_lab_exam,7,ACID_SP1,varchar(255),YES,,
layanan,hasil_lab_exam,8,ACID_SP2,varchar(255),YES,,
layanan,hasil_lab_exam,9,ACID_SP3,varchar(255),YES,,
layanan,hasil_lab_exam,10,LJ_DATE,date,YES,,
layanan,hasil_lab_exam,11,LJ_SP1,varchar(255),YES,,
layanan,hasil_lab_exam,12,LJ_SP2,varchar(255),YES,,
layanan,hasil_lab_exam,13,LJ_SP3,varchar(255),YES,,
layanan,hasil_lab_exam,14,MGIT_DATE,date,YES,,
layanan,hasil_lab_exam,15,MGIT_SP1,varchar(255),YES,,
layanan,hasil_lab_exam,16,MGIT_SP2,varchar(255),YES,,
layanan,hasil_lab_exam,17,MGIT_SP3,varchar(255),YES,,
layanan,hasil_lab_exam,18,ANTITUBE,varchar(255),YES,,
layanan,hasil_lab_exam,19,CONCLUSION,varchar(255),YES,,
layanan,hasil_lab_exam,20,DOKTER,int,YES,,
layanan,hasil_lab_exam,21,OLEH,int,YES,,
layanan,hasil_lab_exam,22,TIMESTAMP,timestamp,YES,,"DEFAULT_GENERATED on update CURRENT_TIMESTAMP"
layanan,hasil_lab_exam,23,STATUS,tinyint,YES,,
layanan,hasil_lab_kepekaan,1,ID,int,NO,PRI,auto_increment
layanan,hasil_lab_kepekaan,2,KUNJUNGAN,char(19),YES,MUL,
layanan,hasil_lab_kepekaan,3,PEMERIKSAAN_ID,char(11),YES,MUL,
layanan,hasil_lab_kepekaan,4,BAKTERI,smallint,YES,MUL,
layanan,hasil_lab_kepekaan,5,ANTIBIOTIK,smallint,YES,MUL,
layanan,hasil_lab_kepekaan,6,HASIL,varchar(15),YES,,
layanan,hasil_lab_kepekaan,7,HASIL_INTERPRETASI,varchar(15),YES,,
layanan,hasil_lab_kepekaan,8,TANGGAL,timestamp,YES,,"DEFAULT_GENERATED on update CURRENT_TIMESTAMP"
layanan,hasil_lab_kepekaan,9,OTOMATIS,tinyint,NO,MUL,
layanan,hasil_lab_kepekaan,10,OLEH,smallint,YES,,
layanan,hasil_lab_kepekaan,11,STATUS,tinyint,YES,MUL,
layanan,hasil_lab_kultur,1,ID,int,NO,PRI,auto_increment
layanan,hasil_lab_kultur,2,KUNJUNGAN,char(19),YES,MUL,
layanan,hasil_lab_kultur,3,PEMERIKSAAN_ID,char(11),YES,MUL,
layanan,hasil_lab_kultur,4,BAHAN,varchar(50),YES,,
layanan,hasil_lab_kultur,5,GRAM,varchar(200),YES,,
layanan,hasil_lab_kultur,6,AEROB,varchar(200),YES,,
layanan,hasil_lab_kultur,7,KESIMPULAN,varchar(200),YES,,
layanan,hasil_lab_kultur,8,ANJURAN,varchar(200),YES,,
layanan,hasil_lab_kultur,9,CATATAN,varchar(200),YES,,
layanan,hasil_lab_kultur,10,TGL_HASIL,datetime,YES,,
layanan,hasil_lab_kultur,11,DOKTER,smallint,YES,MUL,
layanan,hasil_lab_kultur,12,OTOMATIS,tinyint,NO,MUL,
layanan,hasil_lab_kultur,13,OLEH,smallint,YES,,
layanan,hasil_lab_kultur,14,STATUS,tinyint,YES,MUL,
layanan,hasil_lab_mikroskopik,1,ID,int,NO,PRI,auto_increment
layanan,hasil_lab_mikroskopik,2,KUNJUNGAN,char(19),NO,UNI,
layanan,hasil_lab_mikroskopik,3,BAHAN,varchar(50),NO,,
layanan,hasil_lab_mikroskopik,4,DIAGNOSA,varchar(255),NO,,
layanan,hasil_lab_mikroskopik,5,TERAPI_ANTIBIOTIK,varchar(255),NO,,
layanan,hasil_lab_mikroskopik,6,TANGGAL_HASIL,datetime,NO,,
layanan,hasil_lab_mikroskopik,7,DOKTER,int,NO,,
layanan,hasil_lab_mikroskopik,8,TIMESTAMP,timestamp,YES,,"DEFAULT_GENERATED on update CURRENT_TIMESTAMP"
layanan,hasil_lab_mikroskopik,9,OLEH,smallint,NO,,
layanan,hasil_lab_mikroskopik,10,STATUS,tinyint,YES,,
layanan,hasil_lab_mikroskopik_detail,1,ID,int,NO,PRI,auto_increment
layanan,hasil_lab_mikroskopik_detail,2,KUNJUNGAN,char(19),NO,MUL,
layanan,hasil_lab_mikroskopik_detail,3,PEMERIKSAAN,tinyint,NO,MUL,
layanan,hasil_lab_mikroskopik_detail,4,HASIL,varchar(255),YES,,
layanan,hasil_lab_mikroskopik_detail,5,TIMESTAMP,timestamp,YES,,"DEFAULT_GENERATED on update CURRENT_TIMESTAMP"
layanan,hasil_lab_mikroskopik_detail,6,OLEH,smallint,YES,,
layanan,hasil_lab_mikroskopik_detail,7,STATUS,tinyint,YES,,
layanan,hasil_lab_pcr,1,ID,int,NO,PRI,auto_increment
layanan,hasil_lab_pcr,2,KUNJUNGAN,char(19),YES,UNI,
layanan,hasil_lab_pcr,3,BAHAN,varchar(50),YES,,
layanan,hasil_lab_pcr,4,DIAGNOSA,varchar(255),YES,,
layanan,hasil_lab_pcr,5,TERAPI_ANTIBIOTIK,varchar(255),YES,,
layanan,hasil_lab_pcr,6,HASIL,text,YES,,
layanan,hasil_lab_pcr,7,KESIMPULAN,text,YES,,
layanan,hasil_lab_pcr,8,ANJURAN,text,YES,,
layanan,hasil_lab_pcr,9,CATATAN,text,YES,,
layanan,hasil_lab_pcr,10,TANGGAL_HASIL,datetime,YES,,
layanan,hasil_lab_pcr,11,DOKTER,int,YES,,
layanan,hasil_lab_pcr,12,TIMESTAMP,timestamp,YES,,"DEFAULT_GENERATED on update CURRENT_TIMESTAMP"
layanan,hasil_lab_pcr,13,OLEH,int,YES,,
layanan,hasil_lab_pcr,14,STATUS,tinyint,YES,,
layanan,hasil_pa,1,ID,int,NO,PRI,auto_increment
layanan,hasil_pa,2,KUNJUNGAN,char(19),NO,MUL,
layanan,hasil_pa,3,JENIS_PEMERIKSAAN,tinyint,NO,MUL,
layanan,hasil_pa,4,NOMOR_PA,varchar(20),YES,,
layanan,hasil_pa,5,PA_SEBELUMNYA,varchar(50),YES,,
layanan,hasil_pa,6,JARINGAN,varchar(50),YES,,
layanan,hasil_pa,7,PERMINTAAN_IHC,varchar(100),YES,,
layanan,hasil_pa,8,ASISTEN,varchar(100),YES,,
layanan,hasil_pa,9,LOKASI,varchar(200),YES,,
layanan,hasil_pa,10,TOPOGRAPHY,char(20),NO,,
layanan,hasil_pa,11,MORPHOLOGY,char(20),NO,,
layanan,hasil_pa,12,GRADE,smallint,NO,,
layanan,hasil_pa,13,PERILAKU_TUMOR,smallint,NO,,
layanan,hasil_pa,14,DIDAPAT_DENGAN,varchar(200),YES,,
layanan,hasil_pa,15,CAIRAN_FIKSASI,varchar(200),YES,,
layanan,hasil_pa,16,DIAGNOSA_KLINIK,varchar(200),YES,,
layanan,hasil_pa,17,KETERANGAN_KLINIK,text,YES,,
layanan,hasil_pa,18,MAKROSKOPIK,text,YES,,
layanan,hasil_pa,19,MIKROSKOPIK,text,YES,,
layanan,hasil_pa,20,KESIMPULAN,text,YES,,
layanan,hasil_pa,21,IMUNO_HISTOKIMIA,text,YES,,
layanan,hasil_pa,22,REEVALUASI,text,YES,,
layanan,hasil_pa,23,BUKAN_TUMOR,tinyint,NO,,
layanan,hasil_pa,24,TANGGAL_IMUNO,datetime,YES,,
layanan,hasil_pa,25,DOKTER,smallint,NO,,
layanan,hasil_pa,26,TANGGAL,datetime,NO,,
layanan,hasil_pa,27,TANGGAL_INPUT,timestamp,NO,MUL,"DEFAULT_GENERATED on update CURRENT_TIMESTAMP"
layanan,hasil_pa,28,OLEH,smallint,NO,,
layanan,hasil_pa,29,STATUS,tinyint,NO,MUL,
layanan,hasil_pemeriksaan_imunoflurosensi_pa,1,ID,int,NO,PRI,auto_increment
layanan,hasil_pemeriksaan_imunoflurosensi_pa,2,KUNJUNGAN,char(19),YES,UNI,
layanan,hasil_pemeriksaan_imunoflurosensi_pa,3,LOKASI,varchar(200),YES,,
layanan,hasil_pemeriksaan_imunoflurosensi_pa,4,FASKES_SEBELUMNYA,varchar(200),YES,,
layanan,hasil_pemeriksaan_imunoflurosensi_pa,5,DIAGNOSA_PA,varchar(200),YES,,
layanan,hasil_pemeriksaan_imunoflurosensi_pa,6,NO_PA_SEBELUMNYA,varchar(200),YES,,
layanan,hasil_pemeriksaan_imunoflurosensi_pa,7,HASIL_PEMERIKSAAN,text,YES,,
layanan,hasil_pemeriksaan_imunoflurosensi_pa,8,KESIMPULAN,text,YES,,
layanan,hasil_pemeriksaan_imunoflurosensi_pa,9,CATATAN,text,YES,,
layanan,hasil_pemeriksaan_imunoflurosensi_pa,10,ASISTEN_PATOLOGI,varchar(200),YES,,
layanan,hasil_pemeriksaan_imunoflurosensi_pa,11,JENIS_PEMERIKSAAN,json,YES,,
layanan,hasil_pemeriksaan_imunoflurosensi_pa,12,DOKTER,smallint,YES,MUL,
layanan,hasil_pemeriksaan_imunoflurosensi_pa,13,TANGGAL_HASIL,datetime,YES,MUL,
layanan,hasil_pemeriksaan_imunoflurosensi_pa,14,TANGGAL_INPUT,timestamp,YES,,"DEFAULT_GENERATED on update CURRENT_TIMESTAMP"
layanan,hasil_pemeriksaan_imunoflurosensi_pa,15,OLEH,smallint,YES,,
layanan,hasil_pemeriksaan_imunoflurosensi_pa,16,STATUS,tinyint,YES,MUL,
layanan,hasil_pemeriksaan_molekuler_pa,1,ID,int,NO,PRI,auto_increment
layanan,hasil_pemeriksaan_molekuler_pa,2,KUNJUNGAN,char(19),YES,UNI,
layanan,hasil_pemeriksaan_molekuler_pa,3,LOKASI,varchar(200),YES,,
layanan,hasil_pemeriksaan_molekuler_pa,4,FASKES_SEBELUMNYA,varchar(200),YES,,
layanan,hasil_pemeriksaan_molekuler_pa,5,DIAGNOSA_PA,varchar(200),YES,,
layanan,hasil_pemeriksaan_molekuler_pa,6,NO_PA_SEBELUMNYA,varchar(200),YES,,
layanan,hasil_pemeriksaan_molekuler_pa,7,HASIL_PEMERIKSAAN,text,YES,,
layanan,hasil_pemeriksaan_molekuler_pa,8,KESIMPULAN,text,YES,,
layanan,hasil_pemeriksaan_molekuler_pa,9,CATATAN,text,YES,,
layanan,hasil_pemeriksaan_molekuler_pa,10,ASISTEN_PATOLOGI,varchar(200),YES,,
layanan,hasil_pemeriksaan_molekuler_pa,11,JENIS_PEMERIKSAAN,smallint,YES,MUL,
layanan,hasil_pemeriksaan_molekuler_pa,12,DOKTER,smallint,YES,MUL,
layanan,hasil_pemeriksaan_molekuler_pa,13,TANGGAL_HASIL,datetime,YES,MUL,
layanan,hasil_pemeriksaan_molekuler_pa,14,TANGGAL_INPUT,timestamp,YES,,"DEFAULT_GENERATED on update CURRENT_TIMESTAMP"
layanan,hasil_pemeriksaan_molekuler_pa,15,OLEH,smallint,YES,,
layanan,hasil_pemeriksaan_molekuler_pa,16,STATUS,tinyint,YES,MUL,
layanan,hasil_rad,1,ID,int,NO,PRI,auto_increment
layanan,hasil_rad,2,TINDAKAN_MEDIS,char(11),NO,UNI,
layanan,hasil_rad,3,TANGGAL,datetime,NO,MUL,
layanan,hasil_rad,4,KLINIS,text,NO,,
layanan,hasil_rad,5,KESAN,text,NO,,
layanan,hasil_rad,6,USUL,text,NO,,
layanan,hasil_rad,7,HASIL,longtext,NO,,
layanan,hasil_rad,8,BTK,text,NO,,
layanan,hasil_rad,9,KRITIS,tinyint,NO,,
layanan,hasil_rad,10,DOKTER,smallint,NO,MUL,
layanan,hasil_rad,11,OLEH,smallint,NO,,
layanan,hasil_rad,12,STATUS,tinyint,NO,,
layanan,iterasi_obat,1,NOMOR,char(30),NO,PRI,
layanan,iterasi_obat,2,KUNJUNGAN,char(30),NO,MUL,
layanan,iterasi_obat,3,KUNJUNGAN_ASAL,char(30),NO,MUL,
layanan,iterasi_obat,4,ITERASI,smallint,YES,MUL,
layanan,iterasi_obat,5,RESEP_KE,smallint,YES,MUL,
layanan,iterasi_obat,6,STATUS,tinyint,YES,MUL,
layanan,iterasi_obat,7,INPUT_TIME,timestamp,YES,,DEFAULT_GENERATED
layanan,iterasi_obat,8,UPDATE_TIME,timestamp,YES,,"DEFAULT_GENERATED on update CURRENT_TIMESTAMP"
layanan,iterasi_obat,9,OLEH,smallint,YES,MUL,
layanan,jasa_tuslah_farmasi,1,ID,char(11),NO,PRI,
layanan,jasa_tuslah_farmasi,2,KUNJUNGAN,char(19),YES,MUL,
layanan,jasa_tuslah_farmasi,3,TANGGAL,datetime,YES,,
layanan,jasa_tuslah_farmasi,4,FARMASI,smallint,YES,MUL,
layanan,jasa_tuslah_farmasi,5,JUMLAH,"decimal(60,2)",YES,,
layanan,jasa_tuslah_farmasi,6,HARGA,int,YES,MUL,
layanan,jasa_tuslah_farmasi,7,OLEH,int,YES,,
layanan,jasa_tuslah_farmasi,8,STATUS,int,YES,,
layanan,kelahiran,1,ID,int,NO,PRI,auto_increment
layanan,kelahiran,2,NOPEN,char(10),NO,MUL,
layanan,kelahiran,3,KUNJUNGAN,char(19),NO,MUL,
layanan,kelahiran,4,NAMA,varchar(75),NO,MUL,
layanan,kelahiran,5,JENIS_KELAMIN,tinyint,YES,,
layanan,kelahiran,6,TANGGAL,datetime,NO,MUL,
layanan,kelahiran,7,BERAT,mediumint,NO,,
layanan,kelahiran,8,PANJANG,mediumint,NO,,
layanan,kelahiran,9,OLEH,smallint,NO,,
layanan,kelahiran,10,STATUS,tinyint,NO,MUL,
layanan,layanan_bon_sisa_farmasi,1,ID,bigint,NO,PRI,auto_increment
layanan,layanan_bon_sisa_farmasi,2,REF,bigint,NO,MUL,
layanan,layanan_bon_sisa_farmasi,3,FARMASI,smallint,NO,MUL,
layanan,layanan_bon_sisa_farmasi,4,JUMLAH,"decimal(20,2)",NO,,
layanan,layanan_bon_sisa_farmasi,5,TANGGAL,datetime,NO,MUL,
layanan,layanan_bon_sisa_farmasi,6,OLEH,tinyint,NO,,
layanan,layanan_bon_sisa_farmasi,7,STATUS,tinyint,YES,MUL,
layanan,layanan_bon_sisa_farmasi,8,INPUT_TIME,timestamp,YES,,DEFAULT_GENERATED
layanan,layanan_bon_sisa_farmasi,9,UPDATE_TIME,timestamp,YES,,"DEFAULT_GENERATED on update CURRENT_TIMESTAMP"
layanan,nilai_kritis_lab,1,ID,int,NO,PRI,auto_increment
layanan,nilai_kritis_lab,2,HASIL_LAB,char(12),NO,MUL,
layanan,nilai_kritis_lab,3,PELAPOR,varchar(100),YES,,
layanan,nilai_kritis_lab,4,PENERIMA,varchar(100),YES,,
layanan,nilai_kritis_lab,5,STATUS_LAPOR,tinyint,NO,MUL,
layanan,nilai_kritis_lab,6,WAKTU_LAPOR,datetime,YES,MUL,
layanan,nilai_kritis_lab,7,KETERANGAN,text,NO,,
layanan,nilai_kritis_lab,8,TANGGAL,timestamp,NO,MUL,"DEFAULT_GENERATED on update CURRENT_TIMESTAMP"
layanan,nilai_kritis_lab,9,OLEH,smallint,YES,,
layanan,nilai_kritis_lab,10,STATUS,tinyint,NO,MUL,
layanan,o2,1,ID,char(11),NO,PRI,
layanan,o2,2,KUNJUNGAN,char(19),NO,MUL,
layanan,o2,3,FLOW,"decimal(10,2)",NO,,
layanan,o2,4,PASANG,datetime,NO,,
layanan,o2,5,LEPAS,datetime,YES,,
layanan,o2,6,PEMAKAIAN,"decimal(60,2)",YES,,
layanan,o2,7,TANGGAL,datetime,NO,MUL,
layanan,o2,8,JENIS,tinyint,NO,,
layanan,o2,9,OLEH,smallint,NO,,
layanan,o2,10,STATUS,tinyint,NO,MUL,
layanan,order_detil_lab,1,ID,bigint,NO,PRI,auto_increment
layanan,order_detil_lab,2,ORDER_ID,char(21),NO,MUL,
layanan,order_detil_lab,3,TINDAKAN,smallint,NO,,
layanan,order_detil_lab,4,REF,char(11),YES,MUL,
layanan,order_detil_lab,5,STATUS,tinyint,NO,MUL,
layanan,order_detil_rad,1,ID,bigint,NO,PRI,auto_increment
layanan,order_detil_rad,2,ORDER_ID,char(21),NO,MUL,
layanan,order_detil_rad,3,TINDAKAN,smallint,NO,,
layanan,order_detil_rad,4,REF,char(11),YES,MUL,
layanan,order_detil_rad,5,STATUS,tinyint,NO,MUL,
layanan,order_detil_resep,1,ID,bigint,NO,PRI,auto_increment
layanan,order_detil_resep,2,ORDER_ID,char(21),NO,MUL,
layanan,order_detil_resep,3,FARMASI,smallint,NO,MUL,
layanan,order_detil_resep,4,JUMLAH,"decimal(60,2)",NO,,
layanan,order_detil_resep,5,DOSIS,varchar(250),NO,,
layanan,order_detil_resep,6,ATURAN_PAKAI,varchar(250),YES,,
layanan,order_detil_resep,7,KETERANGAN,varchar(250),YES,,
layanan,order_detil_resep,8,RACIKAN,tinyint,NO,MUL,
layanan,order_detil_resep,9,GROUP_RACIKAN,tinyint,NO,MUL,
layanan,order_detil_resep,10,PETUNJUK_RACIKAN,varchar(250),YES,,
layanan,order_detil_resep,11,JUMLAH_RACIKAN,"decimal(10,0)",YES,,
layanan,order_detil_resep,12,FREKUENSI,int,YES,MUL,
layanan,order_detil_resep,13,RUTE_PEMBERIAN,int,YES,MUL,
layanan,order_detil_resep,14,STATUS_PEMBERIAN,int,YES,MUL,
layanan,order_detil_resep,15,REF,char(11),YES,MUL,
layanan,order_detil_resep,16,REF_RIWAYAT_ORDER,char(21),YES,MUL,
layanan,order_detil_resep,17,TANGGAL_STOP,datetime,YES,MUL,
layanan,order_detil_resep,18,USER_STOP,smallint,YES,MUL,
layanan,order_detil_resep,19,TINDAKAN_PAKET,smallint,YES,MUL,
layanan,order_detil_resep,20,TINDAKAN,smallint,YES,MUL,
layanan,order_detil_resep,21,STATUS,tinyint,NO,MUL,
layanan,order_lab,1,NOMOR,char(21),NO,PRI,
layanan,order_lab,2,KUNJUNGAN,char(19),NO,MUL,
layanan,order_lab,3,TANGGAL,datetime,NO,MUL,
layanan,order_lab,4,DOKTER_ASAL,smallint,NO,MUL,
layanan,order_lab,5,TUJUAN,char(10),NO,MUL,
layanan,order_lab,6,CITO,tinyint,NO,,
layanan,order_lab,7,OLEH,smallint,NO,,
layanan,order_lab,8,ALASAN,varchar(2000),NO,,
layanan,order_lab,9,KETERANGAN,varchar(2000),YES,,
layanan,order_lab,10,ADA_PENGANTAR_PA,tinyint,NO,MUL,
layanan,order_lab,11,PERMINTAAN_DARAH,tinyint,NO,MUL,
layanan,order_lab,12,NOMOR_SPESIMEN,char(25),NO,,
layanan,order_lab,13,SPESIMEN_KLINIS_ASAL_SUMBER,tinyint,YES,,
layanan,order_lab,14,SPESIMEN_KLINIS_CARA_PENGAMBILAN,tinyint,YES,,
layanan,order_lab,15,SPESIMEN_KLINIS_WAKTU_PENGAMBILAN,datetime,YES,,
layanan,order_lab,16,SPESIMEN_KLINIS_KONDISI_PENGAMBILAN,varchar(500),YES,,
layanan,order_lab,17,SPESIMEN_KLINIS_JUMLAH,int,NO,,
layanan,order_lab,18,SPESIMEN_KLINIS_VOLUME,int,NO,,
layanan,order_lab,19,FIKSASI_WAKTU,datetime,YES,,
layanan,order_lab,20,FIKSASI_CAIRAN,varchar(250),NO,,
layanan,order_lab,21,FIKSASI_VOLUME_CAIRAN,int,NO,,
layanan,order_lab,22,SPESIMEN_KLINIS_PETUGAS_PENGAMBIL,smallint,NO,,
layanan,order_lab,23,SPESIMEN_KLINIS_PETUGAS_PENGANTAR,smallint,NO,,
layanan,order_lab,24,PERNAH_TRANSFUSI_DARAH,smallint,NO,,
layanan,order_lab,25,SIFAT_PERMINTAAN,smallint,NO,,
layanan,order_lab,26,GOLONGAN_DARAH,smallint,NO,,
layanan,order_lab,27,RESUS,smallint,NO,,
layanan,order_lab,28,STATUS_PUASA_PASIEN,tinyint,NO,,
layanan,order_lab,29,STATUS,tinyint,NO,MUL,
layanan,order_rad,1,NOMOR,char(21),NO,PRI,
layanan,order_rad,2,KUNJUNGAN,char(19),NO,MUL,
layanan,order_rad,3,TANGGAL,datetime,NO,MUL,
layanan,order_rad,4,DOKTER_ASAL,smallint,NO,MUL,
layanan,order_rad,5,TUJUAN,char(10),NO,MUL,
layanan,order_rad,6,CITO,tinyint,NO,,
layanan,order_rad,7,OLEH,smallint,NO,,
layanan,order_rad,8,ALASAN,varchar(2000),NO,,
layanan,order_rad,9,KETERANGAN,varchar(2000),YES,,
layanan,order_rad,10,STATUS_PUASA_PASIEN,tinyint,NO,,
layanan,order_rad,11,STATUS_ALERGI,tinyint,NO,,
layanan,order_rad,12,STATUS_KEHAMILAN,tinyint,NO,,
layanan,order_rad,13,LEMBAR_TRANSFER,int,YES,MUL,
layanan,order_rad,14,STATUS,tinyint,NO,MUL,
layanan,order_resep,1,NOMOR,char(21),NO,PRI,
layanan,order_resep,2,KUNJUNGAN,char(19),NO,MUL,
layanan,order_resep,3,TANGGAL,datetime,NO,MUL,
layanan,order_resep,4,DOKTER_DPJP,smallint,NO,MUL,
layanan,order_resep,5,PEMBERI_RESEP,varchar(100),NO,,
layanan,order_resep,6,NO_HP_PEMBERI_RESEP,char(12),NO,,
layanan,order_resep,7,BERAT_BADAN,"decimal(10,2)",NO,,
layanan,order_resep,8,TINGGI_BADAN,"decimal(10,2)",NO,,
layanan,order_resep,9,DIAGNOSA,varchar(250),NO,,
layanan,order_resep,10,ALERGI_OBAT,varchar(250),NO,,
layanan,order_resep,11,GANGGUAN_FUNGSI_GINJAL,tinyint,NO,,
layanan,order_resep,12,MENYUSUI,tinyint,NO,,
layanan,order_resep,13,HAMIL,tinyint,NO,,
layanan,order_resep,14,RESEP_PASIEN_PULANG,tinyint,NO,,
layanan,order_resep,15,TUJUAN,char(10),NO,MUL,
layanan,order_resep,16,CITO,tinyint,NO,,
layanan,order_resep,17,KETERANGAN,varchar(2000),YES,,
layanan,order_resep,18,STATUS_PUASA_PASIEN,tinyint,NO,,
layanan,order_resep,19,LUAS_PERMUKAAN_TUBUH_ANAK,"decimal(10,2)",NO,,
layanan,order_resep,20,OLEH,smallint,NO,,
layanan,order_resep,21,STATUS,tinyint,NO,MUL,
layanan,order_resep,22,REF,char(21),YES,MUL,
layanan,order_resep,23,TINDAKAN_PAKET,smallint,YES,MUL,
layanan,order_resep,24,REF_PROTOKOL,char(30),YES,MUL,
layanan,order_resep,25,REF_ITERASI,char(35),YES,MUL,
layanan,order_resep,26,IS_FORMULIR_ANTIBIOTIK,smallint,YES,MUL,
layanan,pasien_meninggal,1,ID,int,NO,PRI,auto_increment
layanan,pasien_meninggal,2,KUNJUNGAN,char(19),NO,MUL,
layanan,pasien_meninggal,3,TANGGAL,datetime,NO,MUL,
layanan,pasien_meninggal,4,NOMOR,char(50),NO,,
layanan,pasien_meninggal,5,DIAGNOSA,varchar(150),NO,,
layanan,pasien_meninggal,6,DOKTER,smallint,NO,,
layanan,pasien_meninggal,7,RENCANA_PEMULASARAN,smallint,NO,,
layanan,pasien_meninggal,8,KEADAAN_YANG_MENGAKIBATKAN_KEMATIAN,text,NO,,
layanan,pasien_meninggal,9,PENYAKIT_SEBAP_KEMATIAN,text,NO,,
layanan,pasien_meninggal,10,PENYAKIT_SEBAP_KEMATIAN_LAIN,text,NO,,
layanan,pasien_meninggal,11,PENYAKIT_LAIN_MEMPENGARUHI_KEMATIAN,text,NO,,
layanan,pasien_meninggal,12,MULAI_SAKIT,text,NO,,
layanan,pasien_meninggal,13,AKHIR_SAKIT,text,NO,,
layanan,pasien_meninggal,14,MACAM_RUDAPAKSA,tinyint,NO,,
layanan,pasien_meninggal,15,CARA_RUDAPAKSA,text,NO,,
layanan,pasien_meninggal,16,KERUSAKAN_TUBUH,text,NO,,
layanan,pasien_meninggal,17,JANIN_LAHIR_MATI,tinyint,NO,,
layanan,pasien_meninggal,18,SEBAP_KELAHIRAN_MATI,text,NO,,
layanan,pasien_meninggal,19,PERISTIWA_PERSALINAN,tinyint,NO,,
layanan,pasien_meninggal,20,PERISTIWA_KEHAMILAN,tinyint,NO,,
layanan,pasien_meninggal,21,DILAKUKAN_OPERASI,tinyint,NO,,
layanan,pasien_meninggal,22,BAHASA,smallint,NO,,
layanan,pasien_meninggal,23,STATUS_VERIFIKASI,tinyint,NO,MUL,
layanan,pasien_meninggal,24,VERIFIKATOR,varchar(30),NO,MUL,
layanan,pasien_meninggal,25,JENIS_OPERASI,smallint,NO,,
layanan,pasien_meninggal,26,CATATAN_VERIFIKASI,text,NO,,
layanan,pasien_meninggal,27,OLEH,smallint,NO,,
layanan,pasien_meninggal,28,STATUS,tinyint,NO,MUL,
layanan,pasien_pulang,1,ID,int,NO,PRI,auto_increment
layanan,pasien_pulang,2,KUNJUNGAN,char(19),NO,MUL,
layanan,pasien_pulang,3,NOPEN,char(10),NO,MUL,
layanan,pasien_pulang,4,TANGGAL,datetime,NO,MUL,
layanan,pasien_pulang,5,CARA,tinyint,NO,,
layanan,pasien_pulang,6,KEADAAN,tinyint,NO,,
layanan,pasien_pulang,7,DIAGNOSA,varchar(150),NO,,
layanan,pasien_pulang,8,DOKTER,smallint,NO,,
layanan,pasien_pulang,9,OLEH,smallint,NO,,
layanan,pasien_pulang,10,STATUS,tinyint,NO,,
layanan,pemakaian_bhp,1,ID,bigint,NO,PRI,auto_increment
layanan,pemakaian_bhp,2,KUNJUNGAN,char(19),NO,MUL,
layanan,pemakaian_bhp,3,RUANGAN,char(15),NO,MUL,
layanan,pemakaian_bhp,4,TANGGAL,datetime,NO,MUL,
layanan,pemakaian_bhp,5,KETERANGAN,char(250),YES,,
layanan,pemakaian_bhp,6,TINDAKAN,int,YES,MUL,
layanan,pemakaian_bhp,7,OLEH,smallint,YES,,
layanan,pemakaian_bhp,8,STATUS,tinyint,YES,MUL,
layanan,pemakaian_bhp,9,INPUT_TIME,timestamp,YES,,DEFAULT_GENERATED
layanan,pemakaian_bhp,10,UPDATE_TIME,timestamp,YES,,"DEFAULT_GENERATED on update CURRENT_TIMESTAMP"
layanan,pemakaian_bhp_detil,1,ID,bigint,NO,PRI,auto_increment
layanan,pemakaian_bhp_detil,2,PEMAKAIAN,bigint,NO,MUL,
layanan,pemakaian_bhp_detil,3,BARANG,smallint,NO,MUL,
layanan,pemakaian_bhp_detil,4,JUMLAH,"decimal(60,2)",NO,,
layanan,pemakaian_bhp_detil,5,STATUS,tinyint,YES,MUL,
layanan,pemakaian_bhp_detil,6,INPUT_TIME,timestamp,YES,,DEFAULT_GENERATED
layanan,pemakaian_bhp_detil,7,UPDATE_TIME,timestamp,YES,,"DEFAULT_GENERATED on update CURRENT_TIMESTAMP"
layanan,permintaan_darah_detail,1,NOMOR,char(50),NO,PRI,
layanan,permintaan_darah_detail,2,ORDER_ID,char(21),NO,MUL,
layanan,permintaan_darah_detail,3,KUNJUNGAN,char(19),NO,MUL,
layanan,permintaan_darah_detail,4,KOMPONEN,tinyint,NO,,
layanan,permintaan_darah_detail,5,QTY,smallint,NO,,
layanan,permintaan_darah_detail,6,DIBUAT_TANGGAL,timestamp,NO,,DEFAULT_GENERATED
layanan,permintaan_darah_detail,7,STATUS,tinyint,NO,,
layanan,petugas_tindakan_medis,1,ID,int,NO,PRI,auto_increment
layanan,petugas_tindakan_medis,2,TINDAKAN_MEDIS,char(11),NO,MUL,
layanan,petugas_tindakan_medis,3,JENIS,tinyint,NO,,
layanan,petugas_tindakan_medis,4,MEDIS,smallint,NO,,
layanan,petugas_tindakan_medis,5,KE,tinyint,NO,,
layanan,petugas_tindakan_medis,6,STATUS,tinyint,NO,MUL,
layanan,protokol_pengobatan,1,NOMOR,char(21),NO,PRI,
layanan,protokol_pengobatan,2,KUNJUNGAN,char(21),NO,MUL,
layanan,protokol_pengobatan,3,JENIS,smallint,NO,MUL,
layanan,protokol_pengobatan,4,JUMLAH_SIKLUS,smallint,NO,,
layanan,protokol_pengobatan,5,JUMLAH_PEMBERIAN,smallint,YES,,
layanan,protokol_pengobatan,6,TANGGAL,datetime,NO,MUL,
layanan,protokol_pengobatan,7,STATUS,tinyint,YES,MUL,
layanan,protokol_pengobatan,8,INPUT_TIME,timestamp,YES,,DEFAULT_GENERATED
layanan,protokol_pengobatan,9,UPDATE_TIME,timestamp,YES,,"DEFAULT_GENERATED on update CURRENT_TIMESTAMP"
layanan,protokol_pengobatan,10,OLEH,smallint,NO,,
layanan,protokol_pengobatan,11,ORDER,varchar(30),YES,MUL,
layanan,protokol_pengobatan,12,URAIAN_PENYAKIT,varchar(750),YES,,
layanan,protokol_pengobatan,13,PEMBERIAN_OBAT,varchar(250),YES,,
layanan,protokol_pengobatan,14,DIAGNOSA,varchar(250),YES,,
layanan,protokol_pengobatan,15,PRAGNOSA,varchar(250),YES,,
layanan,protokol_pengobatan,16,STADIUM,smallint,YES,MUL,
layanan,protokol_pengobatan_detail,1,ID,char(30),NO,PRI,
layanan,protokol_pengobatan_detail,2,PROTOKOL,char(21),NO,MUL,
layanan,protokol_pengobatan_detail,3,SIKLUS,smallint,NO,MUL,
layanan,protokol_pengobatan_detail,4,PEMBERIANKE,smallint,YES,MUL,
layanan,protokol_pengobatan_detail,5,TANGGAL,date,YES,MUL,
layanan,protokol_pengobatan_detail,6,DOKTER_DPJP,smallint,YES,MUL,
layanan,protokol_pengobatan_detail,7,PEMBERI_RESEP,varchar(100),YES,,
layanan,protokol_pengobatan_detail,8,NO_HP_PEMBERI_RESEP,varchar(12),YES,,
layanan,protokol_pengobatan_detail,9,BERAT_BADAN,"decimal(10,2)",YES,,
layanan,protokol_pengobatan_detail,10,TINGGI_BADAN,"decimal(10,2)",YES,,
layanan,protokol_pengobatan_detail,11,DIAGNOSA,varchar(250),YES,,
layanan,protokol_pengobatan_detail,12,ALERGI_OBAT,varchar(250),YES,,
layanan,protokol_pengobatan_detail,13,GANGGUAN_FUNGSI_GINJAL,tinyint,YES,,
layanan,protokol_pengobatan_detail,14,MENYUSUI,tinyint,YES,,
layanan,protokol_pengobatan_detail,15,HAMIL,tinyint,YES,,
layanan,protokol_pengobatan_detail,16,STATUS_PUASA_PASIEN,tinyint,YES,,
layanan,protokol_pengobatan_detail,17,KETERANGAN,varchar(1000),YES,,
layanan,protokol_pengobatan_detail,18,TUJUAN,varchar(15),YES,,
layanan,protokol_pengobatan_detail,19,STATUS,tinyint,YES,MUL,
layanan,protokol_pengobatan_detail,20,INPUT_TIME,timestamp,YES,,DEFAULT_GENERATED
layanan,protokol_pengobatan_detail,21,UPDATE_TIME,timestamp,YES,,"DEFAULT_GENERATED on update CURRENT_TIMESTAMP"
layanan,protokol_pengobatan_detail,22,ISADD,smallint,YES,MUL,
layanan,protokol_pengobatan_detail,23,REF_ASAL_KUNJUNGAN,varchar(30),YES,MUL,
layanan,protokol_pengobatan_detail_obat,1,ID,bigint,NO,PRI,auto_increment
layanan,protokol_pengobatan_detail_obat,2,PROTOKOL_DETAIL,char(30),NO,MUL,
layanan,protokol_pengobatan_detail_obat,3,REF,bigint,YES,MUL,
layanan,protokol_pengobatan_detail_obat,4,BARANG,smallint,YES,MUL,
layanan,protokol_pengobatan_detail_obat,5,JUMLAH,"decimal(60,2)",YES,,
layanan,protokol_pengobatan_detail_obat,6,DOSIS,varchar(250),YES,,
layanan,protokol_pengobatan_detail_obat,7,ATURAN_PAKAI,varchar(250),YES,,
layanan,protokol_pengobatan_detail_obat,8,KETERANGAN,varchar(250),YES,,
layanan,protokol_pengobatan_detail_obat,9,RACIKAN,tinyint,YES,,
layanan,protokol_pengobatan_detail_obat,10,GROUP_RACIKAN,tinyint,YES,,
layanan,protokol_pengobatan_detail_obat,11,PETUNJUK_RACIKAN,varchar(100),YES,,
layanan,protokol_pengobatan_detail_obat,12,JUMLAH_RACIKAN,"decimal(10,2)",YES,,
layanan,protokol_pengobatan_detail_obat,13,FREKUENSI,int,YES,MUL,
layanan,protokol_pengobatan_detail_obat,14,RUTE_PEMBERIAN,int,YES,MUL,
layanan,protokol_pengobatan_detail_obat,15,STATUS,tinyint,YES,MUL,
layanan,protokol_pengobatan_detail_obat,16,INPUT_TIME,timestamp,YES,,DEFAULT_GENERATED
layanan,protokol_pengobatan_detail_obat,17,UPDATE_TIME,timestamp,YES,,"DEFAULT_GENERATED on update CURRENT_TIMESTAMP"
layanan,resep_terlayani_kpo,1,ID,char(21),NO,PRI,
layanan,resep_terlayani_kpo,2,ORDER_RESEP,char(21),NO,MUL,
layanan,resep_terlayani_kpo,3,NOPEN,char(10),NO,MUL,
layanan,resep_terlayani_kpo,4,KUNJUNGAN,char(19),NO,MUL,
layanan,resep_terlayani_kpo,5,TUJUAN,char(10),NO,MUL,
layanan,resep_terlayani_kpo,6,TANGGAL,datetime,NO,MUL,
layanan,resep_terlayani_kpo,7,DOKTER_DPJP,smallint,NO,MUL,
layanan,resep_terlayani_kpo,8,PEMBERI_RESEP,varchar(100),NO,,
layanan,resep_terlayani_kpo,9,NO_HP_PEMBERI_RESEP,char(12),NO,,
layanan,resep_terlayani_kpo,10,BERAT_BADAN,"decimal(10,2)",NO,,
layanan,resep_terlayani_kpo,11,TINGGI_BADAN,"decimal(10,2)",NO,,
layanan,resep_terlayani_kpo,12,DIAGNOSA,varchar(250),NO,,
layanan,resep_terlayani_kpo,13,ALERGI_OBAT,varchar(250),NO,,
layanan,resep_terlayani_kpo,14,GANGGUAN_FUNGSI_GINJAL,tinyint,NO,,
layanan,resep_terlayani_kpo,15,MENYUSUI,tinyint,NO,,
layanan,resep_terlayani_kpo,16,HAMIL,tinyint,NO,,
layanan,resep_terlayani_kpo,17,TIMESTAMP,timestamp,NO,,"DEFAULT_GENERATED on update CURRENT_TIMESTAMP"
layanan,resep_terlayani_kpo,18,OLEH,smallint,NO,,
layanan,resep_terlayani_kpo,19,STATUS,tinyint,NO,,
layanan,resep_terlayani_kpo_detil,1,ID,bigint,NO,PRI,auto_increment
layanan,resep_terlayani_kpo_detil,2,RESEP_TERLAYANI_KPO,char(21),NO,MUL,
layanan,resep_terlayani_kpo_detil,3,KUNJUNGAN,char(19),NO,MUL,
layanan,resep_terlayani_kpo_detil,4,LAYANAN_FARMASI,char(11),NO,MUL,
layanan,resep_terlayani_kpo_detil,5,JUMLAH,"decimal(60,2)",NO,,
layanan,resep_terlayani_kpo_detil,6,DOSIS,varchar(100),NO,,
layanan,resep_terlayani_kpo_detil,7,FREKUENSI,int,NO,MUL,
layanan,resep_terlayani_kpo_detil,8,RUTE_PEMBERIAN,int,NO,MUL,
layanan,resep_terlayani_kpo_detil,9,ATURAN_TAMBAHAN,text,NO,,
layanan,resep_terlayani_kpo_detil,10,STATUS_PEMBERIAN,smallint,NO,MUL,
layanan,resep_terlayani_kpo_detil,11,STATUS,tinyint,NO,,
layanan,retur_farmasi,1,ID,char(10),NO,PRI,
layanan,retur_farmasi,2,ID_FARMASI,char(11),NO,MUL,
layanan,retur_farmasi,3,JUMLAH,"decimal(10,2)",NO,,
layanan,retur_farmasi,4,TANGGAL,datetime,NO,,
layanan,retur_farmasi,5,OLEH,smallint,NO,,
layanan,status_hasil_pemeriksaan,1,ID,int,NO,PRI,auto_increment
layanan,status_hasil_pemeriksaan,2,TINDAKAN_MEDIS_ID,char(11),NO,UNI,
layanan,status_hasil_pemeriksaan,3,JENIS,tinyint,NO,MUL,
layanan,status_hasil_pemeriksaan,4,STATUS_HASIL,tinyint,NO,MUL,
layanan,status_hasil_pemeriksaan,5,STATUS_PENGIRIMAN_HASIL,tinyint,NO,MUL,
layanan,status_hasil_pemeriksaan,6,TANGGAL_PENGIRIMAN_HASIL,datetime,YES,,
layanan,status_hasil_pemeriksaan,7,PENGIRIMAN_HASIL_OLEH,varchar(150),YES,,
layanan,status_hasil_pemeriksaan,8,PPSPH,smallint,YES,,
layanan,status_hasil_pemeriksaan,9,STATUS_PEMERIKSAAN,tinyint,NO,MUL,
layanan,status_hasil_pemeriksaan,10,TANGGAL_PEMERIKSAAN,tinyint,YES,,
layanan,status_hasil_pemeriksaan,11,PETUGAS_PEMERIKSAAN,smallint,YES,,
layanan,status_hasil_pemeriksaan,12,PPSP,smallint,YES,,
layanan,telaah_awal_resep,1,ID,int,NO,PRI,auto_increment
layanan,telaah_awal_resep,2,JENIS,tinyint,NO,,
layanan,telaah_awal_resep,3,RESEP,char(21),NO,MUL,
layanan,telaah_awal_resep,4,REF_TELAAH,int,NO,,
layanan,telaah_awal_resep,5,STATUS,smallint,YES,MUL,
layanan,telaah_awal_resep,6,OLEH,smallint,NO,,
layanan,telaah_awal_resep,7,INPUT_TIME,timestamp,YES,,DEFAULT_GENERATED
layanan,telaah_awal_resep,8,UPDATE_TIME,timestamp,YES,MUL,"DEFAULT_GENERATED on update CURRENT_TIMESTAMP"
layanan,tindakan_medis,1,ID,char(11),NO,PRI,
layanan,tindakan_medis,2,KUNJUNGAN,char(19),NO,MUL,
layanan,tindakan_medis,3,TINDAKAN,smallint,NO,MUL,
layanan,tindakan_medis,4,TANGGAL,datetime,NO,MUL,
layanan,tindakan_medis,5,VERIFIKASI,tinyint,NO,MUL,
layanan,tindakan_medis,6,VERIFIKASI_OLEH,smallint,YES,,
layanan,tindakan_medis,7,VERIFIKASI_TANGGAL,datetime,YES,,
layanan,tindakan_medis,8,OLEH,smallint,NO,,
layanan,tindakan_medis,9,STATUS,tinyint,NO,MUL,
layanan,tindakan_medis,10,OTOMATIS,tinyint,NO,MUL,
layanan,waktu_pelayanan_kpo,1,ID,char(11),NO,PRI,
layanan,waktu_pelayanan_kpo,2,KUNJUNGAN,char(19),NO,MUL,
layanan,waktu_pelayanan_kpo,3,LAYANAN_FARMASI,char(11),NO,MUL,
layanan,waktu_pelayanan_kpo,4,TANGGAL,timestamp,NO,,
layanan,waktu_pelayanan_kpo,5,OLEH,smallint,NO,,
layanan,waktu_pelayanan_kpo,6,STATUS,tinyint,NO,MUL,
layanan,waktu_pelayanan_kpo_detil,1,ID,bigint,NO,PRI,auto_increment
layanan,waktu_pelayanan_kpo_detil,2,WAKTU_PELAYANAN_KPO,char(11),NO,MUL,
layanan,waktu_pelayanan_kpo_detil,3,PEMBERIAN_KE,tinyint,NO,,
layanan,waktu_pelayanan_kpo_detil,4,TANGGAL,date,YES,,
layanan,waktu_pelayanan_kpo_detil,5,JAM,time,NO,,
layanan,waktu_pelayanan_kpo_detil,6,DOSIS,text,NO,,
layanan,waktu_pelayanan_kpo_detil,7,PERAWAT_1,mediumint,NO,MUL,
layanan,waktu_pelayanan_kpo_detil,8,TELAAH_1,json,NO,,
layanan,waktu_pelayanan_kpo_detil,9,PERAWAT_2,mediumint,NO,MUL,
layanan,waktu_pelayanan_kpo_detil,10,TELAAH_2,json,NO,,
layanan,waktu_pelayanan_kpo_detil,11,STATUS,tinyint,NO,MUL,
layanan,waktu_pelayanan_kpo_detil,12,PERSETUJUAN_KATIM,smallint,NO,,
lis,dokter_jaga,1,ID,smallint,NO,PRI,auto_increment
lis,dokter_jaga,2,DOKTER_ID,int,NO,MUL,
lis,dokter_jaga,3,HARI,tinyint,NO,,
lis,dokter_jaga,4,STATUS,tinyint,NO,MUL,
lis,flag_lis,1,ID,smallint,NO,PRI,auto_increment
lis,flag_lis,2,VENDOR_ID,tinyint,NO,MUL,
lis,flag_lis,3,KODE,char(5),NO,,
lis,flag_lis,4,DESKRIPSI,varchar(100),NO,,
lis,flag_lis,5,STATUS,tinyint,NO,,
lis,hasil_log,1,ID,"bigint unsigned",NO,PRI,auto_increment
lis,hasil_log,2,LIS_NO,char(10),NO,MUL,
lis,hasil_log,3,HIS_NO_LAB,char(23),NO,MUL,
lis,hasil_log,4,LIS_KODE_TEST,varchar(50),NO,MUL,
lis,hasil_log,5,LIS_NAMA_TEST,varchar(150),NO,MUL,
lis,hasil_log,6,LIS_HASIL,varchar(500),NO,,
lis,hasil_log,7,LIS_CATATAN,varchar(500),YES,,
lis,hasil_log,8,LIS_NILAI_NORMAL,varchar(500),YES,,
lis,hasil_log,9,LIS_FLAG,char(5),YES,,
lis,hasil_log,10,LIS_SATUAN,varchar(25),YES,,
lis,hasil_log,11,LIS_NAMA_INSTRUMENT,varchar(50),YES,,
lis,hasil_log,12,LIS_TANGGAL,datetime,YES,MUL,
lis,hasil_log,13,LIS_USER,varchar(50),YES,,
lis,hasil_log,14,HIS_KODE_TEST,int,NO,MUL,
lis,hasil_log,15,REF,varchar(50),YES,MUL,
lis,hasil_log,16,PREFIX_KODE,char(1),NO,MUL,
lis,hasil_log,17,VENDOR_LIS,tinyint,NO,MUL,
lis,hasil_log,18,LIS_LOKASI,varchar(50),NO,,
lis,hasil_log,19,TANGGAL,timestamp,NO,MUL,DEFAULT_GENERATED
lis,hasil_log,20,STATUS,tinyint,NO,,
lis,hasil_log_micro_antibiotik,1,ID,bigint,NO,PRI,auto_increment
lis,hasil_log_micro_antibiotik,2,LIS_NO,char(10),NO,MUL,
lis,hasil_log_micro_antibiotik,3,LIS_ISOLATE_NO,char(10),YES,,
lis,hasil_log_micro_antibiotik,4,LIS_ANTIBIOTIC_ID,char(15),NO,MUL,
lis,hasil_log_micro_antibiotik,5,LIS_ANTIBIOTIC_NAME,varchar(150),NO,,
lis,hasil_log_micro_antibiotik,6,LIS_MIC,varchar(50),YES,,
lis,hasil_log_micro_antibiotik,7,LIS_DISC,varchar(50),YES,,
lis,hasil_log_micro_antibiotik,8,LIS_INTERPRETASI_MIC,varchar(50),YES,,
lis,hasil_log_micro_antibiotik,9,LIS_INTERPRETASI_DISC,varchar(50),YES,,
lis,hasil_log_micro_antibiotik,10,LIS_INTERMEDIET,varchar(50),YES,,
lis,hasil_log_micro_antibiotik,11,LIS_RESISTANCE,varchar(50),YES,,
lis,hasil_log_micro_antibiotik,12,LIS_SENSITIVE,varchar(50),YES,,
lis,hasil_log_micro_antibiotik,13,LIS_SEQUENCE,tinyint,NO,,
lis,hasil_log_micro_antibiotik,14,HIS_LAB_NO,char(23),NO,MUL,
lis,hasil_log_micro_antibiotik,15,HIS_ITEM_ID,int,NO,MUL,
lis,hasil_log_micro_antibiotik,16,VENDOR_LIS,tinyint,NO,MUL,
lis,hasil_log_micro_antibiotik,17,TANGGAL,timestamp,NO,MUL,DEFAULT_GENERATED
lis,hasil_log_micro_antibiotik,18,STATUS,tinyint,NO,MUL,
lis,hasil_log_micro_organism,1,ID,int,NO,PRI,auto_increment
lis,hasil_log_micro_organism,2,LIS_NO,char(10),NO,MUL,
lis,hasil_log_micro_organism,3,LIS_ISOLATE_NO,char(10),YES,,
lis,hasil_log_micro_organism,4,LIS_ORG_ID,char(10),YES,MUL,
lis,hasil_log_micro_organism,5,LIS_ORG_NAMA,varchar(150),YES,,
lis,hasil_log_micro_organism,6,LIS_BIO_NUMBER,char(10),NO,MUL,
lis,hasil_log_micro_organism,7,LIS_SPECIMENT,varchar(50),YES,,
lis,hasil_log_micro_organism,8,LIS_METHOD,varchar(50),YES,,
lis,hasil_log_micro_organism,9,LIS_KESIMPULAN,varchar(1000),YES,,
lis,hasil_log_micro_organism,10,LIS_CATATAN,varchar(1000),YES,,
lis,hasil_log_micro_organism,11,LIS_TANGGAL,datetime,NO,MUL,
lis,hasil_log_micro_organism,12,LIS_USER,varchar(150),YES,,
lis,hasil_log_micro_organism,13,PATIENT_ID,int,YES,MUL,
lis,hasil_log_micro_organism,14,HIS_LAB_NO,char(23),NO,MUL,
lis,hasil_log_micro_organism,15,HIS_ITEM_ID,int,NO,MUL,
lis,hasil_log_micro_organism,16,VENDOR_LIS,tinyint,NO,MUL,
lis,hasil_log_micro_organism,17,TANGGAL,timestamp,NO,MUL,DEFAULT_GENERATED
lis,hasil_log_micro_organism,18,STATUS,tinyint,NO,MUL,
lis,lis_tanpa_order_config,1,ID,tinyint,NO,PRI,auto_increment
lis,lis_tanpa_order_config,2,RUANGAN_LAB,char(10),NO,,
lis,lis_tanpa_order_config,3,DOKTER_LAB,smallint,NO,,
lis,lis_tanpa_order_config,4,ANALIS_LAB,smallint,NO,,
lis,lis_tanpa_order_config,5,AUTO_FINAL_HASIL_GDS,tinyint,NO,,
lis,mapping_hasil,1,ID,smallint,NO,PRI,auto_increment
lis,mapping_hasil,2,VENDOR_LIS,tinyint,NO,MUL,
lis,mapping_hasil,3,LIS_KODE_TEST,varchar(50),NO,MUL,
lis,mapping_hasil,4,PREFIX_KODE,char(1),NO,,
lis,mapping_hasil,5,HIS_KODE_TEST,int,NO,MUL,
lis,mapping_hasil,6,PARAMETER_TINDAKAN_LAB,int,NO,MUL,
lis,mapping_hasil_micro,1,ID,smallint,NO,PRI,auto_increment
lis,mapping_hasil_micro,2,VENDOR_LIS,tinyint,NO,MUL,
lis,mapping_hasil_micro,3,JENIS,tinyint,NO,MUL,
lis,mapping_hasil_micro,4,LIS_KODE,varchar(50),NO,MUL,
lis,mapping_hasil_micro,5,HIS_KODE,int,NO,MUL,
lis,mapping_hasil_micro,6,PARAMETER_MICRO,int,NO,MUL,
lis,order_item_log,1,HIS_ID,char(11),NO,PRI,
lis,order_item_log,2,TANGGAL,datetime,NO,,
lis,order_item_log,3,STATUS,tinyint,NO,,
lis,parameter_lis,1,ID,smallint,NO,PRI,auto_increment
lis,parameter_lis,2,VENDOR_ID,tinyint,NO,MUL,
lis,parameter_lis,3,KODE,varchar(50),NO,,
lis,parameter_lis,4,NAMA,varchar(150),NO,,
lis,parameter_lis,5,STATUS,tinyint,NO,,
lis,parameter_lis_micro,1,ID,smallint,NO,PRI,auto_increment
lis,parameter_lis_micro,2,VENDOR_ID,tinyint,NO,MUL,
lis,parameter_lis_micro,3,JENIS,tinyint,NO,,
lis,parameter_lis_micro,4,KODE,varchar(50),NO,,
lis,parameter_lis_micro,5,NAMA,varchar(150),NO,,
lis,parameter_lis_micro,6,STATUS,tinyint,NO,MUL,
lis,prefix_parameter_lis,1,ID,smallint,NO,PRI,auto_increment
lis,prefix_parameter_lis,2,VENDOR_ID,tinyint,NO,MUL,
lis,prefix_parameter_lis,3,KODE,char(1),NO,,
lis,prefix_parameter_lis,4,DESKRIPSI,varchar(50),NO,,
lis,prefix_parameter_lis,5,LIS_KODE_TEST,varchar(50),NO,,
lis,status_hasil,1,ID,tinyint,NO,PRI,auto_increment
lis,status_hasil,2,DESKRIPSI,varchar(75),NO,,
lis,status_hasil,3,STATUS,tinyint,NO,,
lis,status_hasil_log,1,ID,bigint,NO,PRI,
lis,status_hasil_log,2,STATUS,tinyint,NO,,
lis,status_hasil_log,3,FLAG,tinyint,NO,MUL,
lis,status_hasil_log_micro_antibiotik,1,ID,bigint,NO,PRI,
lis,status_hasil_log_micro_antibiotik,2,STATUS,tinyint,NO,,
lis,status_hasil_log_micro_antibiotik,3,FLAG,tinyint,NO,MUL,
lis,status_hasil_log_micro_organism,1,ID,int,NO,PRI,
lis,status_hasil_log_micro_organism,2,STATUS,tinyint,NO,,
lis,status_hasil_log_micro_organism,3,FLAG,tinyint,NO,MUL,
lis,vendor_lis,1,ID,tinyint,NO,PRI,auto_increment
lis,vendor_lis,2,NAMA,varchar(50),NO,,
lis,vendor_lis,3,NAMA_SCHEDULER,varchar(50),YES,,
lis,vendor_lis,4,STATUS,tinyint,NO,,
logs,bridge_log,1,ID,char(15),NO,MUL,
logs,bridge_log,2,URL,text,NO,,
logs,bridge_log,3,JENIS,tinyint,NO,MUL,
logs,bridge_log,4,HEADERS,mediumtext,NO,,
logs,bridge_log,5,TGL_REQUEST,datetime,NO,,DEFAULT_GENERATED
logs,bridge_log,6,REQUEST,mediumtext,NO,,
logs,bridge_log,7,HTTP_METHOD,char(10),YES,,
logs,bridge_log,8,TGL_RESPONSE,timestamp,YES,,"on update CURRENT_TIMESTAMP"
logs,bridge_log,9,HTTP_STATUS_CODE,char(5),YES,,
logs,bridge_log,10,RESPONSE,mediumtext,YES,,
logs,bridge_log,11,ACCESS_FROM_IP,char(15),NO,MUL,
logs,pengguna_akses_log,1,ID,char(15),NO,MUL,
logs,pengguna_akses_log,2,TANGGAL,datetime,NO,,
logs,pengguna_akses_log,3,PENGGUNA,smallint,NO,MUL,
logs,pengguna_akses_log,4,AKSI,"enum('C','R','U','D')",NO,MUL,
logs,pengguna_akses_log,5,OBJEK,char(5),NO,MUL,
logs,pengguna_akses_log,6,REF,varchar(250),NO,MUL,
logs,pengguna_akses_log,7,SEBELUM,mediumtext,NO,,
logs,pengguna_akses_log,8,SESUDAH,mediumtext,NO,,
logs,pengguna_request_log,1,ID,"bigint unsigned",NO,PRI,auto_increment
logs,pengguna_request_log,2,PENGGUNA,smallint,NO,MUL,
logs,pengguna_request_log,3,TANGGAL_AKSES,datetime,NO,MUL,
logs,pengguna_request_log,4,TANGGAL_SELESAI,datetime,YES,,
logs,pengguna_request_log,5,LOKASI_AKSES,char(15),NO,MUL,
logs,pengguna_request_log,6,TUJUAN_AKSES,char(15),NO,MUL,
logs,pengguna_request_log,7,REQUEST_URI,varchar(1000),NO,,
master,administrasi,1,ID,smallint,NO,PRI,auto_increment
master,administrasi,2,NAMA,varchar(35),NO,MUL,
master,administrasi,3,STATUS,tinyint,NO,,
master,antibiotik_bakteri,1,ID,int,NO,PRI,auto_increment
master,antibiotik_bakteri,2,BAKTERI,smallint,NO,MUL,
master,antibiotik_bakteri,3,ANTIBIOTIK,smallint,NO,,
master,antibiotik_bakteri,4,STATUS,tinyint,YES,,
master,apoteker,1,ID,smallint,NO,PRI,auto_increment
master,apoteker,2,NAMA,varchar(100),NO,UNI,
master,apoteker,3,SIPA,varchar(75),NO,,
master,apoteker,4,STATUS,tinyint,NO,MUL,
master,audios,1,ID,smallint,NO,PRI,auto_increment
master,audios,2,JENIS,tinyint,NO,MUL,
master,audios,3,TEKS,varchar(150),NO,MUL,
master,audios,4,AUDIO,blob,YES,,
master,audios,5,TIPE,varchar(15),YES,,
master,audios,6,DURASI,char(8),YES,,
master,audios,7,STATUS,tinyint,NO,MUL,
master,batas_ruangan_vip,1,ID,smallint,NO,PRI,auto_increment
master,batas_ruangan_vip,2,RUANGAN,char(10),NO,MUL,
master,batas_ruangan_vip,3,KELAS,tinyint,NO,MUL,
master,batas_ruangan_vip,4,TANGGAL_SK,datetime,NO,MUL,
master,batas_ruangan_vip,5,STATUS,tinyint,NO,,
master,bulan,1,ID,tinyint,NO,PRI,
master,bulan,2,NAMA,varchar(9),NO,,
master,depo_layanan_farmasi,1,ID,int,NO,PRI,auto_increment
master,depo_layanan_farmasi,2,RUANGAN_FARMASI,char(12),NO,MUL,
master,depo_layanan_farmasi,3,RUANGAN_LAYANAN,char(12),NO,MUL,
master,depo_layanan_farmasi,4,MULAI,time,NO,MUL,
master,depo_layanan_farmasi,5,SELESAI,time,NO,MUL,
master,depo_layanan_farmasi,6,STATUS,tinyint,YES,MUL,
master,depo_layanan_farmasi,7,INDEKS,tinyint,YES,MUL,
master,depo_layanan_farmasi,8,OLEH,smallint,YES,,
master,depo_layanan_farmasi,9,INPUT_TIME,timestamp,YES,,DEFAULT_GENERATED
master,depo_layanan_farmasi,10,UPDATE_TIME,timestamp,YES,,"DEFAULT_GENERATED on update CURRENT_TIMESTAMP"
master,diagnosa,1,ID,int,NO,PRI,auto_increment
master,diagnosa,2,NOPEN,char(10),NO,,
master,diagnosa,3,KODE,char(6),NO,,
master,diagnosa,4,UTAMA,tinyint,NO,,
master,diagnosa,5,TANGGAL,datetime,NO,,
master,diagnosa,6,OLEH,smallint,NO,,
master,diagnosa,7,STATUS,tinyint,NO,,
master,diagnosa_masuk,1,ID,int,NO,PRI,auto_increment
master,diagnosa_masuk,2,ICD,char(6),NO,MUL,
master,diagnosa_masuk,3,DIAGNOSA,varchar(250),NO,,
master,diskon,1,ID,smallint,NO,PRI,auto_increment
master,diskon,2,JENIS,tinyint,NO,MUL,
master,diskon,3,PERSENTASE,tinyint,NO,,
master,diskon,4,TOTAL,"decimal(60,2)",NO,,
master,diskon,5,TANGGAL,timestamp,NO,MUL,"DEFAULT_GENERATED on update CURRENT_TIMESTAMP"
master,diskon,6,TANGGAL_SK,datetime,YES,,
master,diskon,7,NOMOR_SK,varchar(35),YES,,
master,diskon,8,OLEH,smallint,NO,,
master,diskon,9,STATUS,tinyint,NO,MUL,
master,distribusi_tarif_paket,1,ID,int,NO,PRI,auto_increment
master,distribusi_tarif_paket,2,PAKET,smallint,NO,MUL,
master,distribusi_tarif_paket,3,ADMINISTRASI,int,NO,,
master,distribusi_tarif_paket,4,SARANA,int,NO,,
master,distribusi_tarif_paket,5,BHP,int,NO,,
master,distribusi_tarif_paket,6,DOKTER_OPERATOR,int,NO,,
master,distribusi_tarif_paket,7,DOKTER_ANASTESI,int,NO,,
master,distribusi_tarif_paket,8,DOKTER_LAINNYA,int,NO,,
master,distribusi_tarif_paket,9,PENATA_ANASTESI,int,NO,,
master,distribusi_tarif_paket,10,PARAMEDIS,int,NO,,
master,distribusi_tarif_paket,11,NON_MEDIS,int,NO,,
master,distribusi_tarif_paket,12,TARIF,int,NO,,
master,distribusi_tarif_paket,13,TANGGAL,datetime,NO,MUL,
master,distribusi_tarif_paket,14,TANGGAL_SK,datetime,YES,,
master,distribusi_tarif_paket,15,NOMOR_SK,varchar(35),YES,,
master,distribusi_tarif_paket,16,STATUS,tinyint,NO,MUL,
master,distribusi_tarif_paket_detil,1,ID,int,NO,PRI,auto_increment
master,distribusi_tarif_paket_detil,2,PAKET_DETIL,smallint,NO,MUL,
master,distribusi_tarif_paket_detil,3,ADMINISTRASI,int,NO,,
master,distribusi_tarif_paket_detil,4,SARANA,int,NO,,
master,distribusi_tarif_paket_detil,5,BHP,int,NO,,
master,distribusi_tarif_paket_detil,6,DOKTER_OPERATOR,int,NO,,
master,distribusi_tarif_paket_detil,7,DOKTER_ANASTESI,int,NO,,
master,distribusi_tarif_paket_detil,8,DOKTER_LAINNYA,int,NO,,
master,distribusi_tarif_paket_detil,9,PENATA_ANASTESI,int,NO,,
master,distribusi_tarif_paket_detil,10,PARAMEDIS,int,NO,,
master,distribusi_tarif_paket_detil,11,NON_MEDIS,int,NO,,
master,distribusi_tarif_paket_detil,12,TARIF,int,NO,,
master,distribusi_tarif_paket_detil,13,TANGGAL,datetime,NO,MUL,
master,distribusi_tarif_paket_detil,14,TANGGAL_SK,datetime,YES,,
master,distribusi_tarif_paket_detil,15,NOMOR_SK,varchar(35),YES,,
master,distribusi_tarif_paket_detil,16,STATUS,tinyint,NO,MUL,
master,distribusi_tarif_tindakan,1,ID,int,NO,PRI,
master,distribusi_tarif_tindakan,2,TARIF_TINDAKAN,int,NO,MUL,
master,distribusi_tarif_tindakan,3,JENIS,tinyint,NO,,
master,distribusi_tarif_tindakan,4,TARIF,int,NO,,
master,dokter,1,ID,smallint,NO,PRI,auto_increment
master,dokter,2,NIP,varchar(30),NO,UNI,
master,dokter,3,STATUS,tinyint,NO,MUL,
master,dokter_ruangan,1,ID,mediumint,NO,PRI,auto_increment
master,dokter_ruangan,2,TANGGAL,datetime,NO,MUL,
master,dokter_ruangan,3,DOKTER,smallint,NO,MUL,
master,dokter_ruangan,4,RUANGAN,char(10),NO,MUL,
master,dokter_ruangan,5,STATUS,tinyint,NO,MUL,
master,dokter_smf,1,ID,mediumint,NO,PRI,auto_increment
master,dokter_smf,2,TANGGAL,timestamp,NO,MUL,DEFAULT_GENERATED
master,dokter_smf,3,DOKTER,smallint,NO,MUL,
master,dokter_smf,4,SMF,tinyint,NO,MUL,
master,dokter_smf,5,STATUS,tinyint,NO,MUL,
master,frekuensi_aturan_resep,1,ID,int,NO,PRI,auto_increment
master,frekuensi_aturan_resep,2,FREKUENSI,char(200),NO,,
master,frekuensi_aturan_resep,3,SIGNA1,"decimal(10,2)",NO,,
master,frekuensi_aturan_resep,4,SIGNA2,"decimal(10,2)",NO,,
master,frekuensi_aturan_resep,5,KETERANGAN,char(250),YES,MUL,
master,frekuensi_aturan_resep,6,STATUS,tinyint,YES,MUL,
master,frekuensi_aturan_resep,7,INPUT_TIME,timestamp,YES,,DEFAULT_GENERATED
master,frekuensi_aturan_resep,8,UPDATE_TIME,timestamp,YES,,"DEFAULT_GENERATED on update CURRENT_TIMESTAMP"
master,frekuensi_aturan_resep_kategori,1,ID,int,NO,PRI,auto_increment
master,frekuensi_aturan_resep_kategori,2,FREKUENSI,int,NO,MUL,
master,frekuensi_aturan_resep_kategori,3,KATEGORI,int,NO,MUL,
master,frekuensi_aturan_resep_kategori,4,STATUS,tinyint,YES,MUL,
master,frekuensi_aturan_resep_kategori,5,INPUT_TIME,timestamp,YES,,DEFAULT_GENERATED
master,frekuensi_aturan_resep_kategori,6,UPDATE_TIME,timestamp,YES,,"DEFAULT_GENERATED on update CURRENT_TIMESTAMP"
master,general_consent,1,ID,tinyint,NO,PRI,auto_increment
master,general_consent,2,JENIS,tinyint,NO,PRI,
master,general_consent,3,DESKRIPSI,text,NO,,
master,general_consent,4,DESCRIPTION,text,NO,,
master,group_lab,1,ID,char(4),NO,PRI,
master,group_lab,2,JENIS,tinyint,NO,,
master,group_lab,3,DESKRIPSI,varchar(35),NO,,
master,group_lab,4,STATUS,tinyint,NO,,
master,group_pemeriksaan,1,ID,int,NO,PRI,auto_increment
master,group_pemeriksaan,2,JENIS,tinyint,NO,MUL,
master,group_pemeriksaan,3,KODE,char(4),NO,,
master,group_pemeriksaan,4,LEVEL,tinyint,NO,,
master,group_pemeriksaan,5,DESKRIPSI,varchar(100),NO,,
master,group_pemeriksaan,6,REF_ID,varchar(35),YES,,
master,group_pemeriksaan,7,JENIS_ASSESMENT_PROCEDURE,smallint,YES,MUL,
master,group_pemeriksaan,8,STATUS,tinyint,NO,MUL,
master,group_referensi_kelas,1,ID,smallint,NO,PRI,auto_increment
master,group_referensi_kelas,2,REFERENSI_KELAS,int,YES,MUL,
master,group_referensi_kelas,3,KELAS,int,YES,,
master,group_tindakan_lab,1,GROUP_LAB,char(4),NO,PRI,
master,group_tindakan_lab,2,TINDAKAN,smallint,NO,PRI,
master,group_tindakan_lab,3,STATUS,tinyint,NO,,
master,icd_snomedct,1,ID,int,NO,PRI,auto_increment
master,icd_snomedct,2,ICD_KODE,char(10),NO,MUL,
master,icd_snomedct,3,SNOMED_CT_ID,char(25),NO,MUL,
master,icd_snomedct,4,JENIS,tinyint,NO,MUL,
master,icd_snomedct,5,OLEH,smallint,NO,,
master,icd_snomedct,6,STATUS,tinyint,NO,MUL,
master,ikatan_kerja_sama,1,ID,smallint,NO,PRI,
master,jenis_berkas_rm,1,JENIS,tinyint,NO,PRI,
master,jenis_berkas_rm,2,ID,tinyint,NO,PRI,auto_increment
master,jenis_berkas_rm,3,DESKRIPSI,varchar(35),NO,,
master,jenis_berkas_rm,4,KODE,char(25),NO,MUL,
master,jenis_kunjungan_ruangan,1,JENIS_KUNJUNGAN,tinyint,NO,PRI,
master,jenis_kunjungan_ruangan,2,RUANGAN,char(10),NO,PRI,
master,jenis_kunjungan_ruangan,3,STATUS,tinyint,NO,,
master,jenis_laporan,1,ID,char(6),NO,PRI,
master,jenis_laporan,2,DESKRIPSI,varchar(50),NO,,
master,jenis_laporan,3,NAMA_KLAS,varchar(150),NO,,
master,jenis_laporan,4,MODULE,char(10),NO,,
master,jenis_laporan,5,LEVEL,tinyint,NO,,
master,jenis_laporan_detil,1,JENIS,char(6),NO,PRI,
master,jenis_laporan_detil,2,ID,tinyint,NO,PRI,auto_increment
master,jenis_laporan_detil,3,DESKRIPSI,varchar(50),NO,,
master,jenis_laporan_detil,4,KODE,char(20),NO,,
master,jenis_laporan_detil,5,REPORT_PARAMS,varchar(500),NO,,
master,jenis_laporan_detil,6,KETERANGAN,varchar(300),NO,,
master,jenis_laporan_detil,7,STATUS,tinyint,NO,,
master,jenis_nomor_surat,1,ID,int,NO,PRI,auto_increment
master,jenis_nomor_surat,2,JENIS_SURAT,varchar(50),NO,,
master,jenis_nomor_surat,3,KODE,varchar(50),NO,,
master,jenis_nomor_surat,4,STATUS,int,NO,MUL,
master,jenis_peserta_penjamin,1,JENIS,smallint,NO,PRI,
master,jenis_peserta_penjamin,2,ID,tinyint,NO,PRI,auto_increment
master,jenis_peserta_penjamin,3,DESKRIPSI,varchar(50),NO,,
master,jenis_peserta_penjamin,4,STATUS,tinyint,NO,,
master,jenis_referensi,1,ID,mediumint,NO,PRI,
master,jenis_referensi,2,DESKRIPSI,varchar(250),NO,,
master,jenis_referensi,3,SINGKATAN,char(5),NO,,
master,jenis_referensi,4,APLIKASI,tinyint,NO,,
master,jenis_ruangan,1,ID,tinyint,NO,PRI,auto_increment
master,jenis_ruangan,2,DESKRIPSI,varchar(45),NO,,
master,jenis_ruangan,3,DIGIT,tinyint,NO,,
master,jenis_ruangan,4,DELIMITER,char(1),NO,,
master,jenis_wilayah,1,ID,tinyint,NO,PRI,auto_increment
master,jenis_wilayah,2,DESKRIPSI,varchar(20),NO,,
master,jenis_wilayah,3,DIGIT,tinyint,NO,,
master,jenis_wilayah,4,DELIMITER,char(1),NO,,
master,kartu_asuransi_pasien,1,JENIS,smallint,NO,PRI,
master,kartu_asuransi_pasien,2,NORM,int,NO,PRI,
master,kartu_asuransi_pasien,3,NOMOR,varchar(25),YES,MUL,
master,kartu_identitas_keluarga,1,ID,int,NO,PRI,auto_increment
master,kartu_identitas_keluarga,2,JENIS,tinyint,NO,MUL,
master,kartu_identitas_keluarga,3,KELUARGA_PASIEN_ID,int,NO,MUL,
master,kartu_identitas_keluarga,4,NOMOR,varchar(25),NO,MUL,
master,kartu_identitas_keluarga,5,ALAMAT,varchar(150),NO,,
master,kartu_identitas_keluarga,6,RT,char(3),YES,,
master,kartu_identitas_keluarga,7,RW,char(3),YES,,
master,kartu_identitas_keluarga,8,KODEPOS,char(5),YES,,
master,kartu_identitas_keluarga,9,WILAYAH,char(10),YES,,
master,kartu_identitas_pasien,1,JENIS,tinyint,NO,PRI,
master,kartu_identitas_pasien,2,NORM,int,NO,PRI,
master,kartu_identitas_pasien,3,NOMOR,varchar(25),NO,MUL,
master,kartu_identitas_pasien,4,ALAMAT,varchar(150),NO,,
master,kartu_identitas_pasien,5,RT,char(3),YES,,
master,kartu_identitas_pasien,6,RW,char(3),YES,,
master,kartu_identitas_pasien,7,KODEPOS,char(5),YES,,
master,kartu_identitas_pasien,8,WILAYAH,char(10),YES,,
master,kelas_simrs_kemkes,1,ID,smallint,NO,PRI,auto_increment
master,kelas_simrs_kemkes,2,KELAS,tinyint,NO,MUL,
master,kelas_simrs_kemkes,3,KEMKES_KELAS,char(4),NO,,
master,kelas_simrs_kemkes,4,STATUS,tinyint,NO,,
master,kelas_simrs_rl,1,KELAS,tinyint,NO,PRI,
master,kelas_simrs_rl,2,RL_KELAS,tinyint,NO,PRI,
master,kelas_simrs_rl,3,STATUS,tinyint,NO,,
master,kelompok_operasi,1,TINDAKAN,smallint,NO,PRI,
master,kelompok_operasi,2,KELOMPOK,tinyint,NO,,
master,keluarga_pasien,1,ID,int,NO,PRI,auto_increment
master,keluarga_pasien,2,SHDK,tinyint,NO,MUL,
master,keluarga_pasien,3,NORM,int,NO,MUL,
master,keluarga_pasien,4,JENIS_KELAMIN,tinyint,NO,,
master,keluarga_pasien,5,NOMOR,smallint,NO,,
master,keluarga_pasien,6,NAMA,varchar(75),NO,,
master,keluarga_pasien,7,ALAMAT,varchar(150),YES,,
master,keluarga_pasien,8,PENDIDIKAN,tinyint,YES,,
master,keluarga_pasien,9,PEKERJAAN,tinyint,NO,,
master,keluarga_pasien,10,TANGGAL_LAHIR,date,NO,,
master,kemkes_kelas,1,ID,char(4),NO,PRI,
master,kemkes_kelas,2,DESKRIPSI,varchar(20),NO,,
master,kemkes_kematian_dashboard,1,IDKEMKES,tinyint,NO,PRI,
master,kemkes_kematian_dashboard,2,RUANG,char(10),NO,PRI,
master,kemkes_ruang_kematian,1,ID,tinyint,NO,PRI,
master,kemkes_ruang_kematian,2,DESKRIPSI,varchar(20),NO,,
master,kemkes_ruangan,1,ID,char(4),NO,PRI,
master,kemkes_ruangan,2,DESKRIPSI,varchar(20),NO,,
master,kode_surat_ruangan,1,RUANGAN,char(10),NO,PRI,
master,kode_surat_ruangan,2,KODE_SURAT,char(10),NO,,
master,kode_surat_ruangan,3,STATUS,tinyint(1),NO,MUL,
master,kontak_keluarga_pasien,1,SHDK,tinyint,NO,PRI,
master,kontak_keluarga_pasien,2,JENIS,tinyint,NO,PRI,
master,kontak_keluarga_pasien,3,NORM,int,NO,PRI,
master,kontak_keluarga_pasien,4,NOMOR,varchar(35),NO,PRI,
master,kontak_pasien,1,JENIS,tinyint,NO,PRI,
master,kontak_pasien,2,NORM,int,NO,PRI,
master,kontak_pasien,3,NOMOR,varchar(35),NO,PRI,
master,layanan_lainnya,1,ID,smallint,NO,PRI,auto_increment
master,layanan_lainnya,2,JENIS,tinyint,NO,MUL,
master,layanan_lainnya,3,NAMA,varchar(2000),NO,MUL,
master,layanan_lainnya,4,TANGGAL,datetime,NO,,
master,layanan_lainnya,5,OLEH,smallint,NO,,
master,layanan_lainnya,6,STATUS,tinyint,NO,MUL,
master,layanan_lainnya_tarif,1,ID,int,NO,PRI,auto_increment
master,layanan_lainnya_tarif,2,LAYANAN_LAINNYA_ID,smallint,NO,MUL,
master,layanan_lainnya_tarif,3,KELAS,tinyint,NO,MUL,
master,layanan_lainnya_tarif,4,TARIF,int,NO,,
master,layanan_lainnya_tarif,5,TANGGAL,datetime,NO,MUL,
master,layanan_lainnya_tarif,6,SK_TANGGAL,datetime,YES,,
master,layanan_lainnya_tarif,7,SK_NOMOR,varchar(35),YES,,
master,layanan_lainnya_tarif,8,OLEH,smallint,NO,,
master,layanan_lainnya_tarif,9,STATUS,tinyint,NO,MUL,
master,lock_akses_pasien,1,NORM,int,NO,PRI,
master,lock_akses_pasien,2,TANGGAL,datetime,NO,PRI,
master,lock_akses_pasien,3,ALASAN,varchar(250),NO,,
master,lock_akses_pasien,4,JENIS,tinyint,NO,,
master,lock_akses_pasien,5,OLEH,smallint,NO,,
master,lock_akses_pasien,6,STATUS,tinyint,NO,MUL,
master,mapping_golongan_barang_penjamin,1,ID,int,NO,PRI,auto_increment
master,mapping_golongan_barang_penjamin,2,PENJAMIN,smallint,NO,MUL,
master,mapping_golongan_barang_penjamin,3,GOLONGAN,smallint,NO,MUL,
master,mapping_golongan_barang_penjamin,4,STATUS,tinyint,NO,MUL,
master,mapping_group_pemeriksaan,1,ID,int,NO,PRI,auto_increment
master,mapping_group_pemeriksaan,2,GROUP_PEMERIKSAAN_ID,int,NO,MUL,
master,mapping_group_pemeriksaan,3,PEMERIKSAAN,smallint,NO,MUL,
master,mapping_group_pemeriksaan,4,STATUS,tinyint,NO,MUL,
master,mapping_retriksi_formularium,1,ID,int,NO,PRI,auto_increment
master,mapping_retriksi_formularium,2,JENIS_KUNJUNGAN,smallint,NO,MUL,
master,mapping_retriksi_formularium,3,JENIS_FORMULARIUM,smallint,NO,MUL,
master,mapping_retriksi_formularium,4,PENJAMIN,smallint,NO,MUL,
master,mapping_retriksi_formularium,5,KELAS,smallint,NO,MUL,
master,mapping_retriksi_formularium,6,KELAS_RUANG_RAWAT,smallint,NO,MUL,
master,mapping_retriksi_formularium,7,FORMULIR_KHUSUS,smallint,NO,MUL,
master,mapping_retriksi_formularium,8,STATUS,tinyint,NO,MUL,
master,mapping_retriksi_unit_asal_resep,1,ID,int,NO,PRI,auto_increment
master,mapping_retriksi_unit_asal_resep,2,BARANG,smallint,NO,MUL,
master,mapping_retriksi_unit_asal_resep,3,UNIT,char(10),NO,MUL,
master,mapping_retriksi_unit_asal_resep,4,STATUS,tinyint,NO,MUL,
master,margin_penjamin_farmasi,1,ID,int,NO,PRI,auto_increment
master,margin_penjamin_farmasi,2,PENJAMIN,smallint,NO,MUL,
master,margin_penjamin_farmasi,3,JENIS,tinyint,NO,MUL,
master,margin_penjamin_farmasi,4,MARGIN,"decimal(10,2)",NO,,
master,margin_penjamin_farmasi,5,TANGGAL,datetime,NO,,
master,margin_penjamin_farmasi,6,TANGGAL_SK,datetime,NO,,
master,margin_penjamin_farmasi,7,NOMOR_SK,varchar(35),NO,,
master,margin_penjamin_farmasi,8,OLEH,smallint,NO,,
master,margin_penjamin_farmasi,9,STATUS,tinyint,NO,MUL,
master,morphology_icd_o,1,ID,smallint,NO,PRI,auto_increment
master,morphology_icd_o,2,CODE,char(20),NO,MUL,
master,morphology_icd_o,3,STR,varchar(250),NO,MUL,
master,morphology_icd_o,4,SAB,varchar(250),NO,,
master,morphology_icd_o,5,STATUS,tinyint,NO,MUL,
master,mrconso,1,CUI,char(8),NO,MUL,
master,mrconso,2,LAT,char(3),NO,,
master,mrconso,3,TS,char(1),NO,,
master,mrconso,4,LUI,char(8),NO,,
master,mrconso,5,STT,varchar(3),NO,,
master,mrconso,6,SUI,char(8),NO,,
master,mrconso,7,ISPREF,char(1),NO,,
master,mrconso,8,AUI,char(8),NO,MUL,
master,mrconso,9,SAUI,varchar(50),YES,,
master,mrconso,10,SCUI,varchar(50),YES,,
master,mrconso,11,SDUI,varchar(50),YES,,
master,mrconso,12,SAB,char(15),YES,MUL,
master,mrconso,13,TTY,char(2),YES,MUL,
master,mrconso,14,CODE,char(15),YES,MUL,
master,mrconso,15,CODE2,char(15),YES,MUL,
master,mrconso,16,STR,text,YES,MUL,
master,mrconso,17,SRL,int,NO,,
master,mrconso,18,SUPPRESS,char(1),NO,,
master,mrconso,19,CVF,varchar(50),YES,,
master,mrconso,20,VERSION,varchar(15),NO,,
master,mrconso,21,VALIDCODE,char(1),NO,MUL,
master,mrconso,22,ACCPDX,char(1),NO,,
master,mrconso,23,CODE_ASTERISK,char(15),NO,,
master,mrconso,24,ASTERISK,char(1),NO,,
master,mrconso,25,IM,char(1),NO,,
master,mrconso,26,ICD_TYPE,tinyint,NO,,
master,negara,1,ID,smallint,NO,PRI,auto_increment
master,negara,2,DESKRIPSI,varchar(50),NO,,
master,negara,3,SINGKATAN,char(3),YES,,
master,negara,4,STATUS,tinyint,YES,,
master,nilai_rujukan_lab,1,ID,int,NO,PRI,auto_increment
master,nilai_rujukan_lab,2,PARAMETER_TINDAKAN,int,NO,MUL,
master,nilai_rujukan_lab,3,JENIS_KELAMIN,tinyint,NO,MUL,
master,nilai_rujukan_lab,4,UMUR,smallint,NO,,
master,nilai_rujukan_lab,5,BATAS_BAWAH,"decimal(10,2)",NO,,
master,nilai_rujukan_lab,6,BATAS_ATAS,"decimal(10,2)",NO,,
master,nilai_rujukan_lab,7,OLEH,smallint,YES,,
master,nilai_rujukan_lab,8,STATUS,tinyint,NO,,
master,paket,1,ID,smallint,NO,PRI,auto_increment
master,paket,2,NAMA,varchar(50),NO,MUL,
master,paket,3,TANGGAL,datetime,NO,MUL,
master,paket,4,KELAS,tinyint,NO,MUL,
master,paket,5,LAMA,tinyint,NO,,
master,paket,6,UNTUK_KUNJUNGAN,char(50),NO,,
master,paket,7,TARIF,int,NO,,
master,paket,8,OLEH,smallint,YES,,
master,paket,9,STATUS,tinyint,NO,,
master,paket_detil,1,ID,int,NO,PRI,auto_increment
master,paket_detil,2,PAKET,smallint,NO,MUL,
master,paket_detil,3,JENIS,tinyint,NO,MUL,
master,paket_detil,4,ITEM,smallint,NO,MUL,
master,paket_detil,5,RUANGAN,char(10),YES,,
master,paket_detil,6,QTY,"decimal(60,2)",NO,,
master,paket_detil,7,STATUS,tinyint,NO,,
master,paramedis_map,1,ID,tinyint,NO,PRI,
master,parameter_tindakan_lab,1,ID,int,NO,PRI,
master,parameter_tindakan_lab,2,TINDAKAN,smallint,NO,MUL,
master,parameter_tindakan_lab,3,PARAMETER,varchar(35),NO,,
master,parameter_tindakan_lab,4,NILAI_RUJUKAN,varchar(100),NO,,
master,parameter_tindakan_lab,5,SATUAN,tinyint,YES,,
master,parameter_tindakan_lab,6,INDEKS,tinyint,NO,,
master,parameter_tindakan_lab,7,TANGGAL,datetime,NO,,
master,parameter_tindakan_lab,8,STATUS,tinyint,NO,,
master,pasien,1,NORM,int,NO,PRI,auto_increment
master,pasien,2,NAMA,varchar(75),NO,MUL,
master,pasien,3,PANGGILAN,varchar(15),YES,,
master,pasien,4,GELAR_DEPAN,varchar(25),YES,,
master,pasien,5,GELAR_BELAKANG,varchar(35),YES,,
master,pasien,6,TEMPAT_LAHIR,varchar(35),YES,,
master,pasien,7,TANGGAL_LAHIR,datetime,NO,,
master,pasien,8,JENIS_KELAMIN,tinyint,NO,,
master,pasien,9,ALAMAT,varchar(150),YES,,
master,pasien,10,RT,char(3),YES,,
master,pasien,11,RW,char(3),YES,,
master,pasien,12,KODEPOS,char(5),YES,,
master,pasien,13,WILAYAH,char(10),YES,,
master,pasien,14,AGAMA,tinyint,YES,,
master,pasien,15,PENDIDIKAN,tinyint,YES,,
master,pasien,16,PEKERJAAN,tinyint,YES,,
master,pasien,17,STATUS_PERKAWINAN,tinyint,YES,,
master,pasien,18,GOLONGAN_DARAH,tinyint,YES,,
master,pasien,19,KEWARGANEGARAAN,smallint,NO,,
master,pasien,20,SUKU,smallint,NO,,
master,pasien,21,TIDAK_DIKENAL,tinyint,NO,,
master,pasien,22,BAHASA,varchar(50),NO,,
master,pasien,23,LOCK_AKSES,tinyint,NO,MUL,
master,pasien,24,TANGGAL,datetime,NO,,
master,pasien,25,OLEH,smallint,YES,,
master,pasien,26,STATUS,tinyint,NO,MUL,
master,pasien_log,1,LOG_ID,bigint,NO,PRI,auto_increment
master,pasien_log,2,LOG_TANGGAL,timestamp,YES,,"DEFAULT_GENERATED on update CURRENT_TIMESTAMP"
master,pasien_log,3,NORM,int,NO,MUL,
master,pasien_log,4,NAMA,varchar(75),NO,MUL,
master,pasien_log,5,PANGGILAN,varchar(15),YES,,
master,pasien_log,6,GELAR_DEPAN,varchar(25),YES,,
master,pasien_log,7,GELAR_BELAKANG,varchar(35),YES,,
master,pasien_log,8,TEMPAT_LAHIR,varchar(35),YES,,
master,pasien_log,9,TANGGAL_LAHIR,datetime,NO,,
master,pasien_log,10,JENIS_KELAMIN,tinyint,NO,,
master,pasien_log,11,ALAMAT,varchar(150),YES,,
master,pasien_log,12,RT,char(3),YES,,
master,pasien_log,13,RW,char(3),YES,,
master,pasien_log,14,KODEPOS,char(5),YES,,
master,pasien_log,15,WILAYAH,char(10),YES,,
master,pasien_log,16,AGAMA,tinyint,YES,,
master,pasien_log,17,PENDIDIKAN,tinyint,YES,,
master,pasien_log,18,PEKERJAAN,tinyint,YES,,
master,pasien_log,19,STATUS_PERKAWINAN,tinyint,YES,,
master,pasien_log,20,GOLONGAN_DARAH,tinyint,YES,,
master,pasien_log,21,KEWARGANEGARAAN,smallint,NO,,
master,pasien_log,22,TANGGAL,datetime,NO,,
master,pasien_log,23,OLEH,smallint,YES,,
master,pasien_log,24,STATUS,tinyint,NO,MUL,
master,pegawai,1,ID,smallint,NO,PRI,auto_increment
master,pegawai,2,NIP,varchar(30),NO,UNI,
master,pegawai,3,NAMA,varchar(75),NO,MUL,
master,pegawai,4,PANGGILAN,varchar(15),YES,,
master,pegawai,5,GELAR_DEPAN,varchar(25),YES,,
master,pegawai,6,GELAR_BELAKANG,varchar(35),YES,,
master,pegawai,7,TEMPAT_LAHIR,varchar(35),NO,,
master,pegawai,8,TANGGAL_LAHIR,datetime,YES,,
master,pegawai,9,AGAMA,tinyint,YES,,
master,pegawai,10,JENIS_KELAMIN,tinyint,NO,,
master,pegawai,11,PROFESI,tinyint,NO,,
master,pegawai,12,SMF,tinyint,NO,,
master,pegawai,13,ALAMAT,varchar(150),NO,,
master,pegawai,14,RT,char(3),YES,,
master,pegawai,15,RW,char(3),YES,,
master,pegawai,16,KODEPOS,char(5),YES,,
master,pegawai,17,WILAYAH,char(10),NO,,
master,pegawai,18,TANGGAL,timestamp,NO,,"DEFAULT_GENERATED on update CURRENT_TIMESTAMP"
master,pegawai,19,NON_PEGAWAI,tinyint,NO,MUL,
master,pegawai,20,STATUS,tinyint,NO,MUL,
master,penjamin_ruangan,1,ID,smallint,NO,PRI,auto_increment
master,penjamin_ruangan,2,PENJAMIN,smallint,NO,MUL,
master,penjamin_ruangan,3,RUANGAN_PENJAMIN,char(10),NO,MUL,
master,penjamin_ruangan,4,RUANGAN_RS,char(10),NO,MUL,
master,penjamin_ruangan,5,STATUS,tinyint,NO,,
master,penjamin_sub_spesialistik,1,ID,smallint,NO,PRI,auto_increment
master,penjamin_sub_spesialistik,2,PENJAMIN,smallint,NO,MUL,
master,penjamin_sub_spesialistik,3,SUB_SPESIALIS_PENJAMIN,char(10),NO,MUL,
master,penjamin_sub_spesialistik,4,SUB_SPESIALIS_RS,smallint,NO,MUL,
master,penjamin_sub_spesialistik,5,FINGER,tinyint,NO,,
master,penjamin_sub_spesialistik,6,STATUS,tinyint,NO,,
master,perawat,1,ID,smallint,NO,PRI,auto_increment
master,perawat,2,NIP,varchar(30),NO,UNI,
master,perawat,3,STATUS,tinyint,NO,MUL,
master,perawat_ruangan,1,ID,mediumint,NO,PRI,auto_increment
master,perawat_ruangan,2,TANGGAL,timestamp,NO,MUL,DEFAULT_GENERATED
master,perawat_ruangan,3,PERAWAT,smallint,NO,MUL,
master,perawat_ruangan,4,RUANGAN,char(10),NO,MUL,
master,perawat_ruangan,5,STATUS,tinyint,NO,MUL,
master,ppk,1,ID,int,NO,PRI,auto_increment
master,ppk,2,KODE,char(15),YES,MUL,
master,ppk,3,BPJS,char(8),YES,MUL,
master,ppk,4,JENIS,tinyint,YES,,
master,ppk,5,KEPEMILIKAN,tinyint,YES,,
master,ppk,6,JPK,tinyint,YES,,
master,ppk,7,NAMA,varchar(75),NO,,
master,ppk,8,KELAS,char(1),NO,,
master,ppk,9,ALAMAT,varchar(150),NO,,
master,ppk,10,RT,char(3),YES,,
master,ppk,11,RW,char(3),YES,,
master,ppk,12,KODEPOS,char(5),YES,,
master,ppk,13,TELEPON,char(25),YES,,
master,ppk,14,FAX,char(25),NO,,
master,ppk,15,WILAYAH,char(10),YES,,
master,ppk,16,DESWILAYAH,text,NO,,
master,ppk,17,MULAI,datetime,YES,,
master,ppk,18,BERAKHIR,datetime,YES,,
master,ppk,19,TANGGAL,timestamp,NO,,"DEFAULT_GENERATED on update CURRENT_TIMESTAMP"
master,ppk,20,OLEH,smallint,NO,,
master,ppk,21,STATUS,tinyint,NO,MUL,
master,referensi,1,TABEL_ID,int,NO,PRI,auto_increment
master,referensi,2,JENIS,mediumint,NO,MUL,
master,referensi,3,ID,smallint,NO,,
master,referensi,4,DESKRIPSI,varchar(500),NO,,
master,referensi,5,REF_ID,char(5),NO,MUL,
master,referensi,6,TEKS,varchar(100),NO,,
master,referensi,7,CONFIG,json,YES,,
master,referensi,8,SCORING,tinyint,NO,,
master,referensi,9,STATUS,tinyint,NO,,
master,refrl,1,JENISRL,char(6),NO,PRI,
master,refrl,2,IDJENISRL,tinyint,NO,PRI,
master,refrl,3,ID,int,NO,PRI,auto_increment
master,refrl,4,DESKRIPSI,varchar(150),NO,,
master,refrl,5,KODE,char(8),NO,MUL,
master,refrl,6,KODE_HIRARKI,char(8),NO,MUL,
master,refrl,7,NODAFTAR,varchar(200),NO,,
master,rekening,1,ID,smallint,NO,PRI,auto_increment
master,rekening,2,BANK,tinyint,NO,MUL,
master,rekening,3,NOMOR,char(35),NO,MUL,
master,rekening,4,PEMILIK,varchar(150),NO,MUL,
master,rekening,5,JENIS,tinyint,NO,MUL,
master,rekening,6,STATUS,tinyint,NO,,
master,retriksi_antibiotik_farmasi,1,ID,int,NO,PRI,auto_increment
master,retriksi_antibiotik_farmasi,2,BARANG,smallint,NO,MUL,
master,retriksi_antibiotik_farmasi,3,ANTIBIOTIK,char(10),NO,MUL,
master,retriksi_antibiotik_farmasi,4,OLEH,char(250),YES,,
master,retriksi_antibiotik_farmasi,5,STATUS,tinyint,YES,MUL,
master,retriksi_antibiotik_farmasi,6,INPUT_TIME,timestamp,YES,,DEFAULT_GENERATED
master,retriksi_antibiotik_farmasi,7,UPDATE_TIME,timestamp,YES,,"DEFAULT_GENERATED on update CURRENT_TIMESTAMP"
master,retriksi_diagnosa_farmasi,1,ID,int,NO,PRI,auto_increment
master,retriksi_diagnosa_farmasi,2,BARANG,smallint,NO,MUL,
master,retriksi_diagnosa_farmasi,3,DIAGNOSA,char(10),NO,MUL,
master,retriksi_diagnosa_farmasi,4,OLEH,char(250),YES,,
master,retriksi_diagnosa_farmasi,5,STATUS,tinyint,YES,MUL,
master,retriksi_diagnosa_farmasi,6,INPUT_TIME,timestamp,YES,,DEFAULT_GENERATED
master,retriksi_diagnosa_farmasi,7,UPDATE_TIME,timestamp,YES,,"DEFAULT_GENERATED on update CURRENT_TIMESTAMP"
master,retriksi_dokter_farmasi,1,ID,int,NO,PRI,auto_increment
master,retriksi_dokter_farmasi,2,BARANG,smallint,NO,MUL,
master,retriksi_dokter_farmasi,3,DOKTER,smallint,NO,MUL,
master,retriksi_dokter_farmasi,4,OLEH,smallint,YES,,
master,retriksi_dokter_farmasi,5,STATUS,tinyint,YES,MUL,
master,retriksi_dokter_farmasi,6,INPUT_TIME,timestamp,YES,,DEFAULT_GENERATED
master,retriksi_dokter_farmasi,7,UPDATE_TIME,timestamp,YES,,"DEFAULT_GENERATED on update CURRENT_TIMESTAMP"
master,retriksi_hari_farmasi,1,ID,int,NO,PRI,auto_increment
master,retriksi_hari_farmasi,2,BARANG,smallint,NO,MUL,
master,retriksi_hari_farmasi,3,HARI,tinyint,NO,,
master,retriksi_hari_farmasi,4,OLEH,smallint,YES,,
master,retriksi_hari_farmasi,5,STATUS,tinyint,YES,MUL,
master,retriksi_hari_farmasi,6,INPUT_TIME,timestamp,YES,,DEFAULT_GENERATED
master,retriksi_hari_farmasi,7,UPDATE_TIME,timestamp,YES,,"DEFAULT_GENERATED on update CURRENT_TIMESTAMP"
master,retriksi_jumlah_farmasi,1,ID,int,NO,PRI,auto_increment
master,retriksi_jumlah_farmasi,2,BARANG,smallint,NO,MUL,
master,retriksi_jumlah_farmasi,3,JUMLAH,int,NO,,
master,retriksi_jumlah_farmasi,4,OLEH,smallint,YES,,
master,retriksi_jumlah_farmasi,5,STATUS,tinyint,YES,MUL,
master,retriksi_jumlah_farmasi,6,INPUT_TIME,timestamp,YES,,DEFAULT_GENERATED
master,retriksi_jumlah_farmasi,7,UPDATE_TIME,timestamp,YES,,"DEFAULT_GENERATED on update CURRENT_TIMESTAMP"
master,rl13_ruangan,1,ID,char(10),NO,PRI,
master,rl13_ruangan,2,RL13,int,NO,MUL,
master,rl2_pegawai,1,NIP,varchar(30),NO,PRI,
master,rl2_pegawai,2,RL2,int,NO,MUL,
master,rl310_tindakan,1,ID,smallint,NO,PRI,
master,rl310_tindakan,2,RL310,int,NO,MUL,
master,rl311_tindakan,1,ID,smallint,NO,PRI,
master,rl311_tindakan,2,RL311,int,NO,MUL,
master,rl312_tindakan,1,ID,smallint,NO,PRI,
master,rl312_tindakan,2,RL312,int,NO,MUL,
master,rl314_smf,1,ID,smallint,NO,PRI,
master,rl314_smf,2,RL314,int,NO,MUL,
master,rl315_penjamin,1,ID,smallint,NO,PRI,
master,rl315_penjamin,2,RL315,int,NO,MUL,
master,rl31_smf,1,ID,mediumint,NO,PRI,
master,rl31_smf,2,RL31,int,NO,MUL,
master,rl32_ruangan,1,ID,smallint,NO,PRI,
master,rl32_ruangan,2,RL32,int,NO,MUL,
master,rl32_smf,1,ID,mediumint,NO,PRI,
master,rl32_smf,2,RL32,int,NO,MUL,
master,rl33_tindakan,1,ID,smallint,NO,PRI,
master,rl33_tindakan,2,RL33,int,NO,MUL,
master,rl34_icd10,1,ID,char(7),NO,PRI,
master,rl34_icd10,2,RL34,int,NO,MUL,
master,rl35_icd10,1,ID,char(5),NO,PRI,
master,rl35_icd10,2,RL35,int,NO,MUL,
master,rl36_smf,1,ID,smallint,NO,PRI,
master,rl36_smf,2,RL36,int,NO,MUL,
master,rl37_tindakan,1,ID,smallint,NO,PRI,
master,rl37_tindakan,2,RL37,int,NO,MUL,
master,rl38_tindakan,1,ID,smallint,NO,PRI,
master,rl38_tindakan,2,RL38,int,NO,MUL,
master,rl39_tindakan,1,ID,smallint,NO,PRI,
master,rl39_tindakan,2,RL39,int,NO,MUL,
master,rl4_icd10,1,ID,int,NO,PRI,
master,rl4_icd10,2,KODE,varchar(20),NO,MUL,
master,rl4_icd10,3,IDJENISRL,tinyint,NO,MUL,
master,rl4_icd10,4,IDRL4AB,int,NO,MUL,
master,rl4_icd10,5,KET,varchar(20),NO,MUL,
master,rl52_ruangan,1,ID,char(10),NO,PRI,
master,rl52_ruangan,2,RL52,int,NO,MUL,
master,rl_kelas,1,ID,tinyint,NO,PRI,auto_increment
master,rl_kelas,2,DESKRIPSI,varchar(20),NO,,
master,ruang_kamar,1,ID,smallint,NO,PRI,auto_increment
master,ruang_kamar,2,RUANGAN,char(10),NO,MUL,
master,ruang_kamar,3,KAMAR,varchar(25),NO,MUL,
master,ruang_kamar,4,KELAS,tinyint,NO,MUL,
master,ruang_kamar,5,TANGGAL,timestamp,NO,MUL,"DEFAULT_GENERATED on update CURRENT_TIMESTAMP"
master,ruang_kamar,6,STATUS,tinyint,NO,MUL,
master,ruang_kamar_tidur,1,ID,smallint,NO,PRI,auto_increment
master,ruang_kamar_tidur,2,RUANG_KAMAR,smallint,NO,MUL,
master,ruang_kamar_tidur,3,TEMPAT_TIDUR,varchar(15),NO,MUL,
master,ruang_kamar_tidur,4,STATUS,tinyint,NO,MUL,
master,ruang_kamar_tidur,5,TANGGAL,timestamp,NO,MUL,"DEFAULT_GENERATED on update CURRENT_TIMESTAMP"
master,ruangan,1,ID,char(10),NO,PRI,
master,ruangan,2,JENIS,tinyint,NO,MUL,
master,ruangan,3,JENIS_KUNJUNGAN,tinyint,NO,MUL,
master,ruangan,4,REF_ID,tinyint,NO,MUL,
master,ruangan,5,DESKRIPSI,varchar(250),NO,,
master,ruangan,6,TANGGAL,timestamp,NO,,DEFAULT_GENERATED
master,ruangan,7,AKSES_PERMINTAAN,tinyint,NO,MUL,
master,ruangan,8,OLEH,smallint,YES,,
master,ruangan,9,CONFIG,json,YES,,
master,ruangan,10,STATUS,tinyint,NO,MUL,
master,ruangan_farmasi,1,RUANGAN,char(10),NO,PRI,
master,ruangan_farmasi,2,FARMASI,char(10),NO,PRI,
master,ruangan_farmasi,3,STATUS,tinyint,NO,MUL,
master,ruangan_kelas,1,ID,mediumint,NO,PRI,auto_increment
master,ruangan_kelas,2,TANGGAL,datetime,NO,MUL,
master,ruangan_kelas,3,RUANGAN,char(10),NO,MUL,
master,ruangan_kelas,4,KELAS,smallint,NO,MUL,
master,ruangan_kelas,5,STATUS,tinyint,NO,MUL,
master,ruangan_konsul,1,RUANGAN,char(10),NO,PRI,
master,ruangan_konsul,2,KONSUL,char(10),NO,PRI,
master,ruangan_konsul,3,STATUS,tinyint,NO,MUL,
master,ruangan_laboratorium,1,RUANGAN,char(10),NO,PRI,
master,ruangan_laboratorium,2,LABORATORIUM,char(10),NO,PRI,
master,ruangan_laboratorium,3,ORDER_LIS,tinyint,NO,,
master,ruangan_laboratorium,4,STATUS,tinyint,NO,MUL,
master,ruangan_mutasi,1,RUANGAN,char(10),NO,PRI,
master,ruangan_mutasi,2,MUTASI,char(10),NO,PRI,
master,ruangan_mutasi,3,STATUS,tinyint,NO,MUL,
master,ruangan_operasi,1,RUANGAN,char(10),NO,PRI,
master,ruangan_operasi,2,OPERASI,char(10),NO,PRI,
master,ruangan_operasi,3,STATUS,tinyint,NO,MUL,
master,ruangan_radiologi,1,RUANGAN,char(10),NO,PRI,
master,ruangan_radiologi,2,RADIOLOGI,char(10),NO,PRI,
master,ruangan_radiologi,3,STATUS,tinyint,NO,MUL,
master,ruangan_simrs_kemkes,1,ID,smallint,NO,PRI,auto_increment
master,ruangan_simrs_kemkes,2,RUANGAN,char(10),NO,MUL,
master,ruangan_simrs_kemkes,3,KEMKES_RUANGAN,char(4),NO,,
master,ruangan_simrs_kemkes,4,STATUS,tinyint,NO,,
master,smf_ruangan,1,ID,smallint,NO,PRI,auto_increment
master,smf_ruangan,2,TANGGAL,timestamp,NO,MUL,DEFAULT_GENERATED
master,smf_ruangan,3,RUANGAN,char(10),NO,MUL,
master,smf_ruangan,4,SMF,tinyint,NO,MUL,
master,smf_ruangan,5,STATUS,tinyint,NO,MUL,
master,staff,1,ID,smallint,NO,PRI,auto_increment
master,staff,2,NIP,varchar(30),NO,UNI,
master,staff,3,STATUS,tinyint,NO,MUL,
master,staff_ruangan,1,ID,mediumint,NO,PRI,auto_increment
master,staff_ruangan,2,TANGGAL,timestamp,NO,MUL,DEFAULT_GENERATED
master,staff_ruangan,3,STAFF,smallint,NO,MUL,
master,staff_ruangan,4,RUANGAN,char(10),NO,MUL,
master,staff_ruangan,5,STATUS,tinyint,NO,MUL,
master,surveilans_penyakit_menular,1,ID,int,YES,MUL,
master,surveilans_penyakit_menular,2,KODE_ICD10,varchar(20),YES,MUL,
master,surveilans_penyakit_menular,3,DESKRIPSI_PENYAKIT_MENULAR,text,YES,,
master,tanggal,1,TANGGAL,date,NO,PRI,
master,tanggal,2,NAMAHARI,varchar(10),NO,,
master,tarif_administrasi,1,ID,smallint,NO,PRI,auto_increment
master,tarif_administrasi,2,ADMINISTRASI,smallint,NO,MUL,
master,tarif_administrasi,3,JENIS_KUNJUNGAN,smallint,NO,MUL,
master,tarif_administrasi,4,PASIEN_BARU,tinyint,NO,MUL,
master,tarif_administrasi,5,TARIF,int,NO,,
master,tarif_administrasi,6,TANGGAL,datetime,NO,,
master,tarif_administrasi,7,TANGGAL_SK,datetime,YES,,
master,tarif_administrasi,8,NOMOR_SK,varchar(35),YES,,
master,tarif_administrasi,9,OLEH,smallint,NO,,
master,tarif_administrasi,10,STATUS,tinyint,NO,,
master,tarif_farmasi_per_kelas,1,ID,smallint,NO,PRI,auto_increment
master,tarif_farmasi_per_kelas,2,KELAS,tinyint,NO,MUL,
master,tarif_farmasi_per_kelas,3,FARMASI,"decimal(10,2)",NO,MUL,
master,tarif_farmasi_per_kelas,4,TANGGAL,datetime,NO,MUL,
master,tarif_farmasi_per_kelas,5,OLEH,smallint,NO,,
master,tarif_farmasi_per_kelas,6,STATUS,tinyint,NO,,
master,tarif_o2,1,ID,smallint,NO,PRI,auto_increment
master,tarif_o2,2,TARIF,int,NO,,
master,tarif_o2,3,TANGGAL,datetime,NO,,
master,tarif_o2,4,TANGGAL_SK,datetime,YES,,
master,tarif_o2,5,NOMOR_SK,varchar(35),YES,,
master,tarif_o2,6,OLEH,smallint,NO,,
master,tarif_o2,7,STATUS,tinyint,NO,,
master,tarif_ruang_rawat,1,ID,int,NO,PRI,auto_increment
master,tarif_ruang_rawat,2,KELAS,tinyint,NO,MUL,
master,tarif_ruang_rawat,3,SARANA,int,NO,,
master,tarif_ruang_rawat,4,JASA_PELAYANAN,int,NO,,
master,tarif_ruang_rawat,5,TARIF,int,NO,,
master,tarif_ruang_rawat,6,TANGGAL,datetime,NO,MUL,
master,tarif_ruang_rawat,7,TANGGAL_SK,datetime,YES,,
master,tarif_ruang_rawat,8,NOMOR_SK,varchar(35),NO,,
master,tarif_ruang_rawat,9,OLEH,smallint,NO,,
master,tarif_ruang_rawat,10,STATUS,tinyint,NO,MUL,
master,tarif_tindakan,1,ID,int,NO,PRI,auto_increment
master,tarif_tindakan,2,TINDAKAN,smallint,NO,MUL,
master,tarif_tindakan,3,KELAS,tinyint,NO,MUL,
master,tarif_tindakan,4,ADMINISTRASI,int,NO,,
master,tarif_tindakan,5,SARANA,int,NO,,
master,tarif_tindakan,6,BHP,int,NO,,
master,tarif_tindakan,7,DOKTER_OPERATOR,int,NO,,
master,tarif_tindakan,8,DOKTER_ANASTESI,int,NO,,
master,tarif_tindakan,9,DOKTER_LAINNYA,int,NO,,
master,tarif_tindakan,10,PENATA_ANASTESI,int,NO,,
master,tarif_tindakan,11,PARAMEDIS,int,NO,,
master,tarif_tindakan,12,NON_MEDIS,int,NO,,
master,tarif_tindakan,13,TARIF,int,NO,,
master,tarif_tindakan,14,TANGGAL,datetime,NO,MUL,
master,tarif_tindakan,15,TANGGAL_SK,datetime,YES,,
master,tarif_tindakan,16,NOMOR_SK,varchar(35),YES,,
master,tarif_tindakan,17,OLEH,smallint,NO,,
master,tarif_tindakan,18,STATUS,tinyint,NO,MUL,
master,template_anatomi,1,ID,int,NO,PRI,auto_increment
master,template_anatomi,2,KSM,int,YES,MUL,
master,template_anatomi,3,NAMA,varchar(50),YES,,
master,template_anatomi,4,TEMPLATE,longblob,YES,,
master,template_anatomi,5,TYPE,varchar(20),YES,,
master,template_anatomi,6,ORIENTATION,tinyint,YES,,
master,template_anatomi,7,STATUS,tinyint,YES,,
master,tindakan,1,ID,smallint,NO,PRI,auto_increment
master,tindakan,2,JENIS,tinyint,NO,MUL,
master,tindakan,3,NAMA,varchar(2000),NO,MUL,
master,tindakan,4,PRIVACY,tinyint,NO,MUL,
master,tindakan,5,KPTL_NO,varchar(50),NO,MUL,
master,tindakan,6,KPTL_STATUS,tinyint,NO,MUL,
master,tindakan,7,KATEGORI,smallint,NO,MUL,
master,tindakan,8,STATUS,tinyint,NO,MUL,
master,tindakan_keperawatan,1,ID,smallint,NO,PRI,auto_increment
master,tindakan_keperawatan,2,TINDAKAN,smallint,NO,MUL,
master,tindakan_keperawatan,3,STATUS,tinyint,NO,MUL,
master,tindakan_klp_operasi,1,ID,smallint,NO,PRI,
master,tindakan_klp_operasi,2,KELOMPOK_OPERASI,mediumint,NO,MUL,
master,tindakan_paket,1,ID,int,NO,PRI,auto_increment
master,tindakan_paket,2,NAMA,varchar(250),NO,,
master,tindakan_paket,3,STATUS,int,YES,MUL,
master,tindakan_paket,4,TINDAKAN,smallint,YES,MUL,
master,tindakan_rincian,1,ID,smallint,NO,PRI,auto_increment
master,tindakan_rincian,2,TINDAKAN,smallint,NO,MUL,
master,tindakan_rincian,3,STATUS,tinyint,NO,MUL,
master,tindakan_ruangan,1,ID,mediumint,NO,PRI,auto_increment
master,tindakan_ruangan,2,TANGGAL,timestamp,NO,MUL,DEFAULT_GENERATED
master,tindakan_ruangan,3,TINDAKAN,smallint,NO,MUL,
master,tindakan_ruangan,4,RUANGAN,char(10),NO,MUL,
master,tindakan_ruangan,5,STATUS,tinyint,NO,MUL,
master,topography_icd_o,1,ID,smallint,NO,PRI,auto_increment
master,topography_icd_o,2,CODE,char(20),NO,MUL,
master,topography_icd_o,3,STR,varchar(250),NO,MUL,
master,topography_icd_o,4,SAB,varchar(250),NO,,
master,topography_icd_o,5,STATUS,tinyint,NO,MUL,
master,videos,1,ID,smallint,NO,PRI,auto_increment
master,videos,2,JENIS,tinyint,NO,MUL,
master,videos,3,NAMA,char(10),NO,,
master,videos,4,DURASI,char(8),NO,,
master,videos,5,PUBLISH,tinyint,NO,,
master,videos,6,IDX,tinyint,NO,MUL,
master,videos,7,STATUS,tinyint,NO,,
master,wilayah,1,ID,char(10),NO,PRI,
master,wilayah,2,JENIS,tinyint,NO,MUL,
master,wilayah,3,DESKRIPSI,varchar(50),NO,MUL,
master,wilayah,4,KOTA,tinyint,NO,,
master,wilayah,5,STATUS,tinyint,NO,MUL,
master,wilayah,6,REMOTE_CHANGE,tinyint,NO,,
master,z_score_berat_badan,1,ID,int,NO,PRI,auto_increment
master,z_score_berat_badan,2,UMUR,int,YES,MUL,
master,z_score_berat_badan,3,JENIS_KELAMIN,tinyint,YES,,
master,z_score_berat_badan,4,SD_TIGA_NEGATIF,"decimal(60,2)",YES,,
master,z_score_berat_badan,5,SD_DUA_NEGATIF,"decimal(60,2)",YES,,
master,z_score_berat_badan,6,SD_SATU_NEGATIF,"decimal(60,2)",YES,,
master,z_score_berat_badan,7,MEDIAN,"decimal(60,2)",YES,,
master,z_score_berat_badan,8,SD_SATU_POSITIF,"decimal(60,2)",YES,,
master,z_score_berat_badan,9,SD_DUA_POSITIF,"decimal(60,2)",YES,,
master,z_score_berat_badan,10,SD_TIGA_POSITIF,"decimal(60,2)",YES,,
master,z_score_berat_badan,11,KATEGORI,tinyint,YES,MUL,
master,z_score_berat_tinggi_badan,1,ID,int,NO,PRI,auto_increment
master,z_score_berat_tinggi_badan,2,TINGGI,"decimal(60,2)",YES,MUL,
master,z_score_berat_tinggi_badan,3,JENIS_KELAMIN,tinyint,YES,,
master,z_score_berat_tinggi_badan,4,SD_TIGA_NEGATIF,"decimal(60,2)",YES,,
master,z_score_berat_tinggi_badan,5,SD_DUA_NEGATIF,"decimal(60,2)",YES,,
master,z_score_berat_tinggi_badan,6,SD_SATU_NEGATIF,"decimal(60,2)",YES,,
master,z_score_berat_tinggi_badan,7,MEDIAN,"decimal(60,2)",YES,,
master,z_score_berat_tinggi_badan,8,SD_SATU_POSITIF,"decimal(60,2)",YES,,
master,z_score_berat_tinggi_badan,9,SD_DUA_POSITIF,"decimal(60,2)",YES,,
master,z_score_berat_tinggi_badan,10,SD_TIGA_POSITIF,"decimal(60,2)",YES,,
master,z_score_berat_tinggi_badan,11,KATEGORI,tinyint,YES,MUL,
master,z_score_imt,1,ID,int,NO,PRI,auto_increment
master,z_score_imt,2,UMUR,int,YES,MUL,
master,z_score_imt,3,JENIS_KELAMIN,tinyint,YES,,
master,z_score_imt,4,SD_TIGA_NEGATIF,"decimal(60,2)",YES,,
master,z_score_imt,5,SD_DUA_NEGATIF,"decimal(60,2)",YES,,
master,z_score_imt,6,SD_SATU_NEGATIF,"decimal(60,2)",YES,,
master,z_score_imt,7,MEDIAN,"decimal(60,2)",YES,,
master,z_score_imt,8,SD_SATU_POSITIF,"decimal(60,2)",YES,,
master,z_score_imt,9,SD_DUA_POSITIF,"decimal(60,2)",YES,,
master,z_score_imt,10,SD_TIGA_POSITIF,"decimal(60,2)",YES,,
master,z_score_imt,11,KATEGORI,tinyint,YES,MUL,
master,z_score_tinggi_badan,1,ID,int,NO,PRI,auto_increment
master,z_score_tinggi_badan,2,UMUR,int,YES,MUL,
master,z_score_tinggi_badan,3,JENIS_KELAMIN,tinyint,YES,,
master,z_score_tinggi_badan,4,SD_TIGA_NEGATIF,"decimal(60,2)",YES,,
master,z_score_tinggi_badan,5,SD_DUA_NEGATIF,"decimal(60,2)",YES,,
master,z_score_tinggi_badan,6,SD_SATU_NEGATIF,"decimal(60,2)",YES,,
master,z_score_tinggi_badan,7,MEDIAN,"decimal(60,2)",YES,,
master,z_score_tinggi_badan,8,SD_SATU_POSITIF,"decimal(60,2)",YES,,
master,z_score_tinggi_badan,9,SD_DUA_POSITIF,"decimal(60,2)",YES,,
master,z_score_tinggi_badan,10,SD_TIGA_POSITIF,"decimal(60,2)",YES,,
master,z_score_tinggi_badan,11,KATEGORI,tinyint,YES,MUL,
medicalrecord,anamnesis,1,ID,int,NO,PRI,auto_increment
medicalrecord,anamnesis,2,KUNJUNGAN,char(19),NO,MUL,
medicalrecord,anamnesis,3,PENDAFTARAN,char(10),NO,MUL,
medicalrecord,anamnesis,4,SNOMED_CT_ID,int,YES,MUL,
medicalrecord,anamnesis,5,DESKRIPSI,text,NO,,
medicalrecord,anamnesis,6,RPP,text,NO,,
medicalrecord,anamnesis,7,KELUHAN_UTAMA,text,YES,,
medicalrecord,anamnesis,8,RPS,text,YES,,
medicalrecord,anamnesis,9,RPT,text,YES,,
medicalrecord,anamnesis,10,RPK,text,YES,,
medicalrecord,anamnesis,11,RL,text,YES,,
medicalrecord,anamnesis,12,RIWAYAT_ALERGI,text,YES,,
medicalrecord,anamnesis,13,REAKSI_ALERGI,text,YES,,
medicalrecord,anamnesis,14,TANGGAL,timestamp,NO,MUL,"DEFAULT_GENERATED on update CURRENT_TIMESTAMP"
medicalrecord,anamnesis,15,OLEH,smallint,NO,,
medicalrecord,anamnesis,16,STATUS,tinyint,NO,,
medicalrecord,anamnesis_diperoleh,1,ID,int,NO,PRI,auto_increment
medicalrecord,anamnesis_diperoleh,2,KUNJUNGAN,varchar(19),YES,UNI,
medicalrecord,anamnesis_diperoleh,3,AUTOANAMNESIS,tinyint,YES,,
medicalrecord,anamnesis_diperoleh,4,ALLOANAMNESIS,tinyint,YES,,
medicalrecord,anamnesis_diperoleh,5,DARI,text,YES,,
medicalrecord,anamnesis_diperoleh,6,TANGGAL,timestamp,YES,,"DEFAULT_GENERATED on update CURRENT_TIMESTAMP"
medicalrecord,anamnesis_diperoleh,7,OLEH,smallint,YES,,
medicalrecord,anamnesis_diperoleh,8,STATUS,tinyint,YES,,
medicalrecord,asuhan_keperawatan,1,ID,int,NO,PRI,auto_increment
medicalrecord,asuhan_keperawatan,2,KUNJUNGAN,char(19),NO,MUL,
medicalrecord,asuhan_keperawatan,3,SUBJECKTIF,json,YES,,
medicalrecord,asuhan_keperawatan,4,OBJEKTIF,json,YES,,
medicalrecord,asuhan_keperawatan,5,SUBJECT_MINOR,json,YES,,
medicalrecord,asuhan_keperawatan,6,OBJECT_MINOR,json,YES,,
medicalrecord,asuhan_keperawatan,7,FAKTOR_RESIKO,json,YES,,
medicalrecord,asuhan_keperawatan,8,DIAGNOSA,int,NO,,
medicalrecord,asuhan_keperawatan,9,DESK_DIAGNOSA,varchar(350),NO,,
medicalrecord,asuhan_keperawatan,10,PENYEBAP,json,YES,,
medicalrecord,asuhan_keperawatan,11,LAMA_INTEVENSI,int,NO,,
medicalrecord,asuhan_keperawatan,12,JENIS_LAMA_INTERVENSI,int,NO,,
medicalrecord,asuhan_keperawatan,13,TUJUAN,int,NO,,
medicalrecord,asuhan_keperawatan,14,DESK_TUJUAN,varchar(350),NO,,
medicalrecord,asuhan_keperawatan,15,KRITERIA_HASIL,json,YES,,
medicalrecord,asuhan_keperawatan,16,INTERVENSI,int,NO,,
medicalrecord,asuhan_keperawatan,17,DESK_INTERVENSI,varchar(350),NO,,
medicalrecord,asuhan_keperawatan,18,OBSERVASI,json,YES,,
medicalrecord,asuhan_keperawatan,19,THEURAPEUTIC,json,YES,,
medicalrecord,asuhan_keperawatan,20,EDUKASI,json,YES,,
medicalrecord,asuhan_keperawatan,21,KOLABORASI,json,YES,,
medicalrecord,asuhan_keperawatan,22,OLEH,int,NO,MUL,
medicalrecord,asuhan_keperawatan,23,USER_VERIFIKASI,int,NO,MUL,
medicalrecord,asuhan_keperawatan,24,TANGGAL_VERIFIKASI,datetime,NO,,
medicalrecord,asuhan_keperawatan,25,TANGGAL_INPUT,datetime,NO,MUL,
medicalrecord,asuhan_keperawatan,26,TANGGAL,timestamp,NO,,"DEFAULT_GENERATED on update CURRENT_TIMESTAMP"
medicalrecord,asuhan_keperawatan,27,STATUS,tinyint(1),NO,MUL,
medicalrecord,batuk,1,ID,int,NO,PRI,auto_increment
medicalrecord,batuk,2,KUNJUNGAN,char(19),NO,UNI,
medicalrecord,batuk,3,DEMAM,tinyint,NO,,
medicalrecord,batuk,4,DEMAM_KETERANGAN,varchar(500),YES,,
medicalrecord,batuk,5,BERKERINGAT_MALAM_HARI_TANPA_AKTIFITAS,tinyint,NO,,
medicalrecord,batuk,6,BERKERINGAT_MALAM_HARI_TANPA_AKTIFITAS_KETERANGAN,varchar(500),YES,,
medicalrecord,batuk,7,BEPERGIAN_DARI_DAERAH_WABAH,tinyint,NO,,
medicalrecord,batuk,8,BEPERGIAN_DARI_DAERAH_WABAH_KETERANGAN,varchar(500),YES,,
medicalrecord,batuk,9,PEMAKAIAN_OBAT_JANGKA_PANJANG,tinyint,NO,,
medicalrecord,batuk,10,PEMAKAIAN_OBAT_JANGKA_PANJANG_KETERANGAN,varchar(500),YES,,
medicalrecord,batuk,11,BERAT_BADAN_TURUN_TANPA_SEBAB,tinyint,NO,,
medicalrecord,batuk,12,BERAT_BADAN_TURUN_TANPA_SEBAB_KETERANGAN,varchar(500),YES,,
medicalrecord,batuk,13,TANGGAL,timestamp,NO,,"DEFAULT_GENERATED on update CURRENT_TIMESTAMP"
medicalrecord,batuk,14,OLEH,smallint,NO,,
medicalrecord,batuk,15,STATUS,tinyint,NO,MUL,
medicalrecord,catatan_imple,1,ID,int,NO,PRI,auto_increment
medicalrecord,catatan_imple,2,ID_DISCHARGE_PLANNING,int,NO,MUL,
medicalrecord,catatan_imple,3,DAFTAR_IMPLE,int,YES,MUL,
medicalrecord,catatan_imple,4,CATATAN_IMPLE,text,NO,,
medicalrecord,catatan_imple,5,TANGGAL,timestamp,NO,,"DEFAULT_GENERATED on update CURRENT_TIMESTAMP"
medicalrecord,catatan_imple,6,WAKTU_PEMERIKSAAN,datetime,NO,,
medicalrecord,catatan_imple,7,OLEH,smallint,NO,,
medicalrecord,catatan_imple,8,STATUS,tinyint,NO,MUL,
medicalrecord,cppt,1,ID,int,NO,PRI,auto_increment
medicalrecord,cppt,2,KUNJUNGAN,char(19),NO,MUL,
medicalrecord,cppt,3,TANGGAL,datetime,NO,MUL,
medicalrecord,cppt,4,SUBYEKTIF,text,NO,,
medicalrecord,cppt,5,OBYEKTIF,text,NO,,
medicalrecord,cppt,6,ASSESMENT,text,NO,,
medicalrecord,cppt,7,PLANNING,text,NO,,
medicalrecord,cppt,8,INSTRUKSI,text,NO,,
medicalrecord,cppt,9,JENIS,tinyint,NO,MUL,
medicalrecord,cppt,10,TENAGA_MEDIS,smallint,NO,MUL,
medicalrecord,cppt,11,STATUS_TBAK_SBAR,tinyint,NO,,
medicalrecord,cppt,12,RENCANA_PULANG,tinyint,NO,MUL,
medicalrecord,cppt,13,TANGGAL_RENCANA_PULANG,date,NO,,
medicalrecord,cppt,14,SUB_DEVISI,smallint,NO,,
medicalrecord,cppt,15,OLEH,smallint,NO,,
medicalrecord,cppt,16,VERIFIKASI,int,NO,,
medicalrecord,cppt,17,STATUS,tinyint,NO,MUL,
medicalrecord,cppt_rawat_bersama,1,ID,int,NO,PRI,
medicalrecord,cppt_rawat_bersama,2,SELESAI_RAWAT_BERSAMA,tinyint,NO,MUL,
medicalrecord,daftar_imple,1,ID,int,NO,PRI,auto_increment
medicalrecord,daftar_imple,2,NAMA,varchar(200),YES,,
medicalrecord,daftar_imple,3,TANGGAL,datetime,NO,,
medicalrecord,daftar_imple,4,OLEH,smallint,NO,MUL,
medicalrecord,daftar_imple,5,STATUS,tinyint,NO,MUL,
medicalrecord,diagnosa,1,ID,int,NO,PRI,auto_increment
medicalrecord,diagnosa,2,NOPEN,char(10),NO,MUL,
medicalrecord,diagnosa,3,KODE,char(10),NO,MUL,
medicalrecord,diagnosa,4,SNOMED_CT_ID,char(25),NO,MUL,
medicalrecord,diagnosa,5,DIAGNOSA,varchar(250),NO,,
medicalrecord,diagnosa,6,UTAMA,tinyint,NO,MUL,
medicalrecord,diagnosa,7,INACBG,tinyint,NO,MUL,
medicalrecord,diagnosa,8,BARU,tinyint,NO,MUL,
medicalrecord,diagnosa,9,DIAGNOSA_OLEH,smallint,YES,,
medicalrecord,diagnosa,10,DIAGNOSA_TANGGAL,datetime,YES,,
medicalrecord,diagnosa,11,TANGGAL,datetime,NO,,
medicalrecord,diagnosa,12,OLEH,smallint,NO,,
medicalrecord,diagnosa,13,STATUS,tinyint,NO,MUL,
medicalrecord,diagnosa,14,INA_GROUPER,tinyint,NO,MUL,
medicalrecord,diagnosa,15,CATATAN,varchar(3000),YES,,
medicalrecord,diagnosa_keperawatan,1,ID,int,NO,PRI,auto_increment
medicalrecord,diagnosa_keperawatan,2,KODE,varchar(20),NO,MUL,
medicalrecord,diagnosa_keperawatan,3,DESKRIPSI,varchar(350),NO,,
medicalrecord,diagnosa_keperawatan,4,STATUS,tinyint,NO,MUL,
medicalrecord,diagnosa_meninggal,1,ID,int,NO,PRI,auto_increment
medicalrecord,diagnosa_meninggal,2,NOPEN,char(10),NO,MUL,
medicalrecord,diagnosa_meninggal,3,KODE,char(10),NO,MUL,
medicalrecord,diagnosa_meninggal,4,DIAGNOSA,varchar(250),NO,,
medicalrecord,diagnosa_meninggal,5,UTAMA,tinyint,NO,,
medicalrecord,diagnosa_meninggal,6,TANGGAL,datetime,NO,,
medicalrecord,diagnosa_meninggal,7,OLEH,smallint,NO,,
medicalrecord,diagnosa_meninggal,8,STATUS,tinyint,NO,,
medicalrecord,diagnosis,1,ID,int,NO,PRI,auto_increment
medicalrecord,diagnosis,2,KUNJUNGAN,char(19),NO,UNI,
medicalrecord,diagnosis,3,DIAGNOSIS,text,NO,,
medicalrecord,diagnosis,4,TANGGAL,timestamp,NO,,"DEFAULT_GENERATED on update CURRENT_TIMESTAMP"
medicalrecord,diagnosis,5,OLEH,int,NO,,
medicalrecord,diagnosis,6,STATUS,int,NO,MUL,
medicalrecord,discharge_planning_faktor_risiko,1,ID,int,NO,PRI,auto_increment
medicalrecord,discharge_planning_faktor_risiko,2,KUNJUNGAN,varchar(19),YES,UNI,
medicalrecord,discharge_planning_faktor_risiko,3,PASIEN_TINGGAL_SENDIRI,tinyint,YES,,
medicalrecord,discharge_planning_faktor_risiko,4,PASIEN_KHAWATIR_KETIKA_DIRUMAH,tinyint,YES,,
medicalrecord,discharge_planning_faktor_risiko,5,PASIEN_TAK_ADA_YANG_MERAWAT,tinyint,YES,,
medicalrecord,discharge_planning_faktor_risiko,6,PASIEN_DILANTAI_ATAS,tinyint,YES,,
medicalrecord,discharge_planning_faktor_risiko,7,PERAWATAN_LANJUTAN_PASIEN,tinyint,YES,,
medicalrecord,discharge_planning_faktor_risiko,8,PENGAJUAN_PENDAMPINGAN_PASIEN,tinyint,YES,,
medicalrecord,discharge_planning_faktor_risiko,9,REASSESSMENT,tinyint,YES,,
medicalrecord,discharge_planning_faktor_risiko,10,TANGGAL,timestamp,YES,,"DEFAULT_GENERATED on update CURRENT_TIMESTAMP"
medicalrecord,discharge_planning_faktor_risiko,11,TANGGAL_REASSESSMENT,datetime,YES,,
medicalrecord,discharge_planning_faktor_risiko,12,USER,smallint,YES,,
medicalrecord,discharge_planning_faktor_risiko,13,USER_REASSESSMENT,smallint,YES,,
medicalrecord,discharge_planning_faktor_risiko,14,OLEH,smallint,YES,,
medicalrecord,discharge_planning_faktor_risiko,15,STATUS,tinyint,YES,,
medicalrecord,discharge_planning_skrining,1,ID,int,NO,PRI,auto_increment
medicalrecord,discharge_planning_skrining,2,KUNJUNGAN,varchar(19),YES,UNI,
medicalrecord,discharge_planning_skrining,3,KEBUTUHAN_PELAYANAN_BERKELANJUTAN_KPB,tinyint,YES,,
medicalrecord,discharge_planning_skrining,4,KPB_RAWAT_LUKA,tinyint,YES,,
medicalrecord,discharge_planning_skrining,5,KPB_HIV,tinyint,YES,,
medicalrecord,discharge_planning_skrining,6,KPB_TB,tinyint,YES,,
medicalrecord,discharge_planning_skrining,7,KPB_DM,tinyint,YES,,
medicalrecord,discharge_planning_skrining,8,KPB_DM_TERAPI_INSULIN,tinyint,YES,,
medicalrecord,discharge_planning_skrining,9,KPB_STROKE,tinyint,YES,,
medicalrecord,discharge_planning_skrining,10,KPB_PPOK,tinyint,YES,,
medicalrecord,discharge_planning_skrining,11,KPB_CKD,tinyint,YES,,
medicalrecord,discharge_planning_skrining,12,KPB_PASIEN_KEMO,tinyint,YES,,
medicalrecord,discharge_planning_skrining,13,PENGGUNAAN_ALAT_MEDIS_PAM,tinyint,YES,,
medicalrecord,discharge_planning_skrining,14,PAM_KATETER_URIN,tinyint,YES,,
medicalrecord,discharge_planning_skrining,15,PAM_NGT,tinyint,YES,,
medicalrecord,discharge_planning_skrining,16,PAM_TRAECHOSTOMY,tinyint,YES,,
medicalrecord,discharge_planning_skrining,17,PAM_COLOSTOMY,tinyint,YES,,
medicalrecord,discharge_planning_skrining,18,PLM_KATETER_URIN,tinyint,YES,,
medicalrecord,discharge_planning_skrining,19,PLM_NGT,tinyint,YES,,
medicalrecord,discharge_planning_skrining,20,PLM_TRAECHOSTOMY,tinyint,YES,,
medicalrecord,discharge_planning_skrining,21,PLM_COLOSTOMY,tinyint,YES,,
medicalrecord,discharge_planning_skrining,22,SKRINING_LANJUTAN,tinyint,YES,,
medicalrecord,discharge_planning_skrining,23,SKRINING,tinyint,YES,MUL,
medicalrecord,discharge_planning_skrining,24,PASIEN_PULANG,tinyint,YES,,
medicalrecord,discharge_planning_skrining,25,PASIEN_MENGAJUKAN,tinyint,YES,,
medicalrecord,discharge_planning_skrining,26,TIDAK_ADA_KRITERIA,tinyint,YES,,
medicalrecord,discharge_planning_skrining,27,PERAWATAN_LANJUTAN_MEDIS,tinyint,YES,,
medicalrecord,discharge_planning_skrining,28,KONSUL_MPP_LEBIH_24JAM,tinyint,YES,,
medicalrecord,discharge_planning_skrining,29,ALASAN_MPP_LEBIH_24JAM,text,YES,,
medicalrecord,discharge_planning_skrining,30,PAM_LAINNYA,text,YES,,
medicalrecord,discharge_planning_skrining,31,KEBUTUHAN_PELAYANAN_BERKELANJUTAN_LAINNYA,text,YES,,
medicalrecord,discharge_planning_skrining,32,TANGGAL,timestamp,YES,,"DEFAULT_GENERATED on update CURRENT_TIMESTAMP"
medicalrecord,discharge_planning_skrining,33,OLEH,smallint,YES,,
medicalrecord,discharge_planning_skrining,34,STATUS,tinyint,YES,MUL,
medicalrecord,edukasi_emergency,1,ID,int,NO,PRI,auto_increment
medicalrecord,edukasi_emergency,2,KUNJUNGAN,char(19),NO,MUL,
medicalrecord,edukasi_emergency,3,EDUKASI,text,NO,,
medicalrecord,edukasi_emergency,4,KEMBALI_KE_UGD,text,NO,,
medicalrecord,edukasi_emergency,5,TANGGAL,timestamp,NO,,"DEFAULT_GENERATED on update CURRENT_TIMESTAMP"
medicalrecord,edukasi_emergency,6,OLEH,smallint,NO,,
medicalrecord,edukasi_emergency,7,STATUS,tinyint,NO,,
medicalrecord,edukasi_end_of_life,1,ID,int,NO,PRI,auto_increment
medicalrecord,edukasi_end_of_life,2,KUNJUNGAN,char(19),NO,,
medicalrecord,edukasi_end_of_life,3,MENGETAHUI_DIAGNOSA,tinyint,NO,,
medicalrecord,edukasi_end_of_life,4,MENGETAHUI_PROGNOSIS,tinyint,NO,,
medicalrecord,edukasi_end_of_life,5,MENGETAHUI_TUJUAN_PERAWATAN,tinyint,NO,,
medicalrecord,edukasi_end_of_life,6,TANGGAL,timestamp,YES,,"DEFAULT_GENERATED on update CURRENT_TIMESTAMP"
medicalrecord,edukasi_end_of_life,7,OLEH,smallint,NO,,
medicalrecord,edukasi_end_of_life,8,STATUS,tinyint,NO,,
medicalrecord,edukasi_pasien_keluarga,1,ID,int,NO,PRI,auto_increment
medicalrecord,edukasi_pasien_keluarga,2,KUNJUNGAN,char(19),NO,UNI,
medicalrecord,edukasi_pasien_keluarga,3,KESEDIAAN,int,YES,,
medicalrecord,edukasi_pasien_keluarga,4,HAMBATAN,int,YES,,
medicalrecord,edukasi_pasien_keluarga,5,HAMBATAN_PENDENGARAN,int,YES,,
medicalrecord,edukasi_pasien_keluarga,6,HAMBATAN_PENGLIHATAN,int,YES,,
medicalrecord,edukasi_pasien_keluarga,7,HAMBATAN_KOGNITIF,int,YES,,
medicalrecord,edukasi_pasien_keluarga,8,HAMBATAN_FISIK,int,YES,,
medicalrecord,edukasi_pasien_keluarga,9,HAMBATAN_BUDAYA,int,YES,,
medicalrecord,edukasi_pasien_keluarga,10,HAMBATAN_EMOSI,int,YES,,
medicalrecord,edukasi_pasien_keluarga,11,HAMBATAN_BAHASA,int,YES,,
medicalrecord,edukasi_pasien_keluarga,12,HAMBATAN_LAINNYA,text,YES,,
medicalrecord,edukasi_pasien_keluarga,13,PENERJEMAH,smallint,YES,,
medicalrecord,edukasi_pasien_keluarga,14,BAHASA,char(50),YES,,
medicalrecord,edukasi_pasien_keluarga,15,EDUKASI_DIAGNOSA,smallint,YES,,
medicalrecord,edukasi_pasien_keluarga,16,EDUKASI_PENYAKIT,smallint,YES,,
medicalrecord,edukasi_pasien_keluarga,17,EDUKASI_REHAB_MEDIK,smallint,YES,,
medicalrecord,edukasi_pasien_keluarga,18,EDUKASI_HKP,smallint,YES,,
medicalrecord,edukasi_pasien_keluarga,19,EDUKASI_OBAT,smallint,YES,,
medicalrecord,edukasi_pasien_keluarga,20,EDUKASI_NYERI,smallint,YES,,
medicalrecord,edukasi_pasien_keluarga,21,EDUKASI_NUTRISI,smallint,YES,,
medicalrecord,edukasi_pasien_keluarga,22,EDUKASI_PENGGUNAAN_ALAT,smallint,YES,,
medicalrecord,edukasi_pasien_keluarga,23,EDUKASI_HAK_BERPARTISIPASI,smallint,YES,,
medicalrecord,edukasi_pasien_keluarga,24,EDUKASI_PROSEDURE_PENUNJANG,smallint,YES,,
medicalrecord,edukasi_pasien_keluarga,25,EDUKASI_PEMBERIAN_INFORMED_CONSENT,smallint,YES,,
medicalrecord,edukasi_pasien_keluarga,26,EDUKASI_PENUNDAAN_PELAYANAN,smallint,YES,,
medicalrecord,edukasi_pasien_keluarga,27,EDUKASI_KELAMBATAN_PELAYANAN,smallint,YES,,
medicalrecord,edukasi_pasien_keluarga,28,EDUKASI_CUCI_TANGAN,smallint,YES,,
medicalrecord,edukasi_pasien_keluarga,29,EDUKASI_BAHAYA_MEROKO,smallint,YES,,
medicalrecord,edukasi_pasien_keluarga,30,EDUKASI_RUJUKAN_PASIEN,smallint,YES,,
medicalrecord,edukasi_pasien_keluarga,31,EDUKASI_PERENCANAAN_PULANG,smallint,YES,,
medicalrecord,edukasi_pasien_keluarga,32,STATUS_LAIN,smallint,YES,,
medicalrecord,edukasi_pasien_keluarga,33,DESKRIPSI_LAINYA,varchar(350),NO,,
medicalrecord,edukasi_pasien_keluarga,34,TANGGAL,timestamp,YES,,"DEFAULT_GENERATED on update CURRENT_TIMESTAMP"
medicalrecord,edukasi_pasien_keluarga,35,STATUS,smallint,YES,,
medicalrecord,edukasi_pasien_keluarga,36,OLEH,smallint,YES,,
medicalrecord,faktor_risiko,1,ID,int,NO,PRI,auto_increment
medicalrecord,faktor_risiko,2,KUNJUNGAN,varchar(19),YES,UNI,
medicalrecord,faktor_risiko,3,HIPERTENSI,tinyint,YES,,
medicalrecord,faktor_risiko,4,DIABETES_MELITUS,tinyint,YES,,
medicalrecord,faktor_risiko,5,PENYAKIT_JANTUNG,tinyint,YES,,
medicalrecord,faktor_risiko,6,ASMA,tinyint,YES,,
medicalrecord,faktor_risiko,7,STROKE,tinyint,YES,,
medicalrecord,faktor_risiko,8,LIVER,tinyint,YES,,
medicalrecord,faktor_risiko,9,GINJAL,tinyint,YES,,
medicalrecord,faktor_risiko,10,PENYAKIT_KEGANASAN_DAN_HIV,tinyint,YES,,
medicalrecord,faktor_risiko,11,DISLIPIDEMIA,tinyint,YES,,
medicalrecord,faktor_risiko,12,GAGAL_JANTUNG,tinyint,YES,,
medicalrecord,faktor_risiko,13,SERANGAN_JANTUNG,tinyint,YES,,
medicalrecord,faktor_risiko,14,TUBERCULOSIS_PARU,tinyint,YES,,
medicalrecord,faktor_risiko,15,ROKOK,tinyint,YES,,
medicalrecord,faktor_risiko,16,MINUM_ALKOHOL,tinyint,YES,,
medicalrecord,faktor_risiko,17,MINUMAN_ALKOHOL,tinyint,YES,,
medicalrecord,faktor_risiko,18,MEROKOK,tinyint,YES,,
medicalrecord,faktor_risiko,19,BEGADANG,tinyint,YES,,
medicalrecord,faktor_risiko,20,SEKS_BEBAS,tinyint,YES,,
medicalrecord,faktor_risiko,21,NAPZA_TAMPA_RESEP_DOKTER,tinyint,YES,,
medicalrecord,faktor_risiko,22,MAKAN_MANIS_BERLEBIHAN,tinyint,YES,,
medicalrecord,faktor_risiko,23,PERILAKU_LGBT,tinyint,YES,,
medicalrecord,faktor_risiko,24,NOTIFIKASI_PASANGAN_NP,tinyint,YES,,
medicalrecord,faktor_risiko,25,PENYAKIT_LAIN,varchar(100),YES,,
medicalrecord,faktor_risiko,26,PERILAKU_LAIN,varchar(100),YES,,
medicalrecord,faktor_risiko,27,PERNAH_DIRAWAT_TIDAK,tinyint,YES,,
medicalrecord,faktor_risiko,28,PERNAH_DIRAWAT_YA,tinyint,YES,,
medicalrecord,faktor_risiko,29,PERNAH_DIRAWAT_KAPAN,date,YES,,
medicalrecord,faktor_risiko,30,PERNAH_DIRAWAT_DIMANA,varchar(100),YES,,
medicalrecord,faktor_risiko,31,PERNAH_DIRAWAT_DIAGNOSIS,varchar(100),YES,,
medicalrecord,faktor_risiko,32,TANGGAL,timestamp,YES,MUL,"DEFAULT_GENERATED on update CURRENT_TIMESTAMP"
medicalrecord,faktor_risiko,33,OLEH,smallint,YES,,
medicalrecord,faktor_risiko,34,STATUS,tinyint,YES,MUL,
medicalrecord,fibroscan,1,ID,int,NO,PRI,auto_increment
medicalrecord,fibroscan,2,KUNJUNGAN,char(19),NO,MUL,
medicalrecord,fibroscan,3,KETERANGAN,text,YES,,
medicalrecord,fibroscan,4,FILE,char(36),YES,,
medicalrecord,fibroscan,5,TANGGAL,timestamp,YES,,"DEFAULT_GENERATED on update CURRENT_TIMESTAMP"
medicalrecord,fibroscan,6,OLEH,smallint,YES,,
medicalrecord,fibroscan,7,STATUS,tinyint,YES,,
medicalrecord,final_balance,1,ID,int,NO,PRI,auto_increment
medicalrecord,final_balance,2,KUNJUNGAN,char(19),NO,MUL,
medicalrecord,final_balance,3,TOTAL_INTAKE,"decimal(10,2)",NO,,
medicalrecord,final_balance,4,TOTAL_OUTPUT,"decimal(10,2)",NO,,
medicalrecord,final_balance,5,TOTAL_BALANCE,"decimal(10,2)",NO,,
medicalrecord,final_balance,6,BALANCE_DATE,datetime,NO,MUL,
medicalrecord,final_balance,7,TANGGAL,timestamp,NO,,"DEFAULT_GENERATED on update CURRENT_TIMESTAMP"
medicalrecord,final_balance,8,OLEH,smallint,NO,,
medicalrecord,final_balance,9,STATUS,tinyint,NO,MUL,
medicalrecord,fungsional,1,ID,int,NO,PRI,auto_increment
medicalrecord,fungsional,2,KUNJUNGAN,char(19),YES,UNI,
medicalrecord,fungsional,3,ALAT_BANTU,text,NO,,
medicalrecord,fungsional,4,PROTHESA,text,NO,,
medicalrecord,fungsional,5,CACAT_TUBUH,text,NO,,
medicalrecord,fungsional,6,TANGGAL,timestamp,NO,,"DEFAULT_GENERATED on update CURRENT_TIMESTAMP"
medicalrecord,fungsional,7,OLEH,int,NO,MUL,
medicalrecord,fungsional,8,STATUS,int,NO,MUL,
medicalrecord,hasil_mcu,1,ID,int,NO,PRI,auto_increment
medicalrecord,hasil_mcu,2,PENDAFTARAN_NOMOR,char(10),NO,MUL,
medicalrecord,hasil_mcu,3,JENIS_PEMERIKSAAN_ID,smallint,NO,MUL,
medicalrecord,hasil_mcu,4,DATA,json,NO,,
medicalrecord,hasil_mcu,5,TANGGAL,datetime,NO,,
medicalrecord,hasil_mcu,6,OLEH,smallint,NO,,
medicalrecord,hasil_mcu,7,STATUS,tinyint,NO,MUL,
medicalrecord,hubungan_psikososial_end_of_life,1,ID,int,NO,PRI,auto_increment
medicalrecord,hubungan_psikososial_end_of_life,2,KUNJUNGAN,char(19),NO,,
medicalrecord,hubungan_psikososial_end_of_life,3,KECEMASAN_PASIEN_ATAU_KERABAT,tinyint,NO,,
medicalrecord,hubungan_psikososial_end_of_life,4,KETERANGAN_KECEMASAN_PASIEN_ATAU_KERABAT,text,NO,,
medicalrecord,hubungan_psikososial_end_of_life,5,KEBUTUHAN_DAN_DUKUNGAN_SPIRITUAL,tinyint,NO,,
medicalrecord,hubungan_psikososial_end_of_life,6,KETERANGAN_KEBUTUHAN_DAN_DUKUNGAN_SPIRITUAL,text,NO,,
medicalrecord,hubungan_psikososial_end_of_life,7,DUKUNGAN_DARI_TIM,tinyint,NO,,
medicalrecord,hubungan_psikososial_end_of_life,8,KETERANGAN_DUKUNGAN_DARI_TIM,text,NO,,
medicalrecord,hubungan_psikososial_end_of_life,9,INDIKASI_TRADISI_KEAGAMAAN,tinyint,NO,,
medicalrecord,hubungan_psikososial_end_of_life,10,KETERANGAN_INDIKASI_TRADISI_KEAGAMAAN,text,NO,,
medicalrecord,hubungan_psikososial_end_of_life,11,INDIKASI_KEBUTUHAN_KHUSUS,tinyint,NO,,
medicalrecord,hubungan_psikososial_end_of_life,12,KETERANGAN_INDIKASI_KEBUTUHAN_KHUSUS,text,NO,,
medicalrecord,hubungan_psikososial_end_of_life,13,PILIHAN_HIDUP_PASIEN,text,NO,,
medicalrecord,hubungan_psikososial_end_of_life,14,TANGGAL,timestamp,NO,,
medicalrecord,hubungan_psikososial_end_of_life,15,OLEH,smallint,NO,,
medicalrecord,hubungan_psikososial_end_of_life,16,STATUS,tinyint,NO,,
medicalrecord,implementasi,1,ID,int,NO,PRI,auto_increment
medicalrecord,implementasi,2,DESKRIPSI,varchar(250),NO,,
medicalrecord,implementasi,3,OLEH,smallint,NO,,
medicalrecord,implementasi,4,TANGGAL,timestamp,NO,,"DEFAULT_GENERATED on update CURRENT_TIMESTAMP"
medicalrecord,implementasi,5,STATUS,tinyint,NO,MUL,
medicalrecord,implementasi_asuhan_keperawatan,1,ID,int,NO,PRI,auto_increment
medicalrecord,implementasi_asuhan_keperawatan,2,UID,char(40),NO,,
medicalrecord,implementasi_asuhan_keperawatan,3,KUNJUNGAN,char(19),NO,MUL,
medicalrecord,implementasi_asuhan_keperawatan,4,IMPLEMENTASI,int,NO,MUL,
medicalrecord,implementasi_asuhan_keperawatan,5,CATATAN,text,NO,,
medicalrecord,implementasi_asuhan_keperawatan,6,WAKTU_PELAKSANAAN,datetime,NO,,
medicalrecord,implementasi_asuhan_keperawatan,7,PETUGAS_PELAKSANA,smallint,NO,,
medicalrecord,implementasi_asuhan_keperawatan,8,OLEH,smallint,NO,,
medicalrecord,implementasi_asuhan_keperawatan,9,TANGGAL,timestamp,NO,,"DEFAULT_GENERATED on update CURRENT_TIMESTAMP"
medicalrecord,implementasi_asuhan_keperawatan,10,STATUS,tinyint,NO,MUL,
medicalrecord,implementasi_indikator_keperawatan,1,IMPLEMENTASI,int,NO,PRI,
medicalrecord,implementasi_indikator_keperawatan,2,JENIS_INDIKATOR,smallint,NO,PRI,
medicalrecord,implementasi_indikator_keperawatan,3,INDIKATOR,int,NO,PRI,
medicalrecord,implementasi_indikator_keperawatan,4,OLEH,smallint,NO,,
medicalrecord,implementasi_indikator_keperawatan,5,TANGGAL,timestamp,NO,,"DEFAULT_GENERATED on update CURRENT_TIMESTAMP"
medicalrecord,implementasi_indikator_keperawatan,6,STATUS,tinyint,NO,MUL,
medicalrecord,implementasi_keperawatan,1,ID,char(50),NO,PRI,
medicalrecord,implementasi_keperawatan,2,JENIS,int,YES,MUL,
medicalrecord,implementasi_keperawatan,3,DESKRIPSI,varchar(150),YES,,
medicalrecord,implementasi_keperawatan,4,TYPE,int,YES,MUL,
medicalrecord,implementasi_keperawatan,5,STATUS,tinyint(1),YES,MUL,
medicalrecord,imunisasi_vaksin,1,ID,int,NO,PRI,auto_increment
medicalrecord,imunisasi_vaksin,2,KUNJUNGAN,char(19),NO,MUL,
medicalrecord,imunisasi_vaksin,3,JENIS_IMUNISASI_VAKSIN,tinyint,YES,,
medicalrecord,imunisasi_vaksin,4,DOSIS_PEMBERIAN,varchar(100),YES,,
medicalrecord,imunisasi_vaksin,5,TANGGAL_IMUNISASI_VAKSIN,date,YES,,
medicalrecord,imunisasi_vaksin,6,USIA_SAAT_DI_IMUNISASI_VAKSIN,varchar(50),YES,,
medicalrecord,imunisasi_vaksin,7,MERK_NAMA_DAGANG_IMUNISASI_VAKSIN,varchar(100),YES,,
medicalrecord,imunisasi_vaksin,8,NOMOR_BATCH,varchar(50),YES,,
medicalrecord,imunisasi_vaksin,9,TEMPAT_PEMBERIAN_IMUNISASI_VAKSIN,varchar(100),YES,,
medicalrecord,imunisasi_vaksin,10,PETUGAS_LUAR_RS,varchar(100),YES,,
medicalrecord,imunisasi_vaksin,11,PETUGAS_RS,varchar(50),NO,MUL,
medicalrecord,imunisasi_vaksin,12,ASAL_PETUGAS,tinyint,NO,,
medicalrecord,imunisasi_vaksin,13,CATATAN_REAKSI_EFEK_SAMPING,text,NO,,
medicalrecord,imunisasi_vaksin,14,TANGGAL,timestamp,NO,MUL,"DEFAULT_GENERATED on update CURRENT_TIMESTAMP"
medicalrecord,imunisasi_vaksin,15,OLEH,smallint,NO,,
medicalrecord,imunisasi_vaksin,16,STATUS,tinyint,NO,MUL,
medicalrecord,indikator_keperawatan,1,JENIS,smallint,NO,PRI,
medicalrecord,indikator_keperawatan,2,ID,int,NO,PRI,auto_increment
medicalrecord,indikator_keperawatan,3,DESKRIPSI,varchar(350),NO,,
medicalrecord,indikator_keperawatan,4,KATEGORI,tinyint,NO,MUL,
medicalrecord,indikator_keperawatan,5,STATUS,tinyint,NO,MUL,
medicalrecord,jadwal_kontrol,1,ID,int,NO,PRI,auto_increment
medicalrecord,jadwal_kontrol,2,KUNJUNGAN,char(19),NO,UNI,
medicalrecord,jadwal_kontrol,3,NOMOR,char(6),NO,MUL,
medicalrecord,jadwal_kontrol,4,NOMOR_REFERENSI,char(25),YES,MUL,
medicalrecord,jadwal_kontrol,5,SEP_ASAL,char(25),YES,MUL,
medicalrecord,jadwal_kontrol,6,NOMOR_ANTRIAN,char(10),YES,,
medicalrecord,jadwal_kontrol,7,NOMOR_BOOKING,char(10),YES,MUL,
medicalrecord,jadwal_kontrol,8,TUJUAN,smallint,YES,,
medicalrecord,jadwal_kontrol,9,DOKTER,smallint,YES,,
medicalrecord,jadwal_kontrol,10,TANGGAL,date,NO,MUL,
medicalrecord,jadwal_kontrol,11,JAM,time,NO,,
medicalrecord,jadwal_kontrol,12,DESKRIPSI,text,YES,,
medicalrecord,jadwal_kontrol,13,RUANGAN,char(10),YES,,
medicalrecord,jadwal_kontrol,14,BERULANG,tinyint,NO,,
medicalrecord,jadwal_kontrol,15,ITERASI,tinyint,NO,,
medicalrecord,jadwal_kontrol,16,SUDAH_DIGUNAKAN,tinyint,NO,MUL,
medicalrecord,jadwal_kontrol,17,DIBUAT_TANGGAL,timestamp,YES,MUL,"DEFAULT_GENERATED on update CURRENT_TIMESTAMP"
medicalrecord,jadwal_kontrol,18,OLEH,int,YES,,
medicalrecord,jadwal_kontrol,19,STATUS,int,YES,MUL,
medicalrecord,jenis_indikator_keperawatan,1,ID,smallint,NO,PRI,auto_increment
medicalrecord,jenis_indikator_keperawatan,2,DESKRIPSI,varchar(50),NO,,
medicalrecord,jenis_indikator_keperawatan,3,STATUS,tinyint,NO,MUL,
medicalrecord,jenis_pemeriksaan,1,ID,smallint,NO,PRI,auto_increment
medicalrecord,jenis_pemeriksaan,2,DESKRIPSI,varchar(100),YES,,
medicalrecord,jenis_pemeriksaan,3,IDX,smallint,YES,MUL,
medicalrecord,jenis_pemeriksaan,4,CONFIG,json,YES,,
medicalrecord,jenis_pemeriksaan,5,STATUS,smallint,YES,,
medicalrecord,keluhan_utama,1,ID,int,NO,PRI,auto_increment
medicalrecord,keluhan_utama,2,KUNJUNGAN,char(19),NO,UNI,
medicalrecord,keluhan_utama,3,DESKRIPSI,text,NO,,
medicalrecord,keluhan_utama,4,SNOMED_CT_ID,int,NO,MUL,
medicalrecord,keluhan_utama,5,TANGGAL,timestamp,NO,MUL,"DEFAULT_GENERATED on update CURRENT_TIMESTAMP"
medicalrecord,keluhan_utama,6,OLEH,smallint,NO,,
medicalrecord,keluhan_utama,7,STATUS,tinyint,NO,,
medicalrecord,kondisi_sosial,1,ID,int,NO,PRI,auto_increment
medicalrecord,kondisi_sosial,2,KUNJUNGAN,varchar(19),YES,UNI,
medicalrecord,kondisi_sosial,3,TIDAK_ADA_KELAINAN,tinyint,NO,,
medicalrecord,kondisi_sosial,4,MARAH,tinyint,YES,,
medicalrecord,kondisi_sosial,5,CEMAS,tinyint,YES,,
medicalrecord,kondisi_sosial,6,TAKUT,tinyint,YES,,
medicalrecord,kondisi_sosial,7,BUNUH_DIRI,tinyint,YES,,
medicalrecord,kondisi_sosial,8,SEDIH,tinyint,YES,,
medicalrecord,kondisi_sosial,9,LAINNYA,varchar(100),YES,,
medicalrecord,kondisi_sosial,10,STATUS_MENTAL,tinyint,NO,,
medicalrecord,kondisi_sosial,11,MASALAH_PERILAKU,text,YES,,
medicalrecord,kondisi_sosial,12,PERILAKU_KEKERASAN_DIALAMI_SEBELUMNYA,text,NO,,
medicalrecord,kondisi_sosial,13,HUBUNGAN_PASIEN_DENGAN_KELUARGA,tinyint,NO,,
medicalrecord,kondisi_sosial,14,TEMPAT_TINGGAL,tinyint,NO,,
medicalrecord,kondisi_sosial,15,TEMPAT_TINGGAL_LAINNYA,text,NO,,
medicalrecord,kondisi_sosial,16,KEBIASAAN_BERIBADAH_TERATUR,tinyint,NO,,
medicalrecord,kondisi_sosial,17,NILAI_KEPERCAYAAN,tinyint,NO,,
medicalrecord,kondisi_sosial,18,NILAI_KEPERCAYAAN_DESKRIPSI,text,NO,,
medicalrecord,kondisi_sosial,19,PENGAMBIL_KEPUTUSAN_DALAM_KELUARGA,text,NO,,
medicalrecord,kondisi_sosial,20,PENGHASILAN_PERBULAN,tinyint,NO,,
medicalrecord,kondisi_sosial,21,TANGGAL,timestamp,YES,,"DEFAULT_GENERATED on update CURRENT_TIMESTAMP"
medicalrecord,kondisi_sosial,22,OLEH,smallint,YES,,
medicalrecord,kondisi_sosial,23,STATUS,tinyint,YES,,
medicalrecord,lembar_transfer_pasien,1,ID,int,NO,PRI,auto_increment
medicalrecord,lembar_transfer_pasien,2,KUNJUNGAN,char(19),NO,MUL,
medicalrecord,lembar_transfer_pasien,3,TUJUAN,char(10),YES,MUL,
medicalrecord,lembar_transfer_pasien,4,ALASAN_PEMINDAHAN,smallint,NO,,
medicalrecord,lembar_transfer_pasien,5,METODE_PEMINDAHAN,smallint,NO,,
medicalrecord,lembar_transfer_pasien,6,DISETUJUI,tinyint,NO,,
medicalrecord,lembar_transfer_pasien,7,DISETUJUI_OLEH,varchar(250),NO,,
medicalrecord,lembar_transfer_pasien,8,KELUARGA_YANG_MENEMANI,varchar(250),NO,,
medicalrecord,lembar_transfer_pasien,9,PETUGAS_PENGANTAR,int,NO,,
medicalrecord,lembar_transfer_pasien,10,OBAT_YANG_DIBAWAH,int,NO,,
medicalrecord,lembar_transfer_pasien,11,PERALATAN_TRANSFER,smallint,NO,,
medicalrecord,lembar_transfer_pasien,12,TANGGAL_INPUT,datetime,NO,,
medicalrecord,lembar_transfer_pasien,13,TANGGAL_TERIMA,datetime,NO,,
medicalrecord,lembar_transfer_pasien,14,PETUGAS_TERIMA,int,NO,,
medicalrecord,lembar_transfer_pasien,15,TANDA_VITAL,int,NO,,
medicalrecord,lembar_transfer_pasien,16,TANGGAL,timestamp,NO,,"DEFAULT_GENERATED on update CURRENT_TIMESTAMP"
medicalrecord,lembar_transfer_pasien,17,OLEH,smallint,YES,,
medicalrecord,lembar_transfer_pasien,18,STATUS,tinyint(1),NO,MUL,
medicalrecord,mapping_diagnosa_indikator,1,ID,int,NO,PRI,auto_increment
medicalrecord,mapping_diagnosa_indikator,2,JENIS,smallint,NO,MUL,
medicalrecord,mapping_diagnosa_indikator,3,INDIKATOR,int,NO,MUL,
medicalrecord,mapping_diagnosa_indikator,4,DIAGNOSA,int,NO,MUL,
medicalrecord,mapping_diagnosa_indikator,5,STATUS,tinyint,NO,MUL,
medicalrecord,mapping_intervensi_indikator,1,ID,int,NO,PRI,auto_increment
medicalrecord,mapping_intervensi_indikator,2,JENIS,smallint,NO,MUL,
medicalrecord,mapping_intervensi_indikator,3,INDIKATOR,int,NO,MUL,
medicalrecord,mapping_intervensi_indikator,4,INTERVENSI,int,NO,MUL,
medicalrecord,mapping_intervensi_indikator,5,STATUS,tinyint,NO,MUL,
medicalrecord,nutrisi,1,ID,int,NO,PRI,auto_increment
medicalrecord,nutrisi,2,KUNJUNGAN,char(19),YES,MUL,
medicalrecord,nutrisi,3,DATA_PENGUKURAN,smallint,NO,,
medicalrecord,nutrisi,4,BERAT_BADAN,"decimal(10,2)",NO,,
medicalrecord,nutrisi,5,ALAT_UKUR_BERAT_BADAN,smallint,NO,,
medicalrecord,nutrisi,6,TINGGI_BADAN,"decimal(10,2)",NO,,
medicalrecord,nutrisi,7,ALAT_UKUR_TINGGI_BADAN,smallint,NO,,
medicalrecord,nutrisi,8,UKUR_TELENTANG,tinyint,NO,,
medicalrecord,nutrisi,9,LINGKAR_LENGAN,"decimal(10,2)",NO,,
medicalrecord,nutrisi,10,ALAT_UKUR_LINGKAR_LENGAN,smallint,NO,,
medicalrecord,nutrisi,11,INDEX_MASSA_TUBUH,"decimal(10,2)",NO,,
medicalrecord,nutrisi,12,LINGKAR_KEPALA,"decimal(10,2)",NO,,
medicalrecord,nutrisi,13,ALAT_UKUR_LINGKAR_KEPALA,smallint,NO,,
medicalrecord,nutrisi,14,TINGGI_LUTUT,"decimal(10,2)",NO,,
medicalrecord,nutrisi,15,ALAT_UKUR_TINGGI_LUTUT,smallint,NO,,
medicalrecord,nutrisi,16,PANJANG_ULNA,"decimal(10,2)",YES,,
medicalrecord,nutrisi,17,ALAT_UKUR_PANJANG_ULNA,smallint,NO,,
medicalrecord,nutrisi,18,LINGKAR_PERUT,"decimal(10,2)",NO,,
medicalrecord,nutrisi,19,ALAT_UKUR_LINGKAR_PERUT,smallint,NO,,
medicalrecord,nutrisi,20,KONDISI_PREMATUR,tinyint,NO,,
medicalrecord,nutrisi,21,KONDISI_DOWN_SYNDROM,tinyint,NO,,
medicalrecord,nutrisi,22,PEMERIKSAAN_KE,smallint,NO,,
medicalrecord,nutrisi,23,PEMERIKSAAN_KE_TAHUN,smallint,NO,,
medicalrecord,nutrisi,24,PEMERIKSAAN_KE_BULAN,smallint,NO,,
medicalrecord,nutrisi,25,UMUR,smallint,YES,,
medicalrecord,nutrisi,26,TBU,"decimal(10,2)",YES,,
medicalrecord,nutrisi,27,BBU,"decimal(10,2)",YES,,
medicalrecord,nutrisi,28,IMTU,"decimal(10,2)",YES,,
medicalrecord,nutrisi,29,BBTB,"decimal(10,2)",YES,,
medicalrecord,nutrisi,30,KATEGORI_TBU,varchar(150),YES,,
medicalrecord,nutrisi,31,KATEGORI_BBU,varchar(150),YES,,
medicalrecord,nutrisi,32,KATEGORI_IMTU,varchar(150),YES,,
medicalrecord,nutrisi,33,KATEGORI_BBTB,varchar(150),YES,,
medicalrecord,nutrisi,34,TANGGAL_PEMERIKSAAN,datetime,NO,,
medicalrecord,nutrisi,35,TANGGAL,timestamp,NO,,"DEFAULT_GENERATED on update CURRENT_TIMESTAMP"
medicalrecord,nutrisi,36,OLEH,int,NO,MUL,
medicalrecord,nutrisi,37,STATUS,int,NO,MUL,
medicalrecord,obstetri,1,ID,int,NO,PRI,auto_increment
medicalrecord,obstetri,2,KUNJUNGAN,char(19),NO,UNI,
medicalrecord,obstetri,3,KELUARGA_BERENCANA,tinyint,NO,,
medicalrecord,obstetri,4,KUNJUNGAN_KEHAMILAN,tinytext,NO,,
medicalrecord,obstetri,5,RATA_RATA_FREKUENSI_MAKAN,tinyint,NO,,
medicalrecord,obstetri,6,JENIS_MAKANAN,tinyint,NO,,
medicalrecord,obstetri,7,MUAL,tinyint,NO,,
medicalrecord,obstetri,8,PUSING,tinyint,NO,,
medicalrecord,obstetri,9,SESAK,tinyint,NO,,
medicalrecord,obstetri,10,GERAKAN_JANIN_BERKURANG,tinyint,NO,,
medicalrecord,obstetri,11,CUCI_TANGAN_DENGAN_BENAR,tinyint,NO,,
medicalrecord,obstetri,12,MUNTAH,tinyint,NO,,
medicalrecord,obstetri,13,SAKIT_KEPALA,tinyint,NO,,
medicalrecord,obstetri,14,DEMAM,tinyint,NO,,
medicalrecord,obstetri,15,PELEPASAN_AIR_KETUBAN,tinyint,NO,,
medicalrecord,obstetri,16,PENDARAHAN,tinyint,NO,,
medicalrecord,obstetri,17,ODEM_TUNGKAI,tinyint,NO,,
medicalrecord,obstetri,18,FLOUR_ALBUS,tinyint,NO,,
medicalrecord,obstetri,19,PENGLIHATAN_KABUR,tinyint,NO,,
medicalrecord,obstetri,20,LAINNYA,tinyint,NO,,
medicalrecord,obstetri,21,LAINNYA_KET,tinytext,NO,,
medicalrecord,obstetri,22,HARI_PERTAMA_HAID,date,NO,,
medicalrecord,obstetri,23,TAKSIRAN_PERSALINAN,date,NO,,
medicalrecord,obstetri,24,DIBUAT_TANGGAL,timestamp,NO,,DEFAULT_GENERATED
medicalrecord,obstetri,25,OLEH,smallint,NO,,
medicalrecord,obstetri,26,STATUS,tinyint,NO,,
medicalrecord,obstetri_keluarga_berencana,1,ID,int,NO,PRI,auto_increment
medicalrecord,obstetri_keluarga_berencana,2,KUNJUNGAN,varchar(19),NO,,
medicalrecord,obstetri_keluarga_berencana,3,JENIS_KB,tinyint,NO,,
medicalrecord,obstetri_keluarga_berencana,4,LAMA_PEMAKAIAN,date,NO,,
medicalrecord,obstetri_keluarga_berencana,5,KOMPLIKASI,tinyint,NO,,
medicalrecord,obstetri_keluarga_berencana,6,DIBUAT_TANGGAL,timestamp,NO,,DEFAULT_GENERATED
medicalrecord,obstetri_keluarga_berencana,7,OLEH,smallint,NO,,
medicalrecord,obstetri_keluarga_berencana,8,STATUS,tinyint,NO,,
medicalrecord,operasi,1,ID,int,NO,PRI,auto_increment
medicalrecord,operasi,2,KUNJUNGAN,char(19),NO,MUL,
medicalrecord,operasi,3,DOKTER,smallint,YES,,
medicalrecord,operasi,4,ASISTEN_DOKTER,varchar(75),YES,,
medicalrecord,operasi,5,ANASTESI,smallint,YES,,
medicalrecord,operasi,6,ASISTEN_ANASTESI,varchar(75),YES,,
medicalrecord,operasi,7,JENIS_ANASTESI,tinyint,NO,,
medicalrecord,operasi,8,GOLONGAN_OPERASI,tinyint,NO,,
medicalrecord,operasi,9,JENIS_OPERASI,tinyint,NO,,
medicalrecord,operasi,10,PRA_BEDAH,varchar(1000),NO,,
medicalrecord,operasi,11,PASCA_BEDAH,varchar(1000),NO,,
medicalrecord,operasi,12,INDIKASI,varchar(250),NO,,
medicalrecord,operasi,13,NAMA_OPERASI,varchar(500),NO,,
medicalrecord,operasi,14,PA,tinyint,NO,,
medicalrecord,operasi,15,JARINGAN_DIEKSISI,varchar(250),NO,,
medicalrecord,operasi,16,TANGGAL,date,NO,MUL,
medicalrecord,operasi,17,WAKTU_MULAI,time,NO,,
medicalrecord,operasi,18,WAKTU_SELESAI,time,NO,,
medicalrecord,operasi,19,DURASI,time,NO,,
medicalrecord,operasi,20,KOMPLIKASI,varchar(250),NO,,
medicalrecord,operasi,21,PERDARAHAN,varchar(100),NO,,
medicalrecord,operasi,22,RUANGAN_PASCA_OPERASI,tinyint,NO,,
medicalrecord,operasi,23,LAPORAN_OPERASI,text,NO,,
medicalrecord,operasi,24,GUNAKAN_IMPLAN,tinyint,NO,,
medicalrecord,operasi,25,JENIS_IMPLAN,tinyint,YES,,
medicalrecord,operasi,26,NAMA_IMPLAN,varchar(250),YES,,
medicalrecord,operasi,27,NO_SERI_IMPLAN,varchar(50),YES,,
medicalrecord,operasi,28,JENIS_TRANSFUSI,tinyint,YES,,
medicalrecord,operasi,29,JUMLAH_TRANSFUSI,"decimal(20,6)",YES,,
medicalrecord,operasi,30,DOCUMENT_ID,char(36),YES,,
medicalrecord,operasi,31,DIBUAT_TANGGAL,datetime,NO,,
medicalrecord,operasi,32,OLEH,smallint,NO,,
medicalrecord,operasi,33,STATUS,tinyint,NO,MUL,
medicalrecord,operasi_di_tindakan,1,ID,int,NO,PRI,auto_increment
medicalrecord,operasi_di_tindakan,2,OPERASI_ID,int,NO,MUL,
medicalrecord,operasi_di_tindakan,3,TINDAKAN_MEDIS,char(11),NO,,
medicalrecord,operasi_di_tindakan,4,STATUS,tinyint,NO,,
medicalrecord,pelaksana_operasi,1,ID,int,NO,PRI,auto_increment
medicalrecord,pelaksana_operasi,2,OPERASI_ID,int,NO,MUL,
medicalrecord,pelaksana_operasi,3,JENIS,tinyint,NO,MUL,
medicalrecord,pelaksana_operasi,4,PELAKSANA,varchar(150),NO,,
medicalrecord,pelaksana_operasi,5,STATUS,tinyint,NO,MUL,
medicalrecord,pemantuan_hd_intradialitik,1,ID,int,NO,PRI,auto_increment
medicalrecord,pemantuan_hd_intradialitik,2,KUNJUNGAN,char(19),NO,MUL,
medicalrecord,pemantuan_hd_intradialitik,3,QUICK_BLOOD,"decimal(10,2)",NO,,
medicalrecord,pemantuan_hd_intradialitik,4,QUICK_DIALISIS,"decimal(10,2)",NO,,
medicalrecord,pemantuan_hd_intradialitik,5,ULTRA_FILTRASI_VOLUME,"decimal(10,2)",NO,,
medicalrecord,pemantuan_hd_intradialitik,6,ULTRA_FILTRASI_RATE,"decimal(10,2)",NO,,
medicalrecord,pemantuan_hd_intradialitik,7,WAKTU_PEMERIKSAAN,datetime,NO,,
medicalrecord,pemantuan_hd_intradialitik,8,TANGGAL,timestamp,NO,,"DEFAULT_GENERATED on update CURRENT_TIMESTAMP"
medicalrecord,pemantuan_hd_intradialitik,9,OLEH,smallint,NO,,
medicalrecord,pemantuan_hd_intradialitik,10,STATUS,tinyint,NO,MUL,
medicalrecord,pemeriksaan_anus,1,ID,int,NO,PRI,auto_increment
medicalrecord,pemeriksaan_anus,2,KUNJUNGAN,char(19),NO,MUL,
medicalrecord,pemeriksaan_anus,3,PENDAFTARAN,char(10),NO,MUL,
medicalrecord,pemeriksaan_anus,4,ADA_KELAINAN,tinyint,YES,,
medicalrecord,pemeriksaan_anus,5,INSPEKSI_SEKITAR_ANUS,tinyint,NO,,
medicalrecord,pemeriksaan_anus,6,SPINKTER_ANI,tinyint,NO,,
medicalrecord,pemeriksaan_anus,7,MUKOSA,tinyint,NO,,
medicalrecord,pemeriksaan_anus,8,LOKASI_NYERI,text,NO,,
medicalrecord,pemeriksaan_anus,9,MASSA_TUMOR,tinyint,NO,,
medicalrecord,pemeriksaan_anus,10,UKURAN,text,NO,,
medicalrecord,pemeriksaan_anus,11,KONSISTENSI,tinyint,NO,,
medicalrecord,pemeriksaan_anus,12,AMPULLA,tinyint,NO,,
medicalrecord,pemeriksaan_anus,13,FASES,tinyint,NO,,
medicalrecord,pemeriksaan_anus,14,DARAH,tinyint,NO,,
medicalrecord,pemeriksaan_anus,15,LENDIR,tinyint,NO,,
medicalrecord,pemeriksaan_anus,16,NYERI,tinyint,NO,,
medicalrecord,pemeriksaan_anus,17,DESKRIPSI,text,YES,,
medicalrecord,pemeriksaan_anus,18,TANGGAL,timestamp,YES,,"DEFAULT_GENERATED on update CURRENT_TIMESTAMP"
medicalrecord,pemeriksaan_anus,19,OLEH,smallint,NO,,
medicalrecord,pemeriksaan_anus,20,STATUS,tinyint,NO,MUL,
medicalrecord,pemeriksaan_assesment_m_chat,1,ID,int,NO,PRI,auto_increment
medicalrecord,pemeriksaan_assesment_m_chat,2,KUNJUNGAN,char(19),NO,MUL,
medicalrecord,pemeriksaan_assesment_m_chat,3,SUBJEKTIF,text,YES,,
medicalrecord,pemeriksaan_assesment_m_chat,4,OBJEKTIF,tinytext,NO,,
medicalrecord,pemeriksaan_assesment_m_chat,5,M_CHAT_R,smallint,NO,,
medicalrecord,pemeriksaan_assesment_m_chat,6,M_CHAT_FOLLOW_UP,smallint,NO,,
medicalrecord,pemeriksaan_assesment_m_chat,7,INTERPERTASI,varchar(500),NO,,
medicalrecord,pemeriksaan_assesment_m_chat,8,ANJURAN,varchar(500),NO,,
medicalrecord,pemeriksaan_assesment_m_chat,9,DIBUAT_TANGGAL,timestamp,YES,,"DEFAULT_GENERATED on update CURRENT_TIMESTAMP"
medicalrecord,pemeriksaan_assesment_m_chat,10,OLEH,smallint,NO,,
medicalrecord,pemeriksaan_assesment_m_chat,11,STATUS,tinyint,NO,,
medicalrecord,pemeriksaan_bibir,1,ID,int,NO,PRI,auto_increment
medicalrecord,pemeriksaan_bibir,2,KUNJUNGAN,char(19),NO,MUL,
medicalrecord,pemeriksaan_bibir,3,PENDAFTARAN,char(10),NO,MUL,
medicalrecord,pemeriksaan_bibir,4,ADA_KELAINAN,tinyint,NO,,
medicalrecord,pemeriksaan_bibir,5,DESKRIPSI,text,YES,,
medicalrecord,pemeriksaan_bibir,6,TANGGAL,timestamp,YES,,"DEFAULT_GENERATED on update CURRENT_TIMESTAMP"
medicalrecord,pemeriksaan_bibir,7,OLEH,smallint,NO,,
medicalrecord,pemeriksaan_bibir,8,STATUS,tinyint,NO,,
medicalrecord,pemeriksaan_cat_clams,1,ID,int,NO,PRI,auto_increment
medicalrecord,pemeriksaan_cat_clams,2,KUNJUNGAN,char(19),NO,MUL,
medicalrecord,pemeriksaan_cat_clams,3,KELUHAN_UTAMA,tinytext,NO,,
medicalrecord,pemeriksaan_cat_clams,4,OBJEKTIF,tinytext,NO,,
medicalrecord,pemeriksaan_cat_clams,5,ASESMENT_CAT_CLAMS,tinytext,NO,,
medicalrecord,pemeriksaan_cat_clams,6,ANJURAN,tinytext,NO,,
medicalrecord,pemeriksaan_cat_clams,7,DIBUAT_TANGGAL,timestamp,NO,,"DEFAULT_GENERATED on update CURRENT_TIMESTAMP"
medicalrecord,pemeriksaan_cat_clams,8,OLEH,smallint,NO,,
medicalrecord,pemeriksaan_cat_clams,9,STATUS,int,NO,,
medicalrecord,pemeriksaan_dada,1,ID,int,NO,PRI,auto_increment
medicalrecord,pemeriksaan_dada,2,KUNJUNGAN,char(19),NO,MUL,
medicalrecord,pemeriksaan_dada,3,PENDAFTARAN,char(10),NO,MUL,
medicalrecord,pemeriksaan_dada,4,THORAKS_SIMETRIS,tinyint,NO,,
medicalrecord,pemeriksaan_dada,5,THORAKS_ASIMETRIS,tinyint,NO,,
medicalrecord,pemeriksaan_dada,6,THORAKS_DESKRIPSI,text,YES,,
medicalrecord,pemeriksaan_dada,7,COR,text,YES,,
medicalrecord,pemeriksaan_dada,8,REGULER,tinyint,NO,,
medicalrecord,pemeriksaan_dada,9,IREGULER,tinyint,NO,,
medicalrecord,pemeriksaan_dada,10,MURMUR,text,YES,,
medicalrecord,pemeriksaan_dada,11,LAIN_LAIN,text,YES,,
medicalrecord,pemeriksaan_dada,12,PULMO_SUARA_NAFAS,text,YES,,
medicalrecord,pemeriksaan_dada,13,RONCHI,tinyint,NO,,
medicalrecord,pemeriksaan_dada,14,RONCHI_DEKSRIPSI,text,YES,,
medicalrecord,pemeriksaan_dada,15,WHEEZING,tinyint,NO,,
medicalrecord,pemeriksaan_dada,16,WHEEZING_DESKRIPSI,text,YES,,
medicalrecord,pemeriksaan_dada,17,ADA_KELAINAN,tinyint,NO,,
medicalrecord,pemeriksaan_dada,18,DESKRIPSI,text,YES,,
medicalrecord,pemeriksaan_dada,19,TANGGAL,timestamp,YES,,"DEFAULT_GENERATED on update CURRENT_TIMESTAMP"
medicalrecord,pemeriksaan_dada,20,OLEH,smallint,NO,,
medicalrecord,pemeriksaan_dada,21,STATUS,tinyint,NO,,
medicalrecord,pemeriksaan_eeg,1,ID,int,NO,PRI,auto_increment
medicalrecord,pemeriksaan_eeg,2,KUNJUNGAN,char(19),NO,MUL,
medicalrecord,pemeriksaan_eeg,3,HASIL,text,NO,,
medicalrecord,pemeriksaan_eeg,4,HASIL_SEBELUMNYA,text,NO,,
medicalrecord,pemeriksaan_eeg,5,MRI_KEPALA,text,NO,,
medicalrecord,pemeriksaan_eeg,6,HASIL_PEREKAMAN,text,NO,,
medicalrecord,pemeriksaan_eeg,7,KESIMPULAN,text,NO,,
medicalrecord,pemeriksaan_eeg,8,SARAN,text,NO,,
medicalrecord,pemeriksaan_eeg,9,DOKTER,smallint,NO,,
medicalrecord,pemeriksaan_eeg,10,TANGGAL_INPUT,timestamp,NO,,"DEFAULT_GENERATED on update CURRENT_TIMESTAMP"
medicalrecord,pemeriksaan_eeg,11,OLEH,smallint,NO,,
medicalrecord,pemeriksaan_eeg,12,STATUS,tinyint,NO,,
medicalrecord,pemeriksaan_ekg,1,ID,int,NO,PRI,auto_increment
medicalrecord,pemeriksaan_ekg,2,KUNJUNGAN,char(19),NO,MUL,
medicalrecord,pemeriksaan_ekg,3,IRAMA,tinyint,NO,,
medicalrecord,pemeriksaan_ekg,4,GEL_P,tinyint,NO,,
medicalrecord,pemeriksaan_ekg,5,GEL_P_LAINNYA,tinytext,NO,,
medicalrecord,pemeriksaan_ekg,6,QRS_KOMPLEKS,tinyint,NO,,
medicalrecord,pemeriksaan_ekg,7,QRS_KOMPLEKS_LAINNYA,tinytext,NO,,
medicalrecord,pemeriksaan_ekg,8,REGULARITAS,tinyint,NO,,
medicalrecord,pemeriksaan_ekg,9,PR_INTERVAL,tinyint,NO,,
medicalrecord,pemeriksaan_ekg,10,PR_INTERVAL_LAINNYA,tinytext,NO,,
medicalrecord,pemeriksaan_ekg,11,ST_SEGMEN,tinyint,NO,,
medicalrecord,pemeriksaan_ekg,12,HEART_RATE,tinytext,NO,,
medicalrecord,pemeriksaan_ekg,13,AXIX,tinyint,NO,,
medicalrecord,pemeriksaan_ekg,14,GEL_T,tinyint,NO,,
medicalrecord,pemeriksaan_ekg,15,KESIMPULAN,text,YES,,
medicalrecord,pemeriksaan_ekg,16,DOKUMENT,char(36),YES,,
medicalrecord,pemeriksaan_ekg,17,DIBUAT_TANGGAL,timestamp,YES,MUL,"DEFAULT_GENERATED on update CURRENT_TIMESTAMP"
medicalrecord,pemeriksaan_ekg,18,TENAGA_MEDIS,smallint,NO,,
medicalrecord,pemeriksaan_ekg,19,OLEH,smallint,NO,,
medicalrecord,pemeriksaan_ekg,20,STATUS,tinyint,NO,,
medicalrecord,pemeriksaan_emg,1,ID,int,NO,PRI,auto_increment
medicalrecord,pemeriksaan_emg,2,KUNJUNGAN,char(19),NO,MUL,
medicalrecord,pemeriksaan_emg,3,KELUHAN,text,NO,,
medicalrecord,pemeriksaan_emg,4,PENGOBATAN,text,NO,,
medicalrecord,pemeriksaan_emg,5,TD,varchar(20),NO,,
medicalrecord,pemeriksaan_emg,6,RR,int,NO,,
medicalrecord,pemeriksaan_emg,7,HR,int,NO,,
medicalrecord,pemeriksaan_emg,8,DERAJAT_CELCIUS,"decimal(6,2)",NO,,
medicalrecord,pemeriksaan_emg,9,GCS,varchar(20),NO,,
medicalrecord,pemeriksaan_emg,10,NPRS,varchar(20),NO,,
medicalrecord,pemeriksaan_emg,11,FKL,varchar(150),NO,,
medicalrecord,pemeriksaan_emg,12,NN_CRANIALIS,varchar(250),NO,,
medicalrecord,pemeriksaan_emg,13,RCT_RCTL,varchar(150),NO,,
medicalrecord,pemeriksaan_emg,14,NN_CR_LAIN,varchar(150),NO,,
medicalrecord,pemeriksaan_emg,15,MOTORIK,varchar(250),NO,,
medicalrecord,pemeriksaan_emg,16,PERGERAKAN,varchar(250),NO,,
medicalrecord,pemeriksaan_emg,17,KEKUATAN,varchar(250),NO,,
medicalrecord,pemeriksaan_emg,18,EXTREMITAS_SUPERIOR,text,NO,,
medicalrecord,pemeriksaan_emg,19,EXTREMITAS_INFERIOR,text,NO,,
medicalrecord,pemeriksaan_emg,20,TONUS,varchar(250),NO,,
medicalrecord,pemeriksaan_emg,21,REFLEKS_FISOLOGIS,varchar(250),NO,,
medicalrecord,pemeriksaan_emg,22,REFLEKS_PATOLOGIS,varchar(250),NO,,
medicalrecord,pemeriksaan_emg,23,SENSORIK,varchar(250),NO,,
medicalrecord,pemeriksaan_emg,24,OTONOM,varchar(250),NO,,
medicalrecord,pemeriksaan_emg,25,NVC_AND_EMG_FINDINGS,text,NO,,
medicalrecord,pemeriksaan_emg,26,IMPRESSION,text,NO,,
medicalrecord,pemeriksaan_emg,27,SARAN,text,NO,,
medicalrecord,pemeriksaan_emg,28,DOKTER,smallint,NO,,
medicalrecord,pemeriksaan_emg,29,DIBUAT_TANGGAL,timestamp,YES,,"DEFAULT_GENERATED on update CURRENT_TIMESTAMP"
medicalrecord,pemeriksaan_emg,30,OLEH,smallint,NO,,
medicalrecord,pemeriksaan_emg,31,STATUS,tinyint,NO,,
medicalrecord,pemeriksaan_faring,1,ID,int,NO,PRI,auto_increment
medicalrecord,pemeriksaan_faring,2,KUNJUNGAN,char(19),NO,MUL,
medicalrecord,pemeriksaan_faring,3,PENDAFTARAN,char(10),NO,MUL,
medicalrecord,pemeriksaan_faring,4,ADA_KELAINAN,tinyint,NO,,
medicalrecord,pemeriksaan_faring,5,AMANDEL,tinyint,NO,,
medicalrecord,pemeriksaan_faring,6,WARNAH_DAN_KEADAAN,tinyint,NO,,
medicalrecord,pemeriksaan_faring,7,DESKRIPSI,text,YES,,
medicalrecord,pemeriksaan_faring,8,TANGGAL,timestamp,YES,,"DEFAULT_GENERATED on update CURRENT_TIMESTAMP"
medicalrecord,pemeriksaan_faring,9,OLEH,smallint,NO,,
medicalrecord,pemeriksaan_faring,10,STATUS,tinyint,NO,,
medicalrecord,pemeriksaan_fisik,1,ID,int,NO,PRI,auto_increment
medicalrecord,pemeriksaan_fisik,2,KUNJUNGAN,char(19),NO,MUL,
medicalrecord,pemeriksaan_fisik,3,PENDAFTARAN,char(10),NO,MUL,
medicalrecord,pemeriksaan_fisik,4,TANGGAL,timestamp,NO,,"DEFAULT_GENERATED on update CURRENT_TIMESTAMP"
medicalrecord,pemeriksaan_fisik,5,DESKRIPSI,text,NO,,
medicalrecord,pemeriksaan_fisik,6,OLEH,smallint,NO,,
medicalrecord,pemeriksaan_fisik,7,STATUS,tinyint,NO,,
medicalrecord,pemeriksaan_genital,1,ID,int,NO,PRI,auto_increment
medicalrecord,pemeriksaan_genital,2,KUNJUNGAN,char(19),NO,MUL,
medicalrecord,pemeriksaan_genital,3,PENDAFTARAN,char(10),NO,MUL,
medicalrecord,pemeriksaan_genital,4,ADA_KELAINAN,tinyint,NO,,
medicalrecord,pemeriksaan_genital,5,DESKRIPSI,text,YES,,
medicalrecord,pemeriksaan_genital,6,TANGGAL,timestamp,YES,,"DEFAULT_GENERATED on update CURRENT_TIMESTAMP"
medicalrecord,pemeriksaan_genital,7,OLEH,smallint,NO,,
medicalrecord,pemeriksaan_genital,8,STATUS,tinyint,NO,,
medicalrecord,pemeriksaan_gigi_geligi,1,ID,int,NO,PRI,auto_increment
medicalrecord,pemeriksaan_gigi_geligi,2,KUNJUNGAN,char(19),NO,MUL,
medicalrecord,pemeriksaan_gigi_geligi,3,PENDAFTARAN,char(10),NO,MUL,
medicalrecord,pemeriksaan_gigi_geligi,4,ADA_KELAINAN,tinyint,NO,,
medicalrecord,pemeriksaan_gigi_geligi,5,DESKRIPSI,text,YES,,
medicalrecord,pemeriksaan_gigi_geligi,6,TANGGAL,timestamp,YES,,"DEFAULT_GENERATED on update CURRENT_TIMESTAMP"
medicalrecord,pemeriksaan_gigi_geligi,7,OLEH,smallint,NO,,
medicalrecord,pemeriksaan_gigi_geligi,8,STATUS,tinyint,NO,,
medicalrecord,pemeriksaan_hidung,1,ID,int,NO,PRI,auto_increment
medicalrecord,pemeriksaan_hidung,2,KUNJUNGAN,char(19),NO,MUL,
medicalrecord,pemeriksaan_hidung,3,PENDAFTARAN,char(10),NO,MUL,
medicalrecord,pemeriksaan_hidung,4,ADA_KELAINAN,tinyint,YES,,
medicalrecord,pemeriksaan_hidung,5,DESKRIPSI,text,YES,,
medicalrecord,pemeriksaan_hidung,6,TANGGAL,timestamp,YES,,"DEFAULT_GENERATED on update CURRENT_TIMESTAMP"
medicalrecord,pemeriksaan_hidung,7,OLEH,smallint,NO,,
medicalrecord,pemeriksaan_hidung,8,STATUS,tinyint,NO,,
medicalrecord,pemeriksaan_jari_kaki,1,ID,int,NO,PRI,auto_increment
medicalrecord,pemeriksaan_jari_kaki,2,KUNJUNGAN,char(19),NO,MUL,
medicalrecord,pemeriksaan_jari_kaki,3,PENDAFTARAN,char(10),NO,MUL,
medicalrecord,pemeriksaan_jari_kaki,4,ADA_KELAINAN,tinyint,YES,,
medicalrecord,pemeriksaan_jari_kaki,5,DEXTRA_BENTUK_JARI,smallint,YES,,
medicalrecord,pemeriksaan_jari_kaki,6,DEXTRA_KULIT,smallint,YES,,
medicalrecord,pemeriksaan_jari_kaki,7,DEXTRA_NYERI_TEKAN,smallint,YES,,
medicalrecord,pemeriksaan_jari_kaki,8,DEXTRA_AKRAL,smallint,YES,,
medicalrecord,pemeriksaan_jari_kaki,9,DEXTRA_KAKU,smallint,YES,,
medicalrecord,pemeriksaan_jari_kaki,10,SINISTRA_BENTUK_JARI,smallint,YES,,
medicalrecord,pemeriksaan_jari_kaki,11,SINISTRA_KULIT,smallint,YES,,
medicalrecord,pemeriksaan_jari_kaki,12,SINISTRA_NYERI_TEKAN,smallint,YES,,
medicalrecord,pemeriksaan_jari_kaki,13,SINISTRA_AKRAL,smallint,YES,,
medicalrecord,pemeriksaan_jari_kaki,14,SINISTRA_KAKU,smallint,YES,,
medicalrecord,pemeriksaan_jari_kaki,15,REFLEKS_BABINSKI,tinyint(1),YES,,
medicalrecord,pemeriksaan_jari_kaki,16,DESKRIPSI,text,YES,,
medicalrecord,pemeriksaan_jari_kaki,17,TANGGAL,timestamp,YES,,"DEFAULT_GENERATED on update CURRENT_TIMESTAMP"
medicalrecord,pemeriksaan_jari_kaki,18,OLEH,smallint,NO,,
medicalrecord,pemeriksaan_jari_kaki,19,STATUS,tinyint,NO,,
medicalrecord,pemeriksaan_jari_tangan,1,ID,int,NO,PRI,auto_increment
medicalrecord,pemeriksaan_jari_tangan,2,KUNJUNGAN,char(19),NO,MUL,
medicalrecord,pemeriksaan_jari_tangan,3,PENDAFTARAN,char(10),NO,MUL,
medicalrecord,pemeriksaan_jari_tangan,4,ADA_KELAINAN,tinyint,YES,,
medicalrecord,pemeriksaan_jari_tangan,5,DEXTRA_BENTUK_JARI,smallint,YES,,
medicalrecord,pemeriksaan_jari_tangan,6,DEXTRA_KULIT,smallint,YES,,
medicalrecord,pemeriksaan_jari_tangan,7,DEXTRA_NYERI_TEKAN,smallint,YES,,
medicalrecord,pemeriksaan_jari_tangan,8,DEXTRA_AKRAL,smallint,YES,,
medicalrecord,pemeriksaan_jari_tangan,9,DEXTRA_KAKU,smallint,YES,,
medicalrecord,pemeriksaan_jari_tangan,10,SINISTRA_BENTUK_JARI,smallint,YES,,
medicalrecord,pemeriksaan_jari_tangan,11,SINISTRA_KULIT,smallint,YES,,
medicalrecord,pemeriksaan_jari_tangan,12,SINISTRA_NYERI_TEKAN,smallint,YES,,
medicalrecord,pemeriksaan_jari_tangan,13,SINISTRA_AKRAL,smallint,YES,,
medicalrecord,pemeriksaan_jari_tangan,14,SINISTRA_KAKU,smallint,YES,,
medicalrecord,pemeriksaan_jari_tangan,15,DESKRIPSI,text,YES,,
medicalrecord,pemeriksaan_jari_tangan,16,TANGGAL,timestamp,YES,,"DEFAULT_GENERATED on update CURRENT_TIMESTAMP"
medicalrecord,pemeriksaan_jari_tangan,17,OLEH,smallint,NO,,
medicalrecord,pemeriksaan_jari_tangan,18,STATUS,tinyint,NO,,
medicalrecord,pemeriksaan_kepala,1,ID,int,NO,PRI,auto_increment
medicalrecord,pemeriksaan_kepala,2,KUNJUNGAN,char(19),NO,MUL,
medicalrecord,pemeriksaan_kepala,3,PENDAFTARAN,char(10),NO,MUL,
medicalrecord,pemeriksaan_kepala,4,ADA_KELAINAN,tinyint,YES,,
medicalrecord,pemeriksaan_kepala,5,DESKRIPSI,text,YES,,
medicalrecord,pemeriksaan_kepala,6,TANGGAL,timestamp,YES,,"DEFAULT_GENERATED on update CURRENT_TIMESTAMP"
medicalrecord,pemeriksaan_kepala,7,OLEH,smallint,NO,,
medicalrecord,pemeriksaan_kepala,8,STATUS,tinyint,NO,,
medicalrecord,pemeriksaan_kuku_kaki,1,ID,int,NO,PRI,auto_increment
medicalrecord,pemeriksaan_kuku_kaki,2,KUNJUNGAN,char(19),NO,MUL,
medicalrecord,pemeriksaan_kuku_kaki,3,PENDAFTARAN,char(10),NO,MUL,
medicalrecord,pemeriksaan_kuku_kaki,4,ADA_KELAINAN,tinyint,YES,,
medicalrecord,pemeriksaan_kuku_kaki,5,DEXTRA_WARNA,smallint,YES,,
medicalrecord,pemeriksaan_kuku_kaki,6,DEXTRA_BENTUK,smallint,YES,,
medicalrecord,pemeriksaan_kuku_kaki,7,DEXTRA_PERMUKAAN,smallint,YES,,
medicalrecord,pemeriksaan_kuku_kaki,8,DEXTRA_NYERI_TEKANAN,smallint,YES,,
medicalrecord,pemeriksaan_kuku_kaki,9,SINISTRA_WARNA,smallint,YES,,
medicalrecord,pemeriksaan_kuku_kaki,10,SINISTRA_BENTUK,smallint,YES,,
medicalrecord,pemeriksaan_kuku_kaki,11,SINISTRA_PERMUKAAN,smallint,YES,,
medicalrecord,pemeriksaan_kuku_kaki,12,SINISTRA_NYERI_TEKANAN,smallint,YES,,
medicalrecord,pemeriksaan_kuku_kaki,13,DEXTRA_CAVILLARY_REFILL_TIME,"decimal(5,2)",YES,,
medicalrecord,pemeriksaan_kuku_kaki,14,SINISTRA_CAVILLARY_REFILL_TIME,"decimal(5,2)",YES,,
medicalrecord,pemeriksaan_kuku_kaki,15,DESKRIPSI,text,YES,,
medicalrecord,pemeriksaan_kuku_kaki,16,TANGGAL,timestamp,YES,,"DEFAULT_GENERATED on update CURRENT_TIMESTAMP"
medicalrecord,pemeriksaan_kuku_kaki,17,OLEH,smallint,NO,,
medicalrecord,pemeriksaan_kuku_kaki,18,STATUS,tinyint,NO,,
medicalrecord,pemeriksaan_kuku_tangan,1,ID,int,NO,PRI,auto_increment
medicalrecord,pemeriksaan_kuku_tangan,2,KUNJUNGAN,char(19),NO,MUL,
medicalrecord,pemeriksaan_kuku_tangan,3,PENDAFTARAN,char(10),NO,MUL,
medicalrecord,pemeriksaan_kuku_tangan,4,ADA_KELAINAN,tinyint,YES,,
medicalrecord,pemeriksaan_kuku_tangan,5,DESKRIPSI,text,YES,,
medicalrecord,pemeriksaan_kuku_tangan,6,DEXTRA_WARNA,smallint,NO,,
medicalrecord,pemeriksaan_kuku_tangan,7,DEXTRA_BENTUK,smallint,NO,,
medicalrecord,pemeriksaan_kuku_tangan,8,DEXTRA_PERMUKAAN,smallint,NO,,
medicalrecord,pemeriksaan_kuku_tangan,9,DEXTRA_NYERI_TEKANAN,smallint,NO,,
medicalrecord,pemeriksaan_kuku_tangan,10,SINISTRA_WARNA,smallint,NO,,
medicalrecord,pemeriksaan_kuku_tangan,11,SINISTRA_BENTUK,smallint,NO,,
medicalrecord,pemeriksaan_kuku_tangan,12,SINISTRA_PERMUKAAN,smallint,NO,,
medicalrecord,pemeriksaan_kuku_tangan,13,SINISTRA_NYERI_TEKANAN,smallint,NO,,
medicalrecord,pemeriksaan_kuku_tangan,14,DEXTRA_CAVILLARY_REFILL_TIME,"decimal(5,2)",YES,,
medicalrecord,pemeriksaan_kuku_tangan,15,SINISTRA_CAVILLARY_REFILL_TIME,"decimal(5,2)",YES,,
medicalrecord,pemeriksaan_kuku_tangan,16,TANGGAL,timestamp,YES,,"DEFAULT_GENERATED on update CURRENT_TIMESTAMP"
medicalrecord,pemeriksaan_kuku_tangan,17,OLEH,smallint,NO,,
medicalrecord,pemeriksaan_kuku_tangan,18,STATUS,tinyint,NO,MUL,
medicalrecord,pemeriksaan_langit_langit,1,ID,int,NO,PRI,auto_increment
medicalrecord,pemeriksaan_langit_langit,2,KUNJUNGAN,char(19),NO,MUL,
medicalrecord,pemeriksaan_langit_langit,3,PENDAFTARAN,char(10),NO,MUL,
medicalrecord,pemeriksaan_langit_langit,4,ADA_KELAINAN,tinyint,NO,,
medicalrecord,pemeriksaan_langit_langit,5,DESKRIPSI,text,YES,,
medicalrecord,pemeriksaan_langit_langit,6,TANGGAL,timestamp,YES,,"DEFAULT_GENERATED on update CURRENT_TIMESTAMP"
medicalrecord,pemeriksaan_langit_langit,7,OLEH,smallint,NO,,
medicalrecord,pemeriksaan_langit_langit,8,STATUS,tinyint,NO,,
medicalrecord,pemeriksaan_leher,1,ID,int,NO,PRI,auto_increment
medicalrecord,pemeriksaan_leher,2,KUNJUNGAN,char(19),NO,MUL,
medicalrecord,pemeriksaan_leher,3,PENDAFTARAN,char(10),NO,MUL,
medicalrecord,pemeriksaan_leher,4,JVP,text,NO,,
medicalrecord,pemeriksaan_leher,5,PKL,tinyint,NO,,
medicalrecord,pemeriksaan_leher,6,PKL_DESKRIPSI,text,NO,,
medicalrecord,pemeriksaan_leher,7,KAKUDUK,tinyint,NO,,
medicalrecord,pemeriksaan_leher,8,KAKUDUK_DESKRIPSI,text,NO,,
medicalrecord,pemeriksaan_leher,9,ADA_KELAINAN,tinyint,NO,,
medicalrecord,pemeriksaan_leher,10,DESKRIPSI,text,YES,,
medicalrecord,pemeriksaan_leher,11,TANGGAL,timestamp,YES,,"DEFAULT_GENERATED on update CURRENT_TIMESTAMP"
medicalrecord,pemeriksaan_leher,12,OLEH,smallint,NO,,
medicalrecord,pemeriksaan_leher,13,STATUS,tinyint,NO,,
medicalrecord,pemeriksaan_lengan_atas,1,ID,int,NO,PRI,auto_increment
medicalrecord,pemeriksaan_lengan_atas,2,KUNJUNGAN,char(19),NO,MUL,
medicalrecord,pemeriksaan_lengan_atas,3,PENDAFTARAN,char(10),NO,MUL,
medicalrecord,pemeriksaan_lengan_atas,4,ADA_KELAINAN,tinyint,YES,,
medicalrecord,pemeriksaan_lengan_atas,5,DESKRIPSI,text,YES,,
medicalrecord,pemeriksaan_lengan_atas,6,TANGGAL,timestamp,YES,,"DEFAULT_GENERATED on update CURRENT_TIMESTAMP"
medicalrecord,pemeriksaan_lengan_atas,7,OLEH,smallint,NO,,
medicalrecord,pemeriksaan_lengan_atas,8,STATUS,tinyint,NO,,
medicalrecord,pemeriksaan_lengan_bawah,1,ID,int,NO,PRI,auto_increment
medicalrecord,pemeriksaan_lengan_bawah,2,KUNJUNGAN,char(19),NO,MUL,
medicalrecord,pemeriksaan_lengan_bawah,3,PENDAFTARAN,char(10),NO,MUL,
medicalrecord,pemeriksaan_lengan_bawah,4,ADA_KELAINAN,tinyint,YES,,
medicalrecord,pemeriksaan_lengan_bawah,5,DESKRIPSI,text,YES,,
medicalrecord,pemeriksaan_lengan_bawah,6,TANGGAL,timestamp,YES,,"DEFAULT_GENERATED on update CURRENT_TIMESTAMP"
medicalrecord,pemeriksaan_lengan_bawah,7,OLEH,smallint,NO,,
medicalrecord,pemeriksaan_lengan_bawah,8,STATUS,tinyint,NO,,
medicalrecord,pemeriksaan_lidah,1,ID,int,NO,PRI,auto_increment
medicalrecord,pemeriksaan_lidah,2,KUNJUNGAN,char(19),NO,MUL,
medicalrecord,pemeriksaan_lidah,3,PENDAFTARAN,char(10),NO,MUL,
medicalrecord,pemeriksaan_lidah,4,ADA_KELAINAN,tinyint,NO,,
medicalrecord,pemeriksaan_lidah,5,DESKRIPSI,text,YES,,
medicalrecord,pemeriksaan_lidah,6,TANGGAL,timestamp,YES,,"DEFAULT_GENERATED on update CURRENT_TIMESTAMP"
medicalrecord,pemeriksaan_lidah,7,OLEH,smallint,NO,,
medicalrecord,pemeriksaan_lidah,8,STATUS,tinyint,NO,,
medicalrecord,pemeriksaan_mata,1,ID,int,NO,PRI,auto_increment
medicalrecord,pemeriksaan_mata,2,KUNJUNGAN,char(19),NO,MUL,
medicalrecord,pemeriksaan_mata,3,PENDAFTARAN,char(10),NO,MUL,
medicalrecord,pemeriksaan_mata,4,ANEMIS,tinyint,NO,,
medicalrecord,pemeriksaan_mata,5,IKTERUS,tinyint,NO,,
medicalrecord,pemeriksaan_mata,6,PUPIL_ISOKOR,tinyint,NO,,
medicalrecord,pemeriksaan_mata,7,PUPIL_ANISOKOR,tinyint,NO,,
medicalrecord,pemeriksaan_mata,8,DIAMETER_ISIAN,"decimal(10,2)",NO,,
medicalrecord,pemeriksaan_mata,9,DIAMETER_MM,"decimal(10,2)",NO,,
medicalrecord,pemeriksaan_mata,10,UDEM,tinyint,NO,,
medicalrecord,pemeriksaan_mata,11,ADA_KELAINAN,tinyint,NO,,
medicalrecord,pemeriksaan_mata,12,DESKRIPSI,text,YES,,
medicalrecord,pemeriksaan_mata,13,TANGGAL,timestamp,YES,,"DEFAULT_GENERATED on update CURRENT_TIMESTAMP"
medicalrecord,pemeriksaan_mata,14,OLEH,smallint,NO,,
medicalrecord,pemeriksaan_mata,15,STATUS,tinyint,NO,,
medicalrecord,pemeriksaan_observasi_transfusi_darah,1,ID,int,NO,PRI,auto_increment
medicalrecord,pemeriksaan_observasi_transfusi_darah,2,KUNJUNGAN,char(19),NO,MUL,
medicalrecord,pemeriksaan_observasi_transfusi_darah,3,NOMOR_BAG_DARAH,int,NO,,DEFAULT_GENERATED
medicalrecord,pemeriksaan_observasi_transfusi_darah,4,REAKSI_LAMBAT,tinyint,NO,,
medicalrecord,pemeriksaan_observasi_transfusi_darah,5,REAKSI_TRANSFUSI,smallint,NO,,DEFAULT_GENERATED
medicalrecord,pemeriksaan_observasi_transfusi_darah,6,PERUBAHAN_KONDISI_PASIEN,text,NO,,
medicalrecord,pemeriksaan_observasi_transfusi_darah,7,TTV,int,NO,,DEFAULT_GENERATED
medicalrecord,pemeriksaan_observasi_transfusi_darah,8,TANGGAL_INPUT,datetime,NO,,DEFAULT_GENERATED
medicalrecord,pemeriksaan_observasi_transfusi_darah,9,TANGGAL,timestamp,NO,,"DEFAULT_GENERATED on update CURRENT_TIMESTAMP"
medicalrecord,pemeriksaan_observasi_transfusi_darah,10,OLEH,smallint,NO,,DEFAULT_GENERATED
medicalrecord,pemeriksaan_observasi_transfusi_darah,11,STATUS,tinyint,NO,MUL,DEFAULT_GENERATED
medicalrecord,pemeriksaan_payudara,1,ID,int,NO,PRI,auto_increment
medicalrecord,pemeriksaan_payudara,2,KUNJUNGAN,char(19),NO,MUL,
medicalrecord,pemeriksaan_payudara,3,PENDAFTARAN,char(10),NO,MUL,
medicalrecord,pemeriksaan_payudara,4,ADA_KELAINAN,tinyint,NO,,
medicalrecord,pemeriksaan_payudara,5,DESKRIPSI,text,YES,,
medicalrecord,pemeriksaan_payudara,6,TANGGAL,timestamp,YES,,"DEFAULT_GENERATED on update CURRENT_TIMESTAMP"
medicalrecord,pemeriksaan_payudara,7,OLEH,smallint,NO,,
medicalrecord,pemeriksaan_payudara,8,STATUS,tinyint,NO,,
medicalrecord,pemeriksaan_persendian_kaki,1,ID,int,NO,PRI,auto_increment
medicalrecord,pemeriksaan_persendian_kaki,2,KUNJUNGAN,char(19),NO,MUL,
medicalrecord,pemeriksaan_persendian_kaki,3,PENDAFTARAN,char(10),NO,MUL,
medicalrecord,pemeriksaan_persendian_kaki,4,ADA_KELAINAN,tinyint,YES,,
medicalrecord,pemeriksaan_persendian_kaki,5,DEXTRA_BENTUK,tinyint,YES,,
medicalrecord,pemeriksaan_persendian_kaki,6,DEXTRA_MCP,tinyint,YES,,
medicalrecord,pemeriksaan_persendian_kaki,7,DEXTRA_IP,tinyint,YES,,
medicalrecord,pemeriksaan_persendian_kaki,8,DEXTRA_PERGELANGAN_TANGAN,tinyint,YES,,
medicalrecord,pemeriksaan_persendian_kaki,9,SINISTRA_BENTUK,tinyint,YES,,
medicalrecord,pemeriksaan_persendian_kaki,10,SINISTRA_MCP,tinyint,YES,,
medicalrecord,pemeriksaan_persendian_kaki,11,SINISTRA_IP,tinyint,YES,,
medicalrecord,pemeriksaan_persendian_kaki,12,SINISTRA_PERGELANGAN_TANGAN,tinyint,YES,,
medicalrecord,pemeriksaan_persendian_kaki,13,DESKRIPSI,text,YES,,
medicalrecord,pemeriksaan_persendian_kaki,14,TANGGAL,timestamp,YES,,"DEFAULT_GENERATED on update CURRENT_TIMESTAMP"
medicalrecord,pemeriksaan_persendian_kaki,15,OLEH,smallint,NO,,
medicalrecord,pemeriksaan_persendian_kaki,16,STATUS,tinyint,NO,MUL,
medicalrecord,pemeriksaan_persendian_tangan,1,ID,int,NO,PRI,auto_increment
medicalrecord,pemeriksaan_persendian_tangan,2,KUNJUNGAN,char(19),NO,MUL,
medicalrecord,pemeriksaan_persendian_tangan,3,PENDAFTARAN,char(10),NO,MUL,
medicalrecord,pemeriksaan_persendian_tangan,4,ADA_KELAINAN,smallint,YES,,
medicalrecord,pemeriksaan_persendian_tangan,5,DESKRIPSI,text,YES,,
medicalrecord,pemeriksaan_persendian_tangan,6,DEXTRA_BENTUK,smallint,YES,,
medicalrecord,pemeriksaan_persendian_tangan,7,DEXTRA_MCP,smallint,YES,,
medicalrecord,pemeriksaan_persendian_tangan,8,DEXTRA_IP,smallint,YES,,
medicalrecord,pemeriksaan_persendian_tangan,9,DEXTRA_PERGELANGAN_TANGAN,smallint,YES,,
medicalrecord,pemeriksaan_persendian_tangan,10,SINISTRA_BENTUK,smallint,YES,,
medicalrecord,pemeriksaan_persendian_tangan,11,SINISTRA_MCP,smallint,YES,,
medicalrecord,pemeriksaan_persendian_tangan,12,SINISTRA_IP,smallint,YES,,
medicalrecord,pemeriksaan_persendian_tangan,13,SINISTRA_PERGELANGAN_TANGAN,smallint,YES,,
medicalrecord,pemeriksaan_persendian_tangan,14,TANGGAL,timestamp,YES,,"DEFAULT_GENERATED on update CURRENT_TIMESTAMP"
medicalrecord,pemeriksaan_persendian_tangan,15,OLEH,smallint,NO,,
medicalrecord,pemeriksaan_persendian_tangan,16,STATUS,tinyint,NO,MUL,
medicalrecord,pemeriksaan_perut,1,ID,int,NO,PRI,auto_increment
medicalrecord,pemeriksaan_perut,2,KUNJUNGAN,char(19),NO,MUL,
medicalrecord,pemeriksaan_perut,3,PENDAFTARAN,char(10),NO,MUL,
medicalrecord,pemeriksaan_perut,4,ABDOMEN_DISTENDED,tinyint,NO,,
medicalrecord,pemeriksaan_perut,5,ABDOMEN_METEORISMUS,tinyint,NO,,
medicalrecord,pemeriksaan_perut,6,PERISTALTIK_NORMAL,tinyint,NO,,
medicalrecord,pemeriksaan_perut,7,PERISTALTIK_MENINGKAT,tinyint,NO,,
medicalrecord,pemeriksaan_perut,8,PERISTALTIK_MENURUN,tinyint,NO,,
medicalrecord,pemeriksaan_perut,9,PERISTALTIK_TIDAK_ADA,tinyint,NO,,
medicalrecord,pemeriksaan_perut,10,ASITES,tinyint,NO,,
medicalrecord,pemeriksaan_perut,11,NYERI_TEKAN,tinyint,NO,,
medicalrecord,pemeriksaan_perut,12,NYERI_TEKAN_LOKASI,text,NO,,
medicalrecord,pemeriksaan_perut,13,HEPAR,text,NO,,
medicalrecord,pemeriksaan_perut,14,LIEN,text,NO,,
medicalrecord,pemeriksaan_perut,15,EXTREMITAS_HANGAT,tinyint,NO,,
medicalrecord,pemeriksaan_perut,16,EXTREMITAS_DINGIN,tinyint,NO,,
medicalrecord,pemeriksaan_perut,17,UDEM,tinyint,NO,,
medicalrecord,pemeriksaan_perut,18,UDEM_DEKSRIPSI,text,NO,,
medicalrecord,pemeriksaan_perut,19,LAIN_LAIN,text,NO,,
medicalrecord,pemeriksaan_perut,20,DEFEKASI_ANUS,tinyint,NO,,
medicalrecord,pemeriksaan_perut,21,DEFEKASI_ANUS_FREKUENSI,text,NO,,
medicalrecord,pemeriksaan_perut,22,DEFEKASI_ANUS_KONSISTENSI,text,NO,,
medicalrecord,pemeriksaan_perut,23,DEFEKASI_STOMA,tinyint,NO,,
medicalrecord,pemeriksaan_perut,24,DEFEKASI_STOMA_DESKRIPSI,text,NO,,
medicalrecord,pemeriksaan_perut,25,URIN_SPONTAN,tinyint,NO,,
medicalrecord,pemeriksaan_perut,26,URIN_KATETER,tinyint,NO,,
medicalrecord,pemeriksaan_perut,27,URIN_CYTOSTOMY,tinyint,NO,,
medicalrecord,pemeriksaan_perut,28,KELAINAN,tinyint,NO,,
medicalrecord,pemeriksaan_perut,29,KELAINAN_DESKRIPSI,text,NO,,
medicalrecord,pemeriksaan_perut,30,ADA_KELAINAN,tinyint,YES,,
medicalrecord,pemeriksaan_perut,31,DESKRIPSI,text,YES,,
medicalrecord,pemeriksaan_perut,32,TANGGAL,timestamp,YES,,"DEFAULT_GENERATED on update CURRENT_TIMESTAMP"
medicalrecord,pemeriksaan_perut,33,OLEH,smallint,NO,,
medicalrecord,pemeriksaan_perut,34,STATUS,tinyint,NO,,
medicalrecord,pemeriksaan_pricktest,1,ID,int,NO,PRI,auto_increment
medicalrecord,pemeriksaan_pricktest,2,KUNJUNGAN,char(19),NO,MUL,
medicalrecord,pemeriksaan_pricktest,3,BUTTER_SALINE_PERTAMA,smallint,NO,,
medicalrecord,pemeriksaan_pricktest,4,BUTTER_SALINE_KEDUA,smallint,NO,,
medicalrecord,pemeriksaan_pricktest,5,HISTAMIN_PERTAMA,smallint,NO,,
medicalrecord,pemeriksaan_pricktest,6,HISTAMIN_KEDUA,smallint,NO,,
medicalrecord,pemeriksaan_pricktest,7,DOKTER,smallint,NO,MUL,
medicalrecord,pemeriksaan_pricktest,8,TANGGAL_PEMERIKSAAN,datetime,YES,,
medicalrecord,pemeriksaan_pricktest,9,TANGGAL,timestamp,YES,,"DEFAULT_GENERATED on update CURRENT_TIMESTAMP"
medicalrecord,pemeriksaan_pricktest,10,OLEH,smallint,NO,,
medicalrecord,pemeriksaan_pricktest,11,STATUS,tinyint,YES,MUL,
medicalrecord,pemeriksaan_pricktest_alergen_hisap,1,ID,int,NO,PRI,auto_increment
medicalrecord,pemeriksaan_pricktest_alergen_hisap,2,KUNJUNGAN,char(19),NO,MUL,
medicalrecord,pemeriksaan_pricktest_alergen_hisap,3,HISAP,tinyint,NO,MUL,
medicalrecord,pemeriksaan_pricktest_alergen_hisap,4,DIAMETER_PERTAMA,smallint,NO,,
medicalrecord,pemeriksaan_pricktest_alergen_hisap,5,DIAMETER_KEDUA,smallint,NO,,
medicalrecord,pemeriksaan_pricktest_alergen_hisap,6,REAKSI,tinyint,NO,,
medicalrecord,pemeriksaan_pricktest_alergen_hisap,7,TANGGAL,timestamp,YES,,"DEFAULT_GENERATED on update CURRENT_TIMESTAMP"
medicalrecord,pemeriksaan_pricktest_alergen_hisap,8,STATUS,tinyint,YES,MUL,
medicalrecord,pemeriksaan_pricktest_alergen_makanan,1,ID,int,NO,PRI,auto_increment
medicalrecord,pemeriksaan_pricktest_alergen_makanan,2,KUNJUNGAN,char(19),NO,MUL,
medicalrecord,pemeriksaan_pricktest_alergen_makanan,3,MAKANAN,tinyint,NO,MUL,
medicalrecord,pemeriksaan_pricktest_alergen_makanan,4,DIAMETER_PERTAMA,smallint,NO,,
medicalrecord,pemeriksaan_pricktest_alergen_makanan,5,DIAMETER_KEDUA,smallint,NO,,
medicalrecord,pemeriksaan_pricktest_alergen_makanan,6,REAKSI,tinyint,NO,,
medicalrecord,pemeriksaan_pricktest_alergen_makanan,7,TANGGAL,timestamp,YES,,"DEFAULT_GENERATED on update CURRENT_TIMESTAMP"
medicalrecord,pemeriksaan_pricktest_alergen_makanan,8,STATUS,tinyint,YES,MUL,
medicalrecord,pemeriksaan_procedur_kfr,1,ID,int,NO,PRI,auto_increment
medicalrecord,pemeriksaan_procedur_kfr,2,KUNJUNGAN,char(19),NO,MUL,
medicalrecord,pemeriksaan_procedur_kfr,3,HASIL_YANG_DIDAPAT,text,NO,,
medicalrecord,pemeriksaan_procedur_kfr,4,KESIMPULAN,text,NO,,
medicalrecord,pemeriksaan_procedur_kfr,5,TARGET_TERAPI,text,NO,,
medicalrecord,pemeriksaan_procedur_kfr,6,FREKUENSI_DIRENCANAKAN,tinyint,NO,,
medicalrecord,pemeriksaan_procedur_kfr,7,EVALUASI_TATALAKSANA,tinyint,NO,,
medicalrecord,pemeriksaan_procedur_kfr,8,TANGGAL_PEMERIKSAAN,datetime,NO,,
medicalrecord,pemeriksaan_procedur_kfr,9,DOKTER,smallint,NO,,
medicalrecord,pemeriksaan_procedur_kfr,10,DIBUAT_TANGGAL,timestamp,NO,,DEFAULT_GENERATED
medicalrecord,pemeriksaan_procedur_kfr,11,OLEH,smallint,NO,,
medicalrecord,pemeriksaan_procedur_kfr,12,STATUS,tinyint,NO,,
medicalrecord,pemeriksaan_procedur_kfr_detail,1,ID,int,NO,PRI,auto_increment
medicalrecord,pemeriksaan_procedur_kfr_detail,2,PEMERIKSAAN_PROCEDUR_KFR_NOMOR,int,NO,MUL,
medicalrecord,pemeriksaan_procedur_kfr_detail,3,TINDAKAN,smallint,NO,,
medicalrecord,pemeriksaan_procedur_kfr_detail,4,GROUP_PEMERIKSAAN,smallint,NO,,
medicalrecord,pemeriksaan_procedur_kfr_detail,5,JENIS_ASSESMENT_PROCEDURE,smallint,YES,MUL,
medicalrecord,pemeriksaan_procedur_kfr_detail,6,DIBUAT_TANGGAL,datetime,NO,,DEFAULT_GENERATED
medicalrecord,pemeriksaan_procedur_kfr_detail,7,OLEH,smallint,NO,,
medicalrecord,pemeriksaan_procedur_kfr_detail,8,STATUS,tinyint,NO,,
medicalrecord,pemeriksaan_protokol_intervensi,1,ID,int,NO,PRI,auto_increment
medicalrecord,pemeriksaan_protokol_intervensi,2,KUNJUNGAN,char(19),NO,MUL,
medicalrecord,pemeriksaan_protokol_intervensi,3,SIKLUS,smallint,NO,,
medicalrecord,pemeriksaan_protokol_intervensi,4,SESI,smallint,NO,,
medicalrecord,pemeriksaan_protokol_intervensi,5,PEMERIKSAAN_PENUNJANG,text,NO,,
medicalrecord,pemeriksaan_protokol_intervensi,6,KETERANGAN,text,NO,,
medicalrecord,pemeriksaan_protokol_intervensi,7,TANGGAL_PEMERIKSAAN,datetime,NO,,
medicalrecord,pemeriksaan_protokol_intervensi,8,TANGGAL,timestamp,NO,,"DEFAULT_GENERATED on update CURRENT_TIMESTAMP"
medicalrecord,pemeriksaan_protokol_intervensi,9,DOKTER,smallint,NO,,
medicalrecord,pemeriksaan_protokol_intervensi,10,OLEH,smallint,NO,,
medicalrecord,pemeriksaan_protokol_intervensi,11,STATUS,tinyint,NO,,
medicalrecord,pemeriksaan_protokol_intervensi_baep,1,ID,int,NO,PRI,auto_increment
medicalrecord,pemeriksaan_protokol_intervensi_baep,2,KUNJUNGAN,char(19),NO,MUL,
medicalrecord,pemeriksaan_protokol_intervensi_baep,3,ANAMNESIS,text,NO,,
medicalrecord,pemeriksaan_protokol_intervensi_baep,4,PEMERIKSAAN_FISIK,text,NO,,
medicalrecord,pemeriksaan_protokol_intervensi_baep,5,HASIL_BRAIN_MAPPING,text,NO,,
medicalrecord,pemeriksaan_protokol_intervensi_baep,6,GOAL_TREATMENT,text,NO,,
medicalrecord,pemeriksaan_protokol_intervensi_baep,7,PAIN_NPRS,tinyint,NO,,
medicalrecord,pemeriksaan_protokol_intervensi_baep,8,PAIN_VAS,tinyint,NO,,
medicalrecord,pemeriksaan_protokol_intervensi_baep,9,PAIN_TARGET,text,NO,,
medicalrecord,pemeriksaan_protokol_intervensi_baep,10,PAIN_HASIL_EVALUASI,text,NO,,
medicalrecord,pemeriksaan_protokol_intervensi_baep,11,AFASIA,varchar(100),NO,,
medicalrecord,pemeriksaan_protokol_intervensi_baep,12,AFASIA_TARGET,text,NO,,
medicalrecord,pemeriksaan_protokol_intervensi_baep,13,AFASIA_HASIL_EVALUASI,text,NO,,
medicalrecord,pemeriksaan_protokol_intervensi_baep,14,GANGGUAN_DAILY_LIVING,float,NO,,
medicalrecord,pemeriksaan_protokol_intervensi_baep,15,GANGGUAN_DAILY_LIVING_TARGET,text,NO,,
medicalrecord,pemeriksaan_protokol_intervensi_baep,16,GANGGUAN_DAILY_LIVING_HASIL_EVALUASI,text,NO,,
medicalrecord,pemeriksaan_protokol_intervensi_baep,17,TANGGAL_PEMERIKSAAN,datetime,NO,,"DEFAULT_GENERATED on update CURRENT_TIMESTAMP"
medicalrecord,pemeriksaan_protokol_intervensi_baep,18,TANGGAL,timestamp,NO,,"DEFAULT_GENERATED on update CURRENT_TIMESTAMP"
medicalrecord,pemeriksaan_protokol_intervensi_baep,19,DOKTER,smallint,NO,,
medicalrecord,pemeriksaan_protokol_intervensi_baep,20,OLEH,smallint,NO,,
medicalrecord,pemeriksaan_protokol_intervensi_baep,21,STATUS,tinyint,NO,MUL,
medicalrecord,pemeriksaan_protokol_intervensi_baep_depresi_detail,1,ID,int,NO,PRI,auto_increment
medicalrecord,pemeriksaan_protokol_intervensi_baep_depresi_detail,2,PROTOKOL_INTERVENSI_BAEP,int,NO,MUL,
medicalrecord,pemeriksaan_protokol_intervensi_baep_depresi_detail,3,DEPRESI,tinyint,NO,MUL,
medicalrecord,pemeriksaan_protokol_intervensi_baep_depresi_detail,4,DEPRESI_TARGET,text,NO,,
medicalrecord,pemeriksaan_protokol_intervensi_baep_depresi_detail,5,DEPRESI_HASIL_EVALUASI,text,NO,,
medicalrecord,pemeriksaan_protokol_intervensi_baep_depresi_detail,6,STATUS,tinyint,NO,MUL,
medicalrecord,pemeriksaan_protokol_intervensi_baep_dispagia_detail,1,ID,int,NO,PRI,auto_increment
medicalrecord,pemeriksaan_protokol_intervensi_baep_dispagia_detail,2,PROTOKOL_INTERVENSI_BAEP,int,NO,MUL,
medicalrecord,pemeriksaan_protokol_intervensi_baep_dispagia_detail,3,DISPAGIA,tinyint,NO,MUL,
medicalrecord,pemeriksaan_protokol_intervensi_baep_dispagia_detail,4,DISPAGIA_TARGET,text,NO,,
medicalrecord,pemeriksaan_protokol_intervensi_baep_dispagia_detail,5,DISPAGIA_HASIL_EVALUASI,text,NO,,
medicalrecord,pemeriksaan_protokol_intervensi_baep_dispagia_detail,6,STATUS,tinyint,NO,MUL,
medicalrecord,pemeriksaan_protokol_intervensi_baep_insomnia_detail,1,ID,int,NO,PRI,auto_increment
medicalrecord,pemeriksaan_protokol_intervensi_baep_insomnia_detail,2,PROTOKOL_INTERVENSI_BAEP,int,NO,MUL,
medicalrecord,pemeriksaan_protokol_intervensi_baep_insomnia_detail,3,INSOMNIA,tinyint,NO,MUL,
medicalrecord,pemeriksaan_protokol_intervensi_baep_insomnia_detail,4,INSOMNIA_TARGET,text,NO,,
medicalrecord,pemeriksaan_protokol_intervensi_baep_insomnia_detail,5,INSOMNIA_HASIL_EVALUASI,text,NO,,
medicalrecord,pemeriksaan_protokol_intervensi_baep_insomnia_detail,6,STATUS,tinyint,NO,MUL,
medicalrecord,pemeriksaan_protokol_intervensi_baep_kecemasan_detail,1,ID,int,NO,PRI,auto_increment
medicalrecord,pemeriksaan_protokol_intervensi_baep_kecemasan_detail,2,PROTOKOL_INTERVENSI_BAEP,int,NO,MUL,
medicalrecord,pemeriksaan_protokol_intervensi_baep_kecemasan_detail,3,KECEMASAN,tinyint,NO,MUL,
medicalrecord,pemeriksaan_protokol_intervensi_baep_kecemasan_detail,4,KECEMASAN_TARGET,text,NO,,
medicalrecord,pemeriksaan_protokol_intervensi_baep_kecemasan_detail,5,KECEMASAN_HASIL_EVALUASI,text,NO,,
medicalrecord,pemeriksaan_protokol_intervensi_baep_kecemasan_detail,6,STATUS,tinyint,NO,MUL,
medicalrecord,pemeriksaan_protokol_intervensi_baep_kognitif_detail,1,ID,int,NO,PRI,auto_increment
medicalrecord,pemeriksaan_protokol_intervensi_baep_kognitif_detail,2,PROTOKOL_INTERVENSI_BAEP,int,NO,MUL,
medicalrecord,pemeriksaan_protokol_intervensi_baep_kognitif_detail,3,KOGNITIF,tinyint,NO,MUL,
medicalrecord,pemeriksaan_protokol_intervensi_baep_kognitif_detail,4,KOGNITIF_TARGET,text,NO,,
medicalrecord,pemeriksaan_protokol_intervensi_baep_kognitif_detail,5,KOGNITIF_HASIL_EVALUASI,text,NO,,
medicalrecord,pemeriksaan_protokol_intervensi_baep_kognitif_detail,6,STATUS,tinyint,NO,MUL,
medicalrecord,pemeriksaan_protokol_intervensi_baep_motorik_detail,1,ID,int,NO,PRI,auto_increment
medicalrecord,pemeriksaan_protokol_intervensi_baep_motorik_detail,2,PROTOKOL_INTERVENSI_BAEP,int,NO,MUL,
medicalrecord,pemeriksaan_protokol_intervensi_baep_motorik_detail,3,MOTORIK,tinyint,NO,MUL,
medicalrecord,pemeriksaan_protokol_intervensi_baep_motorik_detail,4,MOTORIK_TARGET,text,NO,,
medicalrecord,pemeriksaan_protokol_intervensi_baep_motorik_detail,5,MOTORIK_HASIL_EVALUASI,text,NO,,
medicalrecord,pemeriksaan_protokol_intervensi_baep_motorik_detail,6,STATUS,tinyint,NO,MUL,
medicalrecord,pemeriksaan_protokol_intervensi_baep_protokolstimulasi_detail,1,ID,int,NO,PRI,auto_increment
medicalrecord,pemeriksaan_protokol_intervensi_baep_protokolstimulasi_detail,2,PROTOKOL_INTERVENSI_BAEP,int,NO,MUL,
medicalrecord,pemeriksaan_protokol_intervensi_baep_protokolstimulasi_detail,3,PROTOKOL_STIMULASI,tinyint,NO,MUL,
medicalrecord,pemeriksaan_protokol_intervensi_baep_protokolstimulasi_detail,4,PROTOKOLSTIMULASI_TARGET,text,NO,,
medicalrecord,pemeriksaan_protokol_intervensi_baep_protokolstimulasi_detail,5,PROTOKOLSTIMULASI_HASIL_EVALUASI,text,NO,,
medicalrecord,pemeriksaan_protokol_intervensi_baep_protokolstimulasi_detail,6,STATUS,tinyint,NO,MUL,
medicalrecord,pemeriksaan_protokol_intervensi_baep_sensorik_detail,1,ID,int,NO,PRI,auto_increment
medicalrecord,pemeriksaan_protokol_intervensi_baep_sensorik_detail,2,PROTOKOL_INTERVENSI_BAEP,int,NO,MUL,
medicalrecord,pemeriksaan_protokol_intervensi_baep_sensorik_detail,3,SENSORIK,tinyint,NO,MUL,
medicalrecord,pemeriksaan_protokol_intervensi_baep_sensorik_detail,4,SENSORIK_TARGET,text,NO,,
medicalrecord,pemeriksaan_protokol_intervensi_baep_sensorik_detail,5,SENSORIK_HASIL_EVALUASI,text,NO,,
medicalrecord,pemeriksaan_protokol_intervensi_baep_sensorik_detail,6,STATUS,tinyint,NO,MUL,
medicalrecord,pemeriksaan_protokol_intervensi_detail,1,ID,int,NO,PRI,auto_increment
medicalrecord,pemeriksaan_protokol_intervensi_detail,2,PROTOKOL_INTERVENSI,int,NO,MUL,
medicalrecord,pemeriksaan_protokol_intervensi_detail,3,PROTOKOL_SIMULASI,smallint,NO,MUL,
medicalrecord,pemeriksaan_protokol_intervensi_detail,4,FREKUENSI,"decimal(10,2)",NO,,
medicalrecord,pemeriksaan_protokol_intervensi_detail,5,STATUS,tinyint,NO,MUL,
medicalrecord,pemeriksaan_punggung,1,ID,int,NO,PRI,auto_increment
medicalrecord,pemeriksaan_punggung,2,KUNJUNGAN,char(19),NO,MUL,
medicalrecord,pemeriksaan_punggung,3,PENDAFTARAN,char(10),NO,MUL,
medicalrecord,pemeriksaan_punggung,4,ADA_KELAINAN,tinyint,YES,,
medicalrecord,pemeriksaan_punggung,5,DESKRIPSI,text,YES,,
medicalrecord,pemeriksaan_punggung,6,TANGGAL,timestamp,YES,,"DEFAULT_GENERATED on update CURRENT_TIMESTAMP"
medicalrecord,pemeriksaan_punggung,7,OLEH,smallint,NO,,
medicalrecord,pemeriksaan_punggung,8,STATUS,tinyint,NO,,
medicalrecord,pemeriksaan_rambut,1,ID,int,NO,PRI,auto_increment
medicalrecord,pemeriksaan_rambut,2,KUNJUNGAN,char(19),NO,MUL,
medicalrecord,pemeriksaan_rambut,3,PENDAFTARAN,char(10),NO,MUL,
medicalrecord,pemeriksaan_rambut,4,ADA_KELAINAN,tinyint,NO,,
medicalrecord,pemeriksaan_rambut,5,DESKRIPSI,text,YES,,
medicalrecord,pemeriksaan_rambut,6,TANGGAL,timestamp,YES,,"DEFAULT_GENERATED on update CURRENT_TIMESTAMP"
medicalrecord,pemeriksaan_rambut,7,OLEH,smallint,NO,,
medicalrecord,pemeriksaan_rambut,8,STATUS,tinyint,NO,,
medicalrecord,pemeriksaan_raven_test,1,ID,int,NO,PRI,auto_increment
medicalrecord,pemeriksaan_raven_test,2,KUNJUNGAN,char(19),NO,MUL,
medicalrecord,pemeriksaan_raven_test,3,SKORING,int,NO,,
medicalrecord,pemeriksaan_raven_test,4,PRESENTIL,int,NO,,
medicalrecord,pemeriksaan_raven_test,5,INTERPRETASI,varchar(5000),NO,,
medicalrecord,pemeriksaan_raven_test,6,ANJURAN,varchar(5000),NO,,
medicalrecord,pemeriksaan_raven_test,7,DIBUAT_TANGGAL,timestamp,NO,,"DEFAULT_GENERATED on update CURRENT_TIMESTAMP"
medicalrecord,pemeriksaan_raven_test,8,OLEH,tinyint,NO,,
medicalrecord,pemeriksaan_raven_test,9,STATUS,smallint,NO,,
medicalrecord,pemeriksaan_saluran_cernah_atas,1,ID,int,NO,PRI,auto_increment
medicalrecord,pemeriksaan_saluran_cernah_atas,2,KUNJUNGAN,char(19),NO,MUL,
medicalrecord,pemeriksaan_saluran_cernah_atas,3,ADA_KELAINAN,tinyint,NO,,
medicalrecord,pemeriksaan_saluran_cernah_atas,4,DARAH_SEGAR,tinyint,NO,,
medicalrecord,pemeriksaan_saluran_cernah_atas,5,HITAM,tinyint,NO,,
medicalrecord,pemeriksaan_saluran_cernah_atas,6,LENDIR,tinyint,NO,,
medicalrecord,pemeriksaan_saluran_cernah_atas,7,CAIR,tinyint,NO,,
medicalrecord,pemeriksaan_saluran_cernah_atas,8,BIASA,tinyint,NO,,
medicalrecord,pemeriksaan_saluran_cernah_atas,9,FREKUENSI,smallint,NO,,
medicalrecord,pemeriksaan_saluran_cernah_atas,10,TERATUR,tinyint,NO,,
medicalrecord,pemeriksaan_saluran_cernah_atas,11,KONSTIPASI,tinyint,NO,,
medicalrecord,pemeriksaan_saluran_cernah_atas,12,BAU_BUSUK_TINJA,tinyint,NO,,
medicalrecord,pemeriksaan_saluran_cernah_atas,13,BENTUK_TINJA,tinyint,NO,,
medicalrecord,pemeriksaan_saluran_cernah_atas,14,KENCING,tinyint,NO,,
medicalrecord,pemeriksaan_saluran_cernah_atas,15,DESKRIPSI,text,NO,,
medicalrecord,pemeriksaan_saluran_cernah_atas,16,TANGGAL,datetime,NO,,DEFAULT_GENERATED
medicalrecord,pemeriksaan_saluran_cernah_atas,17,OLEH,smallint,NO,,
medicalrecord,pemeriksaan_saluran_cernah_atas,18,STATUS,tinyint,NO,,
medicalrecord,pemeriksaan_saluran_cernah_bawah,1,ID,int,NO,PRI,auto_increment
medicalrecord,pemeriksaan_saluran_cernah_bawah,2,KUNJUNGAN,char(19),NO,MUL,
medicalrecord,pemeriksaan_saluran_cernah_bawah,3,ADA_KELAINAN,tinyint,NO,,
medicalrecord,pemeriksaan_saluran_cernah_bawah,4,RASA_TIDAK_ENAK,tinyint,NO,,
medicalrecord,pemeriksaan_saluran_cernah_bawah,5,RASA_PANAS,tinyint,NO,,
medicalrecord,pemeriksaan_saluran_cernah_bawah,6,RASA_MELILIT,tinyint,NO,,
medicalrecord,pemeriksaan_saluran_cernah_bawah,7,BIASA,tinyint,NO,,
medicalrecord,pemeriksaan_saluran_cernah_bawah,8,LOKALISASI,text,NO,,
medicalrecord,pemeriksaan_saluran_cernah_bawah,9,BERHUBUNGAN_DENGAN_MAKAN,tinyint,NO,,
medicalrecord,pemeriksaan_saluran_cernah_bawah,10,BANGUN_TENGAH_MALAM_KARENA_NYERI,tinyint,NO,,
medicalrecord,pemeriksaan_saluran_cernah_bawah,11,KEMBUNG,tinyint,NO,,
medicalrecord,pemeriksaan_saluran_cernah_bawah,12,CEPAT_KENYANG,tinyint,NO,,
medicalrecord,pemeriksaan_saluran_cernah_bawah,13,DESKRIPSI,text,NO,,
medicalrecord,pemeriksaan_saluran_cernah_bawah,14,TANGGAL,timestamp,YES,,"DEFAULT_GENERATED on update CURRENT_TIMESTAMP"
medicalrecord,pemeriksaan_saluran_cernah_bawah,15,OLEH,smallint,NO,,
medicalrecord,pemeriksaan_saluran_cernah_bawah,16,STATUS,tinyint,NO,MUL,
medicalrecord,pemeriksaan_tcd,1,ID,int,NO,PRI,auto_increment
medicalrecord,pemeriksaan_tcd,2,KUNJUNGAN,char(19),NO,MUL,
medicalrecord,pemeriksaan_tcd,3,KLINIS,tinytext,NO,,
medicalrecord,pemeriksaan_tcd,4,TEMUAN,tinytext,NO,,
medicalrecord,pemeriksaan_tcd,5,KESAN,tinytext,NO,,
medicalrecord,pemeriksaan_tcd,6,USUL,tinytext,NO,,
medicalrecord,pemeriksaan_tcd,7,DIBUAT_TANGGAL,timestamp,NO,,"DEFAULT_GENERATED on update CURRENT_TIMESTAMP"
medicalrecord,pemeriksaan_tcd,8,TANGGAL_PEMERIKSAAN,datetime,YES,,
medicalrecord,pemeriksaan_tcd,9,DOKTER,smallint,NO,,
medicalrecord,pemeriksaan_tcd,10,DOKUMENT,char(50),YES,,
medicalrecord,pemeriksaan_tcd,11,OLEH,smallint,NO,,
medicalrecord,pemeriksaan_tcd,12,STATUS,tinyint,NO,,
medicalrecord,pemeriksaan_tcd_window,1,ID,int,NO,PRI,auto_increment
medicalrecord,pemeriksaan_tcd_window,2,KUNJUNGAN,char(19),NO,MUL,
medicalrecord,pemeriksaan_tcd_window,3,REFERENSI_JENIS,mediumint,NO,,
medicalrecord,pemeriksaan_tcd_window,4,REFERENSI_ID,smallint,NO,,
medicalrecord,pemeriksaan_tcd_window,5,MAX,varchar(20),NO,,
medicalrecord,pemeriksaan_tcd_window,6,MEAN,varchar(20),NO,,
medicalrecord,pemeriksaan_tcd_window,7,PI,varchar(20),NO,,
medicalrecord,pemeriksaan_tcd_window,8,RI,varchar(20),NO,,
medicalrecord,pemeriksaan_tcd_window,9,DIBUAT_TANGGAL,timestamp,NO,,"DEFAULT_GENERATED on update CURRENT_TIMESTAMP"
medicalrecord,pemeriksaan_tcd_window,10,OLEH,smallint,NO,,
medicalrecord,pemeriksaan_tcd_window,11,STATUS,tinyint,NO,,
medicalrecord,pemeriksaan_telinga,1,ID,int,NO,PRI,auto_increment
medicalrecord,pemeriksaan_telinga,2,KUNJUNGAN,char(19),NO,MUL,
medicalrecord,pemeriksaan_telinga,3,PENDAFTARAN,char(10),NO,MUL,
medicalrecord,pemeriksaan_telinga,4,ADA_KELAINAN,tinyint,YES,,
medicalrecord,pemeriksaan_telinga,5,DESKRIPSI,text,YES,,
medicalrecord,pemeriksaan_telinga,6,TANGGAL,timestamp,YES,,"DEFAULT_GENERATED on update CURRENT_TIMESTAMP"
medicalrecord,pemeriksaan_telinga,7,OLEH,smallint,NO,,
medicalrecord,pemeriksaan_telinga,8,STATUS,tinyint,NO,,
medicalrecord,pemeriksaan_tenggorokan,1,ID,int,NO,PRI,auto_increment
medicalrecord,pemeriksaan_tenggorokan,2,KUNJUNGAN,char(19),NO,MUL,
medicalrecord,pemeriksaan_tenggorokan,3,PENDAFTARAN,char(10),NO,MUL,
medicalrecord,pemeriksaan_tenggorokan,4,ADA_KELAINAN,tinyint,NO,,
medicalrecord,pemeriksaan_tenggorokan,5,DESKRIPSI,text,YES,,
medicalrecord,pemeriksaan_tenggorokan,6,TANGGAL,timestamp,YES,,"DEFAULT_GENERATED on update CURRENT_TIMESTAMP"
medicalrecord,pemeriksaan_tenggorokan,7,OLEH,smallint,NO,,
medicalrecord,pemeriksaan_tenggorokan,8,STATUS,tinyint,NO,,
medicalrecord,pemeriksaan_tonsil,1,ID,int,NO,PRI,auto_increment
medicalrecord,pemeriksaan_tonsil,2,KUNJUNGAN,char(19),NO,MUL,
medicalrecord,pemeriksaan_tonsil,3,PENDAFTARAN,char(10),NO,MUL,
medicalrecord,pemeriksaan_tonsil,4,ADA_KELAINAN,tinyint,NO,,
medicalrecord,pemeriksaan_tonsil,5,DESKRIPSI,text,YES,,
medicalrecord,pemeriksaan_tonsil,6,TANGGAL,timestamp,YES,,"DEFAULT_GENERATED on update CURRENT_TIMESTAMP"
medicalrecord,pemeriksaan_tonsil,7,OLEH,smallint,NO,,
medicalrecord,pemeriksaan_tonsil,8,STATUS,tinyint,NO,,
medicalrecord,pemeriksaan_transfusi_darah,1,ID,int,NO,PRI,auto_increment
medicalrecord,pemeriksaan_transfusi_darah,2,KUNJUNGAN,char(19),NO,MUL,
medicalrecord,pemeriksaan_transfusi_darah,3,SESUAI_PERMINTAAN,tinyint,NO,,
medicalrecord,pemeriksaan_transfusi_darah,4,JENIS_DARAH,smallint,YES,,
medicalrecord,pemeriksaan_transfusi_darah,5,GOLOGAN_DARAH,smallint,NO,,
medicalrecord,pemeriksaan_transfusi_darah,6,RESUS,tinyint,NO,,
medicalrecord,pemeriksaan_transfusi_darah,7,JUMLAH_BAG,int,NO,,
medicalrecord,pemeriksaan_transfusi_darah,8,JUMLAH_CC,int,NO,,
medicalrecord,pemeriksaan_transfusi_darah,9,TANGGAL,timestamp,YES,,"DEFAULT_GENERATED on update CURRENT_TIMESTAMP"
medicalrecord,pemeriksaan_transfusi_darah,10,OLEH,smallint,NO,,
medicalrecord,pemeriksaan_transfusi_darah,11,STATUS,tinyint,NO,MUL,
medicalrecord,pemeriksaan_transfusi_darah_detail,1,ID,int,NO,PRI,auto_increment
medicalrecord,pemeriksaan_transfusi_darah_detail,2,TRANSFUSI_DARAH,int,NO,MUL,
medicalrecord,pemeriksaan_transfusi_darah_detail,3,NOMOR_KANTONG,varchar(60),NO,,
medicalrecord,pemeriksaan_transfusi_darah_detail,4,TANGGAL_KADALUARSA,date,YES,,
medicalrecord,pemeriksaan_transfusi_darah_detail,5,STATUS,tinyint,NO,MUL,
medicalrecord,pemeriksaan_tungkai_atas,1,ID,int,NO,PRI,auto_increment
medicalrecord,pemeriksaan_tungkai_atas,2,KUNJUNGAN,char(19),NO,MUL,
medicalrecord,pemeriksaan_tungkai_atas,3,PENDAFTARAN,char(10),NO,MUL,
medicalrecord,pemeriksaan_tungkai_atas,4,ADA_KELAINAN,tinyint,YES,,
medicalrecord,pemeriksaan_tungkai_atas,5,DESKRIPSI,text,YES,,
medicalrecord,pemeriksaan_tungkai_atas,6,SIMETRIS,smallint,NO,,
medicalrecord,pemeriksaan_tungkai_atas,7,GAYA_BERJALAN,smallint,NO,,
medicalrecord,pemeriksaan_tungkai_atas,8,DEXTRA_BENTUK,smallint,NO,,
medicalrecord,pemeriksaan_tungkai_atas,9,DEXTRA_PERUBAHAN_WARNA,smallint,NO,,
medicalrecord,pemeriksaan_tungkai_atas,10,DEXTRA_RABA_OTOT_TULANG,smallint,NO,,
medicalrecord,pemeriksaan_tungkai_atas,11,DEXTRA_BENJOLAN,smallint,NO,,
medicalrecord,pemeriksaan_tungkai_atas,12,DEXTRA_MOBILITAS,tinyint,NO,,
medicalrecord,pemeriksaan_tungkai_atas,13,DEXTRA_LOKASI_ARAH_JAM,smallint,NO,,
medicalrecord,pemeriksaan_tungkai_atas,14,DEXTRA_UKURAN_CM,"decimal(5,2)",YES,,
medicalrecord,pemeriksaan_tungkai_atas,15,DEXTRA_KONSISTENSI,smallint,NO,,
medicalrecord,pemeriksaan_tungkai_atas,16,DEXTRA_BENJOLAN_BENTUK,smallint,NO,,
medicalrecord,pemeriksaan_tungkai_atas,17,DEXTRA_BENJOLAN_BATAS,smallint,NO,,
medicalrecord,pemeriksaan_tungkai_atas,18,DEXTRA_KELENJAR_LIMPA,smallint,NO,,
medicalrecord,pemeriksaan_tungkai_atas,19,DEXTRA_PATELLA,smallint,NO,,
medicalrecord,pemeriksaan_tungkai_atas,20,DEXTRA_DRAWER_TEST,smallint,NO,,
medicalrecord,pemeriksaan_tungkai_atas,21,DEXTRA_LACHMAN_TEST,smallint,NO,,
medicalrecord,pemeriksaan_tungkai_atas,22,SINISTRA_BENTUK,smallint,NO,,
medicalrecord,pemeriksaan_tungkai_atas,23,SINISTRA_WARNA_KULIT,smallint,NO,,
medicalrecord,pemeriksaan_tungkai_atas,24,SINISTRA_RABA_OTOT_TULANG,smallint,NO,,
medicalrecord,pemeriksaan_tungkai_atas,25,SINISTRA_BENJOLAN,smallint,NO,,
medicalrecord,pemeriksaan_tungkai_atas,26,SINISTRA_MOBILITAS,tinyint,YES,,
medicalrecord,pemeriksaan_tungkai_atas,27,SINISTRA_LOKASI_ARAH_JAM,smallint,NO,,
medicalrecord,pemeriksaan_tungkai_atas,28,SINISTRA_UKURAN_CM,"decimal(5,2)",YES,,
medicalrecord,pemeriksaan_tungkai_atas,29,SINISTRA_KONSISTENSI,smallint,NO,,
medicalrecord,pemeriksaan_tungkai_atas,30,SINISTRA_BENJOLAN_BENTUK,smallint,NO,,
medicalrecord,pemeriksaan_tungkai_atas,31,SINISTRA_BENJOLAN_BATAS,smallint,NO,,
medicalrecord,pemeriksaan_tungkai_atas,32,SINISTRA_KELENJAR_LIMPA,smallint,NO,,
medicalrecord,pemeriksaan_tungkai_atas,33,SINISTRA_PATELLA,smallint,NO,,
medicalrecord,pemeriksaan_tungkai_atas,34,SINISTRA_DRAWER_TEST,smallint,NO,,
medicalrecord,pemeriksaan_tungkai_atas,35,SINISTRA_LACHMAN_TEST,smallint,NO,,
medicalrecord,pemeriksaan_tungkai_atas,36,TANGGAL,timestamp,YES,,"DEFAULT_GENERATED on update CURRENT_TIMESTAMP"
medicalrecord,pemeriksaan_tungkai_atas,37,OLEH,smallint,NO,,
medicalrecord,pemeriksaan_tungkai_atas,38,STATUS,tinyint,NO,MUL,
medicalrecord,pemeriksaan_tungkai_bawah,1,ID,int,NO,PRI,auto_increment
medicalrecord,pemeriksaan_tungkai_bawah,2,KUNJUNGAN,char(19),NO,MUL,
medicalrecord,pemeriksaan_tungkai_bawah,3,PENDAFTARAN,char(10),NO,MUL,
medicalrecord,pemeriksaan_tungkai_bawah,4,ADA_KELAINAN,tinyint,YES,,
medicalrecord,pemeriksaan_tungkai_bawah,5,DESKRIPSI,text,YES,,
medicalrecord,pemeriksaan_tungkai_bawah,6,SIMETRIS,smallint,NO,,
medicalrecord,pemeriksaan_tungkai_bawah,7,GAYA_BERJALAN,smallint,NO,,
medicalrecord,pemeriksaan_tungkai_bawah,8,DEXTRA_BENTUK,smallint,NO,,
medicalrecord,pemeriksaan_tungkai_bawah,9,DEXTRA_PERUBAHAN_WARNA,smallint,NO,,
medicalrecord,pemeriksaan_tungkai_bawah,10,DEXTRA_RABA_OTOT_TULANG,smallint,NO,,
medicalrecord,pemeriksaan_tungkai_bawah,11,DEXTRA_BENJOLAN,smallint,NO,,
medicalrecord,pemeriksaan_tungkai_bawah,12,DEXTRA_MOBILITAS,smallint,NO,,
medicalrecord,pemeriksaan_tungkai_bawah,13,DEXTRA_LOKASI_ARAH_JAM,smallint,NO,,
medicalrecord,pemeriksaan_tungkai_bawah,14,DEXTRA_UKURAN_CM,"decimal(5,2)",YES,,
medicalrecord,pemeriksaan_tungkai_bawah,15,DEXTRA_KONSISTENSI,smallint,NO,,
medicalrecord,pemeriksaan_tungkai_bawah,16,DEXTRA_BENJOLAN_BENTUK,smallint,NO,,
medicalrecord,pemeriksaan_tungkai_bawah,17,DEXTRA_BENJOLAN_BATAS,smallint,NO,,
medicalrecord,pemeriksaan_tungkai_bawah,18,DEXTRA_KELENJAR_LIMPA,smallint,NO,,
medicalrecord,pemeriksaan_tungkai_bawah,19,DEXTRA_PATELLA,smallint,NO,,
medicalrecord,pemeriksaan_tungkai_bawah,20,DEXTRA_DRAWER_TEST,smallint,NO,,
medicalrecord,pemeriksaan_tungkai_bawah,21,DEXTRA_LACHMAN_TEST,smallint,NO,,
medicalrecord,pemeriksaan_tungkai_bawah,22,SINISTRA_BENTUK,smallint,NO,,
medicalrecord,pemeriksaan_tungkai_bawah,23,SINISTRA_WARNA_KULIT,smallint,NO,,
medicalrecord,pemeriksaan_tungkai_bawah,24,SINISTRA_RABA_OTOT_TULANG,smallint,NO,,
medicalrecord,pemeriksaan_tungkai_bawah,25,SINISTRA_BENJOLAN,smallint,NO,,
medicalrecord,pemeriksaan_tungkai_bawah,26,SINISTRA_MOBILITAS,smallint,NO,,
medicalrecord,pemeriksaan_tungkai_bawah,27,SINISTRA_LOKASI_ARAH_JAM,smallint,NO,,
medicalrecord,pemeriksaan_tungkai_bawah,28,SINISTRA_UKURAN_CM,"decimal(5,2)",YES,,
medicalrecord,pemeriksaan_tungkai_bawah,29,SINISTRA_KONSISTENSI,smallint,NO,,
medicalrecord,pemeriksaan_tungkai_bawah,30,SINISTRA_BENJOLAN_BENTUK,smallint,NO,,
medicalrecord,pemeriksaan_tungkai_bawah,31,SINISTRA_BENJOLAN_BATAS,smallint,NO,,
medicalrecord,pemeriksaan_tungkai_bawah,32,SINISTRA_KELENJAR_LIMPA,smallint,NO,,
medicalrecord,pemeriksaan_tungkai_bawah,33,SINISTRA_PATELLA,smallint,NO,,
medicalrecord,pemeriksaan_tungkai_bawah,34,SINISTRA_DRAWER_TEST,smallint,NO,,
medicalrecord,pemeriksaan_tungkai_bawah,35,SINISTRA_LACHMAN_TEST,smallint,NO,,
medicalrecord,pemeriksaan_tungkai_bawah,36,TANGGAL,timestamp,YES,,"DEFAULT_GENERATED on update CURRENT_TIMESTAMP"
medicalrecord,pemeriksaan_tungkai_bawah,37,OLEH,smallint,NO,,
medicalrecord,pemeriksaan_tungkai_bawah,38,STATUS,tinyint,NO,MUL,
medicalrecord,pemeriksaan_usg_ginekologi,1,ID,int,NO,PRI,auto_increment
medicalrecord,pemeriksaan_usg_ginekologi,2,KUNJUNGAN,char(19),NO,MUL,
medicalrecord,pemeriksaan_usg_ginekologi,3,UTERUS_AF,tinyint,NO,,
medicalrecord,pemeriksaan_usg_ginekologi,4,UTERUS_RF,tinyint,NO,,
medicalrecord,pemeriksaan_usg_ginekologi,5,UTERUS_KONTUR_RATA,tinyint,NO,,
medicalrecord,pemeriksaan_usg_ginekologi,6,UTERUS_MIOMETRIUM,tinyint,NO,,
medicalrecord,pemeriksaan_usg_ginekologi,7,UKURAN_PANJANG,"decimal(6,2)",NO,,
medicalrecord,pemeriksaan_usg_ginekologi,8,UKURAN_TINGGI,"decimal(6,2)",NO,,
medicalrecord,pemeriksaan_usg_ginekologi,9,UKURAN_LEBAR,"decimal(6,2)",NO,,
medicalrecord,pemeriksaan_usg_ginekologi,10,UKURAN_VOLUME,"decimal(6,2)",NO,,
medicalrecord,pemeriksaan_usg_ginekologi,11,UKURAN_KELAINAN_DITEMUKAN,text,NO,,
medicalrecord,pemeriksaan_usg_ginekologi,12,CAVUM_UTERI_ENDOMETRIUM,smallint,NO,,
medicalrecord,pemeriksaan_usg_ginekologi,13,CAVUM_UTERI_KETEBALAN,"decimal(6,2)",NO,,
medicalrecord,pemeriksaan_usg_ginekologi,14,CAVUM_UTERI_KELAINAN_DITEMUKAN,text,NO,,
medicalrecord,pemeriksaan_usg_ginekologi,15,CERVIX_UTERI_PANJANG,"decimal(6,2)",NO,,
medicalrecord,pemeriksaan_usg_ginekologi,16,CERVIX_UTERI_TINGGI,"decimal(6,2)",NO,,
medicalrecord,pemeriksaan_usg_ginekologi,17,CERVIX_UTERI_LEBAR,"decimal(6,2)",NO,,
medicalrecord,pemeriksaan_usg_ginekologi,18,CERVIX_UTERI_KELAINAN_DITEMUKAN,text,NO,,
medicalrecord,pemeriksaan_usg_ginekologi,19,OVARIUM_KANAN_PANJANG,"decimal(6,2)",NO,,
medicalrecord,pemeriksaan_usg_ginekologi,20,OVARIUM_KANAN_TINGGI,"decimal(6,2)",NO,,
medicalrecord,pemeriksaan_usg_ginekologi,21,OVARIUM_KANAN_LEBAR,"decimal(6,2)",NO,,
medicalrecord,pemeriksaan_usg_ginekologi,22,OVARIUM_KANAN_VOLUME,"decimal(6,2)",NO,,
medicalrecord,pemeriksaan_usg_ginekologi,23,OVARIUM_KANAN_KELAINAN_DITEMUKAN,text,NO,,
medicalrecord,pemeriksaan_usg_ginekologi,24,TUBA_KANAN,smallint,NO,,
medicalrecord,pemeriksaan_usg_ginekologi,25,TUBA_KANAN_KELAINAN_DITEMUKAN,text,NO,,
medicalrecord,pemeriksaan_usg_ginekologi,26,OVARIUM_KIRI_PANJANG,"decimal(6,2)",NO,,
medicalrecord,pemeriksaan_usg_ginekologi,27,OVARIUM_KIRI_TINGGI,"decimal(6,2)",NO,,
medicalrecord,pemeriksaan_usg_ginekologi,28,OVARIUM_KIRI_LEBAR,"decimal(6,2)",NO,,
medicalrecord,pemeriksaan_usg_ginekologi,29,OVARIUM_KIRI_VOLUME,"decimal(6,2)",NO,,
medicalrecord,pemeriksaan_usg_ginekologi,30,OVARIUM_KIRI_KELAINAN_DITEMUKAN,text,NO,,
medicalrecord,pemeriksaan_usg_ginekologi,31,TUBA_KIRI,smallint,NO,,
medicalrecord,pemeriksaan_usg_ginekologi,32,TUBA_KIRI_KELAINAN_DITEMUKAN,text,NO,,
medicalrecord,pemeriksaan_usg_ginekologi,33,KAVUM_DOUGLASIS,smallint,NO,,
medicalrecord,pemeriksaan_usg_ginekologi,34,KAVUM_DOUGLASIS_KELAINAN_DITEMUKAN,text,NO,,
medicalrecord,pemeriksaan_usg_ginekologi,35,DOPPLER,smallint,NO,,
medicalrecord,pemeriksaan_usg_ginekologi,36,DOPPLER_HASIL,text,NO,,
medicalrecord,pemeriksaan_usg_ginekologi,37,DOPPLER_KELAINAN_DITEMUKAN,text,NO,,
medicalrecord,pemeriksaan_usg_ginekologi,38,LAIN_LAIN,text,NO,,
medicalrecord,pemeriksaan_usg_ginekologi,39,INTERPRETASI_SONOGRAFIS,text,NO,,
medicalrecord,pemeriksaan_usg_ginekologi,40,SARAN,text,NO,,
medicalrecord,pemeriksaan_usg_ginekologi,41,DOKUMENT,char(36),NO,,
medicalrecord,pemeriksaan_usg_ginekologi,42,DOKTER,smallint,NO,,
medicalrecord,pemeriksaan_usg_ginekologi,43,TANGGAL_PEMERIKSAAN,datetime,NO,,
medicalrecord,pemeriksaan_usg_ginekologi,44,TANGGAL,timestamp,NO,,"DEFAULT_GENERATED on update CURRENT_TIMESTAMP"
medicalrecord,pemeriksaan_usg_ginekologi,45,OLEH,smallint,NO,,
medicalrecord,pemeriksaan_usg_ginekologi,46,STATUS,tinyint,NO,MUL,
medicalrecord,pemeriksaan_usg_guilding,1,ID,int,NO,PRI,auto_increment
medicalrecord,pemeriksaan_usg_guilding,2,KUNJUNGAN,char(19),NO,MUL,
medicalrecord,pemeriksaan_usg_guilding,3,KLINIS,text,NO,,
medicalrecord,pemeriksaan_usg_guilding,4,TINDAKAN,char(11),NO,,
medicalrecord,pemeriksaan_usg_guilding,5,HASIL_PEMERIKSAAN,text,NO,,
medicalrecord,pemeriksaan_usg_guilding,6,KESAN_PEMERIKSAAN,text,NO,,
medicalrecord,pemeriksaan_usg_guilding,7,USULAN,text,NO,,
medicalrecord,pemeriksaan_usg_guilding,8,DOKTER,smallint,NO,,
medicalrecord,pemeriksaan_usg_guilding,9,TANGGAL_PEMERIKSAAN,datetime,NO,,"DEFAULT_GENERATED on update CURRENT_TIMESTAMP"
medicalrecord,pemeriksaan_usg_guilding,10,TANGGAL,timestamp,NO,,"DEFAULT_GENERATED on update CURRENT_TIMESTAMP"
medicalrecord,pemeriksaan_usg_guilding,11,OLEH,smallint,NO,,
medicalrecord,pemeriksaan_usg_guilding,12,STATUS,tinyint,NO,,
medicalrecord,penanda_gambar,1,ID,int,NO,PRI,auto_increment
medicalrecord,penanda_gambar,2,KUNJUNGAN,char(19),YES,MUL,
medicalrecord,penanda_gambar,3,TEMPLATE,int,YES,MUL,
medicalrecord,penanda_gambar,4,KETERANGAN,varchar(100),YES,,
medicalrecord,penanda_gambar,5,TANGGAL,timestamp,YES,,"DEFAULT_GENERATED on update CURRENT_TIMESTAMP"
medicalrecord,penanda_gambar,6,FINAL,tinyint,YES,MUL,
medicalrecord,penanda_gambar,7,DOCUMENT_ID,char(36),YES,,
medicalrecord,penanda_gambar,8,OLEH,int,YES,,
medicalrecord,penanda_gambar,9,STATUS,tinyint,YES,MUL,
medicalrecord,penanda_gambar_detail,1,ID,int,NO,PRI,auto_increment
medicalrecord,penanda_gambar_detail,2,PENANDA,int,NO,MUL,
medicalrecord,penanda_gambar_detail,3,NOMOR,int,NO,,
medicalrecord,penanda_gambar_detail,4,TIPE,int,NO,,
medicalrecord,penanda_gambar_detail,5,NAMA_TIPE,varchar(15),YES,,
medicalrecord,penanda_gambar_detail,6,KORDINATX,int,YES,,
medicalrecord,penanda_gambar_detail,7,KORDINATY,int,YES,,
medicalrecord,penanda_gambar_detail,8,WARNA,varchar(15),YES,,
medicalrecord,penanda_gambar_detail,9,PATH,longtext,YES,,
medicalrecord,penanda_gambar_detail,10,WARNA_LATAR,varchar(15),YES,,
medicalrecord,penanda_gambar_detail,11,KETERANGAN,text,YES,,
medicalrecord,penanda_gambar_detail,12,TANGGAL,timestamp,YES,,"DEFAULT_GENERATED on update CURRENT_TIMESTAMP"
medicalrecord,penanda_gambar_detail,13,OLEH,int,YES,,
medicalrecord,penanda_gambar_detail,14,STATUS,tinyint,YES,,
medicalrecord,pengkajian_mpp,1,ID,int,NO,PRI,auto_increment
medicalrecord,pengkajian_mpp,2,SKRINING,int,NO,MUL,
medicalrecord,pengkajian_mpp,3,SP_USIA_DAN_KONDISI_MEDIS,tinyint,NO,,
medicalrecord,pengkajian_mpp,4,SP_ASUHAN_BIAYA_TINGGI,tinyint,NO,,
medicalrecord,pengkajian_mpp,5,SP_RISIKO_TINGGI_PASIEN,tinyint,NO,,
medicalrecord,pengkajian_mpp,6,SP_STATUS_FUNGSIONAL_RENDAH,tinyint,NO,,
medicalrecord,pengkajian_mpp,7,SP_KASUS_PENYAKIT_KRONIS,tinyint,NO,,
medicalrecord,pengkajian_mpp,8,SP_MASALAH_PEMBIAYAAN,tinyint,NO,,
medicalrecord,pengkajian_mpp,9,SP_RISIKO_LOS_PANJANG,tinyint,NO,,
medicalrecord,pengkajian_mpp,10,SP_POTENSI_KOMPLAIN_TINGGI,tinyint,NO,,
medicalrecord,pengkajian_mpp,11,SP_POTENSI_READMISI,tinyint,NO,,
medicalrecord,pengkajian_mpp,12,SP_MASALAH_PSIKOSOSIAL,tinyint,NO,,
medicalrecord,pengkajian_mpp,13,SP_PENGGUNAAN_ALAT_MEDIS,tinyint,NO,,
medicalrecord,pengkajian_mpp,14,SP_RENCANA_PEMULANGAN_BERISIKO,tinyint,NO,,
medicalrecord,pengkajian_mpp,15,AP_FISIK_FUNGSIONAL_HEMODINAMIK,text,YES,,
medicalrecord,pengkajian_mpp,16,AP_RIWAYAT_KESEHATAN,text,YES,,
medicalrecord,pengkajian_mpp,17,AP_PERILAKU_PSIKO_SOSIO_SPIRITUAL_KULTURAL,text,YES,,
medicalrecord,pengkajian_mpp,18,AP_KESEHATAN_MENTAL,text,YES,,
medicalrecord,pengkajian_mpp,19,AP_DUKUNGAN_KELUARGA_SUPPORT_SYSTEM,tinyint,NO,,
medicalrecord,pengkajian_mpp,20,AP_FINANSIAL,tinyint,NO,,
medicalrecord,pengkajian_mpp,21,AP_KETERANGAN_FINANSIAL,text,YES,,
medicalrecord,pengkajian_mpp,22,AP_STATUS_ASURANSI,tinyint,NO,,
medicalrecord,pengkajian_mpp,23,AP_KETERANGAN_STATUS_ASURANSI,text,YES,,
medicalrecord,pengkajian_mpp,24,AP_RIWAYAT_OBAT_ALTERNATIF,tinyint,NO,,
medicalrecord,pengkajian_mpp,25,AP_KETERANGAN_RIWAYAT_OBAT_ALTERNATIF,text,YES,,
medicalrecord,pengkajian_mpp,26,AP_RIWAYAT_TRAUMA_KEKERASAN,tinyint,NO,,
medicalrecord,pengkajian_mpp,27,AP_KETERANGAN_RIWAYAT_TRAUMA_KEKERASAN,text,YES,,
medicalrecord,pengkajian_mpp,28,AP_KETERANGAN_HARAPAN_HASIL_ASUHAN,text,YES,,
medicalrecord,pengkajian_mpp,29,AP_ASPEK_LEGAL,tinyint,NO,,
medicalrecord,pengkajian_mpp,30,AP_KETERANGAN_ASPEK_LEGAL,text,YES,,
medicalrecord,pengkajian_mpp,31,IM_PENATALAKSANAAN,tinyint,NO,,
medicalrecord,pengkajian_mpp,32,IM_TERKINI,tinyint,NO,,
medicalrecord,pengkajian_mpp,33,IM_OBAT,tinyint,NO,,
medicalrecord,pengkajian_mpp,34,IM_CEKDIET,tinyint,NO,,
medicalrecord,pengkajian_mpp,35,IM_TINGKAT_ASUHAN_TIDAK_SESUAI_PANDUAN,tinyint,NO,,
medicalrecord,pengkajian_mpp,36,IM_KETERANGAN_KENDALA_KEUANGAN,text,YES,,
medicalrecord,pengkajian_mpp,37,IM_KENDALA_KEUANGAN,tinyint,NO,,
medicalrecord,pengkajian_mpp,38,IM_OVERUTILIZATION_PELAYANAN_PANDUAN,tinyint,NO,,
medicalrecord,pengkajian_mpp,39,IM_PENURUNAN_HARAPAN_SEMBUH,tinyint,NO,,
medicalrecord,pengkajian_mpp,40,IM_PASIEN_READMISI,tinyint,NO,,
medicalrecord,pengkajian_mpp,41,IM_PEMULANGAN_TIDAK_SESUAI_KRITERIA,tinyint,NO,,
medicalrecord,pengkajian_mpp,42,IM_PEMULANGAN_TERTUNDA,tinyint,NO,,
medicalrecord,pengkajian_mpp,43,IM_KEPATUHAN_PASIEN,tinyint,NO,,
medicalrecord,pengkajian_mpp,44,IM_DUKUNGAN_KELUARGA_KURANG,tinyint,NO,,
medicalrecord,pengkajian_mpp,45,IM_PROSES_PENYAKIT_DIAGNOSA_PENATALAKSANAAN,tinyint,NO,,
medicalrecord,pengkajian_mpp,46,IM_KONDISI_TERKINI,tinyint,NO,,
medicalrecord,pengkajian_mpp,47,IM_PENGOBATAN,tinyint,NO,,
medicalrecord,pengkajian_mpp,48,IM_DIET,tinyint,NO,,
medicalrecord,pengkajian_mpp,49,IH_DIAGNOSIS,varchar(150),NO,,
medicalrecord,pengkajian_mpp,50,IH_TERAPI_OBAT_TINDAKAN,varchar(150),NO,,
medicalrecord,pengkajian_mpp,51,IH_FUNGSI_FISIK_MENTAL,varchar(150),NO,,
medicalrecord,pengkajian_mpp,52,IH_LAIN_LAIN,varchar(150),NO,,
medicalrecord,pengkajian_mpp,53,SM_ASUHAN_PASIEN_SELAMADIRAWAT,tinyint,NO,,
medicalrecord,pengkajian_mpp,54,SM_PASIEN_KELUARGA_SELAMADIRAWAT,tinyint,NO,,
medicalrecord,pengkajian_mpp,55,SM_PASIEN_KELUARGA_PAHAM,tinyint,NO,,
medicalrecord,pengkajian_mpp,56,SM_PROSES_PENYAKIT_DAN_PENATA_PELAKSANAANNYA,tinyint,NO,,
medicalrecord,pengkajian_mpp,57,SM_KONDISI_TERKINI,tinyint,NO,,
medicalrecord,pengkajian_mpp,58,SM_OBAT_ATURAN_PAKAI_DAN_KEGUNAANNYA,tinyint,NO,,
medicalrecord,pengkajian_mpp,59,SM_DIET,tinyint,NO,,
medicalrecord,pengkajian_mpp,60,SM_PASIEN_MENDAPATKAN_TEMPAT_RUJUKAN_YANG_SESUAI,tinyint,NO,,
medicalrecord,pengkajian_mpp,61,SM_PASIEN_KELUARGA_MENDAPATKAN_EDUKASI,tinyint,NO,,
medicalrecord,pengkajian_mpp,62,SM_LAINNYA,tinyint,NO,,
medicalrecord,pengkajian_mpp,63,SM_SELAINNYA,varchar(150),NO,,
medicalrecord,pengkajian_mpp,64,SM_LAIN,varchar(150),NO,,
medicalrecord,pengkajian_mpp,65,SM_DUKUNGAN_KELUARGA,tinyint,NO,,
medicalrecord,pengkajian_mpp,66,SM_TANGGUNGAN_PEMBAYARAN,tinyint,NO,,
medicalrecord,pengkajian_mpp,67,SM_KEPUTUSAN_PASIEN_KELUARGA,tinyint,NO,,
medicalrecord,pengkajian_mpp,68,SM_KEMANDIRIAN_PERAWATAN,tinyint,NO,,
medicalrecord,pengkajian_mpp,69,SM_KELUHAN_LAYANAN,tinyint,NO,,
medicalrecord,pengkajian_mpp,70,SM_LAIN_LAINNYA,tinyint,NO,,
medicalrecord,pengkajian_mpp,71,PM_PENDEKATAN,tinyint,NO,,
medicalrecord,pengkajian_mpp,72,PM_DIAGNOSIS_PROGNOSIS,tinyint,NO,,
medicalrecord,pengkajian_mpp,73,PM_PARTISIPASI,tinyint,NO,,
medicalrecord,pengkajian_mpp,74,PM_FASILITASI_KOORDINASI,tinyint,NO,,
medicalrecord,pengkajian_mpp,75,PM_VALIDASI,tinyint,NO,,
medicalrecord,pengkajian_mpp,76,PM_LAINNYA,tinyint,NO,,
medicalrecord,pengkajian_mpp,77,PM_LAIN_LAINNYA,varchar(150),NO,,
medicalrecord,pengkajian_mpp,78,PM_MENANGANI_MASALAH,tinyint,NO,,
medicalrecord,pengkajian_mpp,79,PM_DOA,tinyint,NO,,
medicalrecord,pengkajian_mpp,80,PM_MONITORING_EVALUASI,tinyint,NO,,
medicalrecord,pengkajian_mpp,81,PM_JOIN_MEETING,tinyint,NO,,
medicalrecord,pengkajian_mpp,82,PM_KOLABORASI,tinyint,NO,,
medicalrecord,pengkajian_mpp,83,PM_KETERANGAN_KOLABORASI,text,YES,,
medicalrecord,pengkajian_mpp,84,PM_KOLABORASI_PENJAMIN,tinyint,NO,,
medicalrecord,pengkajian_mpp,85,PM_KOLABORASI_KEUANGAN,tinyint,NO,,
medicalrecord,pengkajian_mpp,86,PM_KOLABORASI_CUSTOMER_SERVICE,tinyint,NO,,
medicalrecord,pengkajian_mpp,87,PM_KOLABORASI_HUMAS,tinyint,NO,,
medicalrecord,pengkajian_mpp,88,PM_KOLABORASI_LAINNYA,tinyint,NO,,
medicalrecord,pengkajian_mpp,89,PM_PENDAMPINGAN_MEMERLUKAN,tinyint,NO,,
medicalrecord,pengkajian_mpp,90,PM_PENDAMPINGAN_TIDAK_MEMERLUKAN,tinyint,NO,,
medicalrecord,pengkajian_mpp,91,PASIEN_KELUARGA_MENGETAHUI,varchar(150),NO,,
medicalrecord,pengkajian_mpp,92,WAKTU_PEMERIKSAAN,datetime,NO,,
medicalrecord,pengkajian_mpp,93,TANGGAL,timestamp,NO,,"DEFAULT_GENERATED on update CURRENT_TIMESTAMP"
medicalrecord,pengkajian_mpp,94,OLEH,smallint,NO,,
medicalrecord,pengkajian_mpp,95,STATUS,tinyint,NO,MUL,
medicalrecord,penilaian_ballance_cairan,1,ID,int,NO,PRI,auto_increment
medicalrecord,penilaian_ballance_cairan,2,KUNJUNGAN,char(19),NO,MUL,
medicalrecord,penilaian_ballance_cairan,3,INTAKE_ORAL,"decimal(10,2)",NO,,
medicalrecord,penilaian_ballance_cairan,4,INTAKE_NGT,"decimal(10,2)",NO,,
medicalrecord,penilaian_ballance_cairan,5,KONSUMSI_JUMLAH,"decimal(10,2)",NO,,
medicalrecord,penilaian_ballance_cairan,6,TRANSFUSI_PRODUK,varchar(300),NO,,
medicalrecord,penilaian_ballance_cairan,7,TRANSFUSI_PRODUK_JUMLAH,"decimal(10,2)",NO,,
medicalrecord,penilaian_ballance_cairan,8,OUTPUT_ORAL,"decimal(10,2)",NO,,
medicalrecord,penilaian_ballance_cairan,9,OUTPUT_NGT,"decimal(10,2)",YES,,
medicalrecord,penilaian_ballance_cairan,10,KELOMPOK_USIA,int,NO,,
medicalrecord,penilaian_ballance_cairan,11,UMUR,int,NO,,
medicalrecord,penilaian_ballance_cairan,12,HITUNG_IWL,int,NO,,
medicalrecord,penilaian_ballance_cairan,13,URINE_WARNAH,smallint,NO,,
medicalrecord,penilaian_ballance_cairan,14,URINE_JUMLAH,"decimal(10,2)",NO,,
medicalrecord,penilaian_ballance_cairan,15,PENDARAHAN_JUMLAH,"decimal(10,2)",NO,,
medicalrecord,penilaian_ballance_cairan,16,BERAT_BADAN,"decimal(10,2)",NO,,
medicalrecord,penilaian_ballance_cairan,17,SPOOLING_CATHETER,tinyint,NO,,
medicalrecord,penilaian_ballance_cairan,18,KOREKSI_USIA,int,NO,,
medicalrecord,penilaian_ballance_cairan,19,WAKTU,int,NO,,
medicalrecord,penilaian_ballance_cairan,20,PREMATUR,tinyint,NO,,
medicalrecord,penilaian_ballance_cairan,21,KHUSUS_HD,tinyint(1),NO,,
medicalrecord,penilaian_ballance_cairan,22,CAIRAN_URINE,"decimal(10,2)",NO,,
medicalrecord,penilaian_ballance_cairan,23,CAIRAN_SPOOLING,"decimal(10,2)",NO,,
medicalrecord,penilaian_ballance_cairan,24,KONSUMSI,smallint,NO,,
medicalrecord,penilaian_ballance_cairan,25,FASES_TESKTUR,smallint,NO,,
medicalrecord,penilaian_ballance_cairan,26,FASES_WARNAH,smallint,NO,,
medicalrecord,penilaian_ballance_cairan,27,IWL_BAYI,int,NO,,
medicalrecord,penilaian_ballance_cairan,28,FASES_JUMLAH,"decimal(10,2)",NO,,
medicalrecord,penilaian_ballance_cairan,29,ULTRAFILTRASI,"decimal(10,2)",NO,,
medicalrecord,penilaian_ballance_cairan,30,IWL_SUHU_NORMAL,"decimal(10,2)",NO,,
medicalrecord,penilaian_ballance_cairan,31,NILAI_KONSTANTA,"decimal(10,2)",NO,,
medicalrecord,penilaian_ballance_cairan,32,IWL_KENAIKAN_SUHU,"decimal(10,2)",NO,,
medicalrecord,penilaian_ballance_cairan,33,TOTAL_INTAKE,"decimal(10,2)",NO,,
medicalrecord,penilaian_ballance_cairan,34,TOTAL_OUTPUT,"decimal(10,2)",NO,,
medicalrecord,penilaian_ballance_cairan,35,VOLUME_OUTPUT,"decimal(10,2)",NO,,
medicalrecord,penilaian_ballance_cairan,36,VOLUME_INTAKE,"decimal(10,2)",NO,,
medicalrecord,penilaian_ballance_cairan,37,VOLUME_BALANCE,"decimal(10,2)",NO,,
medicalrecord,penilaian_ballance_cairan,38,TOTAL_IWL,"decimal(10,2)",NO,,
medicalrecord,penilaian_ballance_cairan,39,SKOR_BALLANCER_CAIRAN,"decimal(10,2)",NO,,
medicalrecord,penilaian_ballance_cairan,40,SUHU,"decimal(10,2)",NO,,
medicalrecord,penilaian_ballance_cairan,41,WAKTU_PEMERIKSAAN,datetime,NO,,
medicalrecord,penilaian_ballance_cairan,42,FINAL_BALANCE,int,NO,MUL,
medicalrecord,penilaian_ballance_cairan,43,BALANCE_DATE,date,NO,,
medicalrecord,penilaian_ballance_cairan,44,TANGGAL,timestamp,NO,,"DEFAULT_GENERATED on update CURRENT_TIMESTAMP"
medicalrecord,penilaian_ballance_cairan,45,OLEH,smallint,NO,,
medicalrecord,penilaian_ballance_cairan,46,STATUS,tinyint,NO,,
medicalrecord,penilaian_ballance_cairan_detail,1,ID,int,NO,PRI,auto_increment
medicalrecord,penilaian_ballance_cairan_detail,2,BALLANCE_CAIRAN,int,NO,MUL,
medicalrecord,penilaian_ballance_cairan_detail,3,KELOMPOK,tinyint,NO,MUL,
medicalrecord,penilaian_ballance_cairan_detail,4,DESKRIPSI,varchar(300),NO,,
medicalrecord,penilaian_ballance_cairan_detail,5,REFERENSI,smallint,NO,,
medicalrecord,penilaian_ballance_cairan_detail,6,JENIS,smallint,NO,,
medicalrecord,penilaian_ballance_cairan_detail,7,JUMLAH,"decimal(10,2)",NO,,
medicalrecord,penilaian_ballance_cairan_detail,8,STATUS,tinyint,NO,MUL,
medicalrecord,penilaian_barthel_index,1,ID,int,NO,PRI,auto_increment
medicalrecord,penilaian_barthel_index,2,KUNJUNGAN,char(19),NO,,
medicalrecord,penilaian_barthel_index,3,PENDAFTARAN,char(10),NO,,
medicalrecord,penilaian_barthel_index,4,TANGGAL,date,NO,,
medicalrecord,penilaian_barthel_index,5,SEBELUM_SAKIT,tinyint,NO,,
medicalrecord,penilaian_barthel_index,6,KENDALI_RANGSANG_DEFEKASI,tinyint,YES,,
medicalrecord,penilaian_barthel_index,7,KENDALI_RANGSANG_KEMIH,tinyint,YES,,
medicalrecord,penilaian_barthel_index,8,BERSIH_DIRI,tinyint,YES,,
medicalrecord,penilaian_barthel_index,9,PENGGUNAAN_JAMBAN,tinyint,YES,,
medicalrecord,penilaian_barthel_index,10,MAKAN,tinyint,YES,,
medicalrecord,penilaian_barthel_index,11,PERUBAHAN_SIKAP,tinyint,YES,,
medicalrecord,penilaian_barthel_index,12,PINDAH_JALAN,tinyint,YES,,
medicalrecord,penilaian_barthel_index,13,PAKAI_BAJU,tinyint,YES,,
medicalrecord,penilaian_barthel_index,14,NAIK_TURUN_TANGGA,tinyint,YES,,
medicalrecord,penilaian_barthel_index,15,MANDI,tinyint,YES,,
medicalrecord,penilaian_barthel_index,16,DIBUAT_TANGGAL,timestamp,NO,,"DEFAULT_GENERATED on update CURRENT_TIMESTAMP"
medicalrecord,penilaian_barthel_index,17,OLEH,smallint,NO,,
medicalrecord,penilaian_barthel_index,18,STATUS,tinyint,NO,,
medicalrecord,penilaian_barthel_index_modifikasi,1,ID,int,NO,PRI,auto_increment
medicalrecord,penilaian_barthel_index_modifikasi,2,KUNJUNGAN,varchar(19),NO,MUL,
medicalrecord,penilaian_barthel_index_modifikasi,3,KESADARAN,tinyint,NO,,
medicalrecord,penilaian_barthel_index_modifikasi,4,OBSERVASI_TTV,tinyint,NO,,
medicalrecord,penilaian_barthel_index_modifikasi,5,PERNAPASAN,tinyint,NO,,
medicalrecord,penilaian_barthel_index_modifikasi,6,KEBERSIHAN_DIRI_DAN_BERPAKAIAN,tinyint,NO,,
medicalrecord,penilaian_barthel_index_modifikasi,7,MAKAN_DAN_MINUM,tinyint,NO,,
medicalrecord,penilaian_barthel_index_modifikasi,8,PENGOBATAN,tinyint,NO,,
medicalrecord,penilaian_barthel_index_modifikasi,9,MOBILISASI,tinyint,NO,,
medicalrecord,penilaian_barthel_index_modifikasi,10,ELIMINASI,tinyint,NO,,
medicalrecord,penilaian_barthel_index_modifikasi,11,TANGGAL_PENILAIAN,date,NO,,
medicalrecord,penilaian_barthel_index_modifikasi,12,SKOR_SEBELUM_SAKIT,int,NO,,
medicalrecord,penilaian_barthel_index_modifikasi,13,TANGGAL_DIBUAT,timestamp,NO,,DEFAULT_GENERATED
medicalrecord,penilaian_barthel_index_modifikasi,14,OLEH,smallint,NO,,
medicalrecord,penilaian_barthel_index_modifikasi,15,STATUS,tinyint,NO,,
medicalrecord,penilaian_dekubitus,1,ID,int,NO,PRI,auto_increment
medicalrecord,penilaian_dekubitus,2,KUNJUNGAN,char(19),NO,UNI,
medicalrecord,penilaian_dekubitus,3,KONDISI_FISIK,tinyint,NO,,
medicalrecord,penilaian_dekubitus,4,KESADARAN,tinyint,NO,,
medicalrecord,penilaian_dekubitus,5,AKTIVITAS,tinyint,NO,,
medicalrecord,penilaian_dekubitus,6,MOBILITAS,tinyint,NO,,
medicalrecord,penilaian_dekubitus,7,INKONTINENSIA,tinyint,NO,,
medicalrecord,penilaian_dekubitus,8,TANGGAL,timestamp,NO,,"DEFAULT_GENERATED on update CURRENT_TIMESTAMP"
medicalrecord,penilaian_dekubitus,9,OLEH,smallint,NO,,
medicalrecord,penilaian_dekubitus,10,STATUS,tinyint,NO,,
medicalrecord,penilaian_epfra,1,ID,int,NO,PRI,auto_increment
medicalrecord,penilaian_epfra,2,KUNJUNGAN,char(19),NO,MUL,
medicalrecord,penilaian_epfra,3,USIA,tinyint,NO,MUL,
medicalrecord,penilaian_epfra,4,STATUS_MENTAL,tinyint,NO,MUL,
medicalrecord,penilaian_epfra,5,ELIMINASI,tinyint,NO,MUL,
medicalrecord,penilaian_epfra,6,MEDIKASI,tinyint,NO,MUL,
medicalrecord,penilaian_epfra,7,DIAGNOSIS,tinyint,NO,MUL,
medicalrecord,penilaian_epfra,8,AMBULASI,tinyint,NO,MUL,
medicalrecord,penilaian_epfra,9,NUTRISI,tinyint,NO,MUL,
medicalrecord,penilaian_epfra,10,GANGGUAN_TIDUR,tinyint,NO,MUL,
medicalrecord,penilaian_epfra,11,RIWAYAT_JATUH,tinyint,NO,MUL,
medicalrecord,penilaian_epfra,12,TANGGAL,timestamp,NO,,"DEFAULT_GENERATED on update CURRENT_TIMESTAMP"
medicalrecord,penilaian_epfra,13,OLEH,smallint,NO,,
medicalrecord,penilaian_epfra,14,STATUS,tinyint,NO,MUL,
medicalrecord,penilaian_fisik,1,ID,int,NO,PRI,auto_increment
medicalrecord,penilaian_fisik,2,KUNJUNGAN,char(19),YES,MUL,
medicalrecord,penilaian_fisik,3,DESKRIPSI,text,YES,,
medicalrecord,penilaian_fisik,4,TANGGAL,timestamp,YES,,"DEFAULT_GENERATED on update CURRENT_TIMESTAMP"
medicalrecord,penilaian_fisik,5,OLEH,smallint,YES,,
medicalrecord,penilaian_fisik,6,STATUS,tinyint,YES,,
medicalrecord,penilaian_getup_and_go,1,ID,int,NO,PRI,auto_increment
medicalrecord,penilaian_getup_and_go,2,KUNJUNGAN,char(19),NO,UNI,
medicalrecord,penilaian_getup_and_go,3,CARA_BERJALAN_PASIEN,tinyint,NO,,
medicalrecord,penilaian_getup_and_go,4,FAKTOR_RESIKO,tinyint,NO,,
medicalrecord,penilaian_getup_and_go,5,OBAT_YANG_DIMINUM,tinyint,NO,,
medicalrecord,penilaian_getup_and_go,6,TANGGAL,timestamp,NO,,"DEFAULT_GENERATED on update CURRENT_TIMESTAMP"
medicalrecord,penilaian_getup_and_go,7,OLEH,smallint,NO,,
medicalrecord,penilaian_getup_and_go,8,STATUS,tinyint,NO,,
medicalrecord,penilaian_grace_risk_skor,1,ID,int,NO,PRI,auto_increment
medicalrecord,penilaian_grace_risk_skor,2,KUNJUNGAN,char(19),NO,MUL,
medicalrecord,penilaian_grace_risk_skor,3,TANGGAL,datetime,NO,,
medicalrecord,penilaian_grace_risk_skor,4,USIA,tinyint,NO,,
medicalrecord,penilaian_grace_risk_skor,5,RIWAYAT_GAGAL_JANTUNG,tinyint,NO,,
medicalrecord,penilaian_grace_risk_skor,6,RIWAYAT_SERANGAN_JANTUNG,tinyint,NO,,
medicalrecord,penilaian_grace_risk_skor,7,HEART_RATE,"decimal(10,2)",YES,,
medicalrecord,penilaian_grace_risk_skor,8,SYSTOLIC_ARTERIAL_PRESSURE,"decimal(10,2)",YES,,
medicalrecord,penilaian_grace_risk_skor,9,DEPRESI_SEGMEN_ST,tinyint,NO,,
medicalrecord,penilaian_grace_risk_skor,10,SERUM_CREATININE_POINTS,"decimal(10,2)",YES,,
medicalrecord,penilaian_grace_risk_skor,11,ELEVATED_ENZYMES_OR_MARKERS,tinyint,NO,,
medicalrecord,penilaian_grace_risk_skor,12,NO_PERCUTANEOUS_REVASCULARISATION,tinyint,NO,,
medicalrecord,penilaian_grace_risk_skor,13,TOTAL_SKOR,smallint,NO,,
medicalrecord,penilaian_grace_risk_skor,14,DIBUAT_TANGGAL,timestamp,NO,MUL,"DEFAULT_GENERATED on update CURRENT_TIMESTAMP"
medicalrecord,penilaian_grace_risk_skor,15,OLEH,smallint,NO,,
medicalrecord,penilaian_grace_risk_skor,16,BATAL_OLEH,smallint,NO,,
medicalrecord,penilaian_grace_risk_skor,17,ALASAN_BATAL,tinyint,NO,,
medicalrecord,penilaian_grace_risk_skor,18,STATUS,tinyint,NO,,
medicalrecord,penilaian_killip_class,1,ID,int,NO,PRI,auto_increment
medicalrecord,penilaian_killip_class,2,KUNJUNGAN,char(19),NO,MUL,
medicalrecord,penilaian_killip_class,3,RONKI,int,NO,,
medicalrecord,penilaian_killip_class,4,RONKI_ADA,int,NO,,
medicalrecord,penilaian_killip_class,5,S3_GALLOP,int,NO,,
medicalrecord,penilaian_killip_class,6,TEKANAN_DARAH_SISTOLIK,int,NO,,
medicalrecord,penilaian_killip_class,7,TEKANAN_DARAH_SISTOLIK_YA,"decimal(10,2)",NO,,
medicalrecord,penilaian_killip_class,8,MEAN_ARTERIAL_PRESSURE,int,NO,,
medicalrecord,penilaian_killip_class,9,MEAN_ARTERIAL_PRESSURE_YA,"decimal(10,2)",NO,,
medicalrecord,penilaian_killip_class,10,TANGGAL_PENILAIAN,datetime,NO,,
medicalrecord,penilaian_killip_class,11,DIBUAT_TANGGAL,timestamp,NO,,"DEFAULT_GENERATED on update CURRENT_TIMESTAMP"
medicalrecord,penilaian_killip_class,12,OLEH,smallint,NO,MUL,
medicalrecord,penilaian_killip_class,13,BATAL_OLEH,smallint,NO,,
medicalrecord,penilaian_killip_class,14,ALASAN_BATAL,tinyint,NO,,
medicalrecord,penilaian_killip_class,15,STATUS,tinyint,NO,MUL,
medicalrecord,penilaian_nyeri,1,ID,int,NO,PRI,auto_increment
medicalrecord,penilaian_nyeri,2,KUNJUNGAN,char(19),NO,MUL,
medicalrecord,penilaian_nyeri,3,NYERI,smallint,YES,,
medicalrecord,penilaian_nyeri,4,ONSET,smallint,YES,,
medicalrecord,penilaian_nyeri,5,SKALA,"decimal(10,2)",YES,,
medicalrecord,penilaian_nyeri,6,METODE,smallint,YES,,
medicalrecord,penilaian_nyeri,7,PENCETUS,char(150),YES,,
medicalrecord,penilaian_nyeri,8,GAMBARAN,text,YES,,
medicalrecord,penilaian_nyeri,9,DURASI,char(50),YES,,
medicalrecord,penilaian_nyeri,10,LOKASI,char(150),YES,,
medicalrecord,penilaian_nyeri,11,TANGGAL,timestamp,YES,MUL,"DEFAULT_GENERATED on update CURRENT_TIMESTAMP"
medicalrecord,penilaian_nyeri,12,OLEH,smallint,YES,,
medicalrecord,penilaian_nyeri,13,STATUS,tinyint,YES,MUL,
medicalrecord,penilaian_skala_humpty_dumpty,1,ID,int,NO,PRI,auto_increment
medicalrecord,penilaian_skala_humpty_dumpty,2,KUNJUNGAN,char(19),NO,MUL,
medicalrecord,penilaian_skala_humpty_dumpty,3,UMUR,tinyint,NO,MUL,
medicalrecord,penilaian_skala_humpty_dumpty,4,JENIS_KELAMIN,tinyint,NO,MUL,
medicalrecord,penilaian_skala_humpty_dumpty,5,DIAGNOSA,tinyint,NO,MUL,
medicalrecord,penilaian_skala_humpty_dumpty,6,GANGGUAN_KONGNITIF,tinyint,NO,MUL,
medicalrecord,penilaian_skala_humpty_dumpty,7,FAKTOR_LINGKUNGAN,tinyint,NO,MUL,
medicalrecord,penilaian_skala_humpty_dumpty,8,RESPON,tinyint,NO,MUL,
medicalrecord,penilaian_skala_humpty_dumpty,9,PENGGUNAAN_OBAT,tinyint,NO,MUL,
medicalrecord,penilaian_skala_humpty_dumpty,10,TANGGAL,timestamp,NO,,"DEFAULT_GENERATED on update CURRENT_TIMESTAMP"
medicalrecord,penilaian_skala_humpty_dumpty,11,OLEH,smallint,NO,,
medicalrecord,penilaian_skala_humpty_dumpty,12,STATUS,tinyint,NO,MUL,
medicalrecord,penilaian_skala_morse,1,ID,int,NO,PRI,auto_increment
medicalrecord,penilaian_skala_morse,2,KUNJUNGAN,char(19),NO,MUL,
medicalrecord,penilaian_skala_morse,3,RIWAYAT_JATUH,tinyint,NO,,
medicalrecord,penilaian_skala_morse,4,DIAGNOSIS,tinyint,NO,,
medicalrecord,penilaian_skala_morse,5,ALAT_BANTU,tinyint,NO,,
medicalrecord,penilaian_skala_morse,6,HEPARIN,tinyint,NO,,
medicalrecord,penilaian_skala_morse,7,GAYA_BERJALAN,tinyint,NO,,
medicalrecord,penilaian_skala_morse,8,KESADARAN,tinyint,NO,,
medicalrecord,penilaian_skala_morse,9,TANGGAL,timestamp,NO,MUL,"DEFAULT_GENERATED on update CURRENT_TIMESTAMP"
medicalrecord,penilaian_skala_morse,10,OLEH,smallint,NO,,
medicalrecord,penilaian_skala_morse,11,STATUS,tinyint,NO,MUL,
medicalrecord,penilaian_tumor,1,ID,int,NO,PRI,auto_increment
medicalrecord,penilaian_tumor,2,KUNJUNGAN,char(19),NO,MUL,
medicalrecord,penilaian_tumor,3,LITERASI,smallint,NO,,
medicalrecord,penilaian_tumor,4,TNM_KATEGORI_T,smallint,NO,,
medicalrecord,penilaian_tumor,5,TNM_KATEGORI_N,smallint,NO,,
medicalrecord,penilaian_tumor,6,TNM_KATEGORI_M,smallint,NO,,
medicalrecord,penilaian_tumor,7,STADIUM,smallint,NO,,
medicalrecord,penilaian_tumor,8,PERLUASAN_TUMOR_SEBELUM_TERAPI,smallint,NO,,
medicalrecord,penilaian_tumor,9,METASTASIS,smallint,NO,,
medicalrecord,penilaian_tumor,10,TANGGAL,timestamp,NO,MUL,"DEFAULT_GENERATED on update CURRENT_TIMESTAMP"
medicalrecord,penilaian_tumor,11,OLEH,smallint,NO,,
medicalrecord,penilaian_tumor,12,STATUS,tinyint(1),NO,MUL,
medicalrecord,perencanaan_rawat_inap,1,ID,int,NO,PRI,auto_increment
medicalrecord,perencanaan_rawat_inap,2,KUNJUNGAN,char(19),NO,UNI,
medicalrecord,perencanaan_rawat_inap,3,NOMOR,char(6),NO,MUL,
medicalrecord,perencanaan_rawat_inap,4,NOMOR_REFERENSI,char(25),YES,,
medicalrecord,perencanaan_rawat_inap,5,JENIS_RUANG_PERAWATAN,smallint,NO,,
medicalrecord,perencanaan_rawat_inap,6,JENIS_PERAWATAN,smallint,NO,,
medicalrecord,perencanaan_rawat_inap,7,TANGGAL,date,NO,,
medicalrecord,perencanaan_rawat_inap,8,INDIKASI,text,NO,,
medicalrecord,perencanaan_rawat_inap,9,DESKRIPSI,text,YES,,
medicalrecord,perencanaan_rawat_inap,10,DOKTER,smallint,NO,,
medicalrecord,perencanaan_rawat_inap,11,DIBUAT_TANGGAL,timestamp,YES,,"DEFAULT_GENERATED on update CURRENT_TIMESTAMP"
medicalrecord,perencanaan_rawat_inap,12,OLEH,int,YES,,
medicalrecord,perencanaan_rawat_inap,13,STATUS,int,YES,MUL,
medicalrecord,permasalahan_gizi,1,ID,int,NO,PRI,auto_increment
medicalrecord,permasalahan_gizi,2,KUNJUNGAN,char(19),YES,UNI,
medicalrecord,permasalahan_gizi,3,BERAT_BADAN_SIGNIFIKAN,int,NO,,
medicalrecord,permasalahan_gizi,4,PERUBAHAN_BERAT_BADAN,int,NO,,
medicalrecord,permasalahan_gizi,5,INTAKE_MAKANAN,int,NO,,
medicalrecord,permasalahan_gizi,6,KONDISI_KHUSUS,text,NO,,
medicalrecord,permasalahan_gizi,7,SKOR,int,NO,,
medicalrecord,permasalahan_gizi,8,STATUS_SKOR,int,NO,,
medicalrecord,permasalahan_gizi,9,TANGGAL,timestamp,NO,,"DEFAULT_GENERATED on update CURRENT_TIMESTAMP"
medicalrecord,permasalahan_gizi,10,OLEH,int,NO,MUL,
medicalrecord,permasalahan_gizi,11,STATUS_VALIDASI,tinyint,NO,MUL,
medicalrecord,permasalahan_gizi,12,TANGGAL_VALIDASI,datetime,NO,,
medicalrecord,permasalahan_gizi,13,USER_VALIDASI,int,NO,MUL,
medicalrecord,permasalahan_gizi,14,STATUS,int,NO,MUL,
medicalrecord,persetujuan_tindakan_dokter,1,ID,int,NO,PRI,auto_increment
medicalrecord,persetujuan_tindakan_dokter,2,KUNJUNGAN,char(19),NO,MUL,
medicalrecord,persetujuan_tindakan_dokter,3,NORM,int,NO,MUL,
medicalrecord,persetujuan_tindakan_dokter,4,KELUARGA_BERTANDA_TANGAN,int,NO,,
medicalrecord,persetujuan_tindakan_dokter,5,TANGGAL_PERSETUJUAN,datetime,NO,,
medicalrecord,persetujuan_tindakan_dokter,6,DIBUAT_TANGGAL,timestamp,NO,,DEFAULT_GENERATED
medicalrecord,persetujuan_tindakan_dokter,7,OLEH,smallint,NO,,
medicalrecord,persetujuan_tindakan_dokter,8,STATUS,tinyint,NO,MUL,
medicalrecord,persetujuan_tindakan_dokter_informasi,1,ID,int,NO,PRI,auto_increment
medicalrecord,persetujuan_tindakan_dokter_informasi,2,KUNJUNGAN,char(19),NO,MUL,
medicalrecord,persetujuan_tindakan_dokter_informasi,3,PERSETUJUAN_TINDAKAN_DOKTER_NOMOR,int,NO,,
medicalrecord,persetujuan_tindakan_dokter_informasi,4,DOKTER,smallint,NO,,
medicalrecord,persetujuan_tindakan_dokter_informasi,5,DIBUAT_TANGGAL,timestamp,NO,,DEFAULT_GENERATED
medicalrecord,persetujuan_tindakan_dokter_informasi,6,OLEH,smallint,NO,,
medicalrecord,persetujuan_tindakan_dokter_informasi,7,STATUS,tinyint,NO,MUL,
medicalrecord,persetujuan_tindakan_dokter_informasi_detail,1,ID,int,NO,PRI,auto_increment
medicalrecord,persetujuan_tindakan_dokter_informasi_detail,2,KUNJUNGAN,char(19),NO,MUL,
medicalrecord,persetujuan_tindakan_dokter_informasi_detail,3,PERSETUJUAN_TINDAKAN_DOKTER_NOMOR,int,NO,,
medicalrecord,persetujuan_tindakan_dokter_informasi_detail,4,REFERENSI_NOMOR,int,NO,,
medicalrecord,persetujuan_tindakan_dokter_informasi_detail,5,ISI_INFORMASI,text,NO,,
medicalrecord,persetujuan_tindakan_dokter_informasi_detail,6,DIBUAT_TANGGAL,timestamp,NO,MUL,DEFAULT_GENERATED
medicalrecord,persetujuan_tindakan_dokter_informasi_detail,7,OLEH,smallint,NO,,
medicalrecord,persetujuan_tindakan_dokter_informasi_detail,8,STATUS,tinyint,NO,MUL,
medicalrecord,persetujuan_tindakan_dokter_pasien,1,ID,int,NO,PRI,auto_increment
medicalrecord,persetujuan_tindakan_dokter_pasien,2,KUNJUNGAN,char(19),NO,MUL,
medicalrecord,persetujuan_tindakan_dokter_pasien,3,PERSETUJUAN_TINDAKAN_DOKTER_NOMOR,int,NO,,
medicalrecord,persetujuan_tindakan_dokter_pasien,4,TINDAKAN_NOMOR,int,NO,,
medicalrecord,persetujuan_tindakan_dokter_pasien,5,DIBUAT_TANGGAL,timestamp,NO,,DEFAULT_GENERATED
medicalrecord,persetujuan_tindakan_dokter_pasien,6,OLEH,smallint,NO,,
medicalrecord,persetujuan_tindakan_dokter_pasien,7,STATUS,tinyint,NO,MUL,
medicalrecord,persetujuan_tindakan_pemberi_informasi,1,ID,int,NO,PRI,auto_increment
medicalrecord,persetujuan_tindakan_pemberi_informasi,2,KUNJUNGAN,char(19),NO,MUL,
medicalrecord,persetujuan_tindakan_pemberi_informasi,3,PERSETUJUAN_TINDAKAN_DOKTER_NOMOR,int,NO,,
medicalrecord,persetujuan_tindakan_pemberi_informasi,4,NIP,varchar(30),NO,MUL,
medicalrecord,persetujuan_tindakan_pemberi_informasi,5,REFERENSI_ID,smallint,NO,,
medicalrecord,persetujuan_tindakan_pemberi_informasi,6,PEMBERI_INFORMASI,smallint,NO,,
medicalrecord,persetujuan_tindakan_pemberi_informasi,7,DIBUAT_TANGGAL,timestamp,NO,,DEFAULT_GENERATED
medicalrecord,persetujuan_tindakan_pemberi_informasi,8,OLEH,smallint,NO,,
medicalrecord,persetujuan_tindakan_pemberi_informasi,9,STATUS,tinyint,NO,MUL,
medicalrecord,persetujuan_tindakan_penerima_informasi,1,ID,int,NO,PRI,auto_increment
medicalrecord,persetujuan_tindakan_penerima_informasi,2,KUNJUNGAN,char(19),NO,MUL,
medicalrecord,persetujuan_tindakan_penerima_informasi,3,PERSETUJUAN_TINDAKAN_DOKTER_NOMOR,int,NO,,
medicalrecord,persetujuan_tindakan_penerima_informasi,4,PENERIMA_INFORMASI,int,NO,,
medicalrecord,persetujuan_tindakan_penerima_informasi,5,DIBUAT_TANGGAL,timestamp,NO,,DEFAULT_GENERATED
medicalrecord,persetujuan_tindakan_penerima_informasi,6,OLEH,smallint,NO,,
medicalrecord,persetujuan_tindakan_penerima_informasi,7,STATUS,tinyint,NO,MUL,
medicalrecord,persiapan_anastesi,1,ID,int,NO,PRI,auto_increment
medicalrecord,persiapan_anastesi,2,KUNJUNGAN,char(19),NO,MUL,
medicalrecord,persiapan_anastesi,3,LISTRIK,json,NO,,
medicalrecord,persiapan_anastesi,4,PEMANTAUAN,json,NO,,
medicalrecord,persiapan_anastesi,5,GAS_MEDIS,json,NO,,
medicalrecord,persiapan_anastesi,6,LAIN_LAIN,json,NO,,
medicalrecord,persiapan_anastesi,7,MESIN_ANASTESI,json,NO,,
medicalrecord,persiapan_anastesi,8,OBAT_OBAT,json,NO,,
medicalrecord,persiapan_anastesi,9,JALAN_NAFAS,json,NO,,
medicalrecord,persiapan_anastesi,10,PENATA_ANASTESI,smallint,NO,,
medicalrecord,persiapan_anastesi,11,DOKTER_ANASTESI,smallint,NO,,
medicalrecord,persiapan_anastesi,12,TANGGAL_TINDAKAN,datetime,NO,,
medicalrecord,persiapan_anastesi,13,DIBUAT_TANGGAL,datetime,NO,,DEFAULT_GENERATED
medicalrecord,persiapan_anastesi,14,OLEH,smallint,NO,,
medicalrecord,persiapan_anastesi,15,STATUS,tinyint,NO,MUL,
medicalrecord,pra_anastesi_sedasi,1,ID,int,NO,PRI,auto_increment
medicalrecord,pra_anastesi_sedasi,2,KUNJUNGAN,char(19),NO,MUL,
medicalrecord,pra_anastesi_sedasi,3,DIAGNOSA,tinytext,NO,,
medicalrecord,pra_anastesi_sedasi,4,DIAGNOSA_PASCA_OPERASI,tinytext,NO,,
medicalrecord,pra_anastesi_sedasi,5,TINDAKAN,smallint,NO,,
medicalrecord,pra_anastesi_sedasi,6,PENILAIAN_PRA_ANASTESI_SEDASI,json,NO,,
medicalrecord,pra_anastesi_sedasi,7,EVALUASI_JALAN_NAFAS,json,NO,,
medicalrecord,pra_anastesi_sedasi,8,HASIL_LAB,json,NO,,
medicalrecord,pra_anastesi_sedasi,9,PERENCANAAN_ANASTESI_SEDASI,json,NO,,
medicalrecord,pra_anastesi_sedasi,10,PENILAIAN_PRA_INDUKSI,json,NO,,
medicalrecord,pra_anastesi_sedasi,11,PEMERIKSAAN_FISIK,tinytext,NO,,
medicalrecord,pra_anastesi_sedasi,12,DOKTER_SPESIALIS_ANASTESI,smallint,NO,,
medicalrecord,pra_anastesi_sedasi,13,DOKTER_SPESIALIS_BEDAH,smallint,NO,,
medicalrecord,pra_anastesi_sedasi,14,PENATA_ANASTESI,smallint,NO,,
medicalrecord,pra_anastesi_sedasi,15,TANGGAL_KEGIATAN,datetime,NO,,
medicalrecord,pra_anastesi_sedasi,16,DIBUAT_TANGGAL,timestamp,NO,,"DEFAULT_GENERATED on update CURRENT_TIMESTAMP"
medicalrecord,pra_anastesi_sedasi,17,OLEH,smallint,NO,,
medicalrecord,pra_anastesi_sedasi,18,STATUS,tinyint,NO,MUL,
medicalrecord,prosedur,1,ID,int,NO,PRI,auto_increment
medicalrecord,prosedur,2,NOPEN,char(10),NO,MUL,
medicalrecord,prosedur,3,KODE,char(10),NO,MUL,
medicalrecord,prosedur,4,SNOMED_CT_ID,char(25),NO,MUL,
medicalrecord,prosedur,5,TINDAKAN,varchar(250),NO,,
medicalrecord,prosedur,6,INACBG,tinyint,NO,MUL,
medicalrecord,prosedur,7,MULTIPLICITY,tinyint,NO,MUL,
medicalrecord,prosedur,8,TINDAKAN_OLEH,smallint,YES,,
medicalrecord,prosedur,9,TINDAKAN_TANGGAL,datetime,YES,,
medicalrecord,prosedur,10,TANGGAL,datetime,NO,MUL,
medicalrecord,prosedur,11,OLEH,smallint,NO,,
medicalrecord,prosedur,12,STATUS,tinyint,NO,MUL,
medicalrecord,prosedur,13,INA_GROUPER,tinyint,NO,MUL,
medicalrecord,rekonsiliasi_admisi,1,ID,int,NO,PRI,auto_increment
medicalrecord,rekonsiliasi_admisi,2,KUNJUNGAN,char(19),NO,MUL,
medicalrecord,rekonsiliasi_admisi,3,PENDAFTARAN,char(10),NO,MUL,
medicalrecord,rekonsiliasi_admisi,4,TIDAK_MENGGUNAKAN_OBAT_SEBELUM_ADMISI,tinyint,YES,,
medicalrecord,rekonsiliasi_admisi,5,TANGGAL,timestamp,YES,,"DEFAULT_GENERATED on update CURRENT_TIMESTAMP"
medicalrecord,rekonsiliasi_admisi,6,OLEH,smallint,NO,,
medicalrecord,rekonsiliasi_admisi,7,STATUS,tinyint,NO,MUL,
medicalrecord,rekonsiliasi_admisi_detil,1,ID,int,NO,PRI,auto_increment
medicalrecord,rekonsiliasi_admisi_detil,2,REKONSILIASI_ADMISI,int,NO,MUL,
medicalrecord,rekonsiliasi_admisi_detil,3,OBAT_DARI_LUAR,varchar(200),NO,MUL,
medicalrecord,rekonsiliasi_admisi_detil,4,DOSIS,varchar(100),NO,,
medicalrecord,rekonsiliasi_admisi_detil,5,FREKUENSI,int,NO,MUL,
medicalrecord,rekonsiliasi_admisi_detil,6,RUTE,int,NO,MUL,
medicalrecord,rekonsiliasi_admisi_detil,7,TINDAK_LANJUT,int,NO,MUL,
medicalrecord,rekonsiliasi_admisi_detil,8,PERUBAHAN_ATURAN_PAKAI,int,NO,MUL,
medicalrecord,rekonsiliasi_admisi_detil,9,STATUS,tinyint,NO,MUL,
medicalrecord,rekonsiliasi_admisi_detil,10,INPUT_ASAL,tinyint,NO,,
medicalrecord,rekonsiliasi_admisi_detil,11,LAYANAN_FARMASI,char(11),NO,MUL,
medicalrecord,rekonsiliasi_admisi_detil,12,RIWAYAT_PEMBERIAN_OBAT,int,NO,MUL,
medicalrecord,rekonsiliasi_discharge,1,ID,int,NO,PRI,auto_increment
medicalrecord,rekonsiliasi_discharge,2,KUNJUNGAN,char(19),NO,MUL,
medicalrecord,rekonsiliasi_discharge,3,PENDAFTARAN,char(10),NO,MUL,
medicalrecord,rekonsiliasi_discharge,4,TANGGAL,timestamp,YES,,"DEFAULT_GENERATED on update CURRENT_TIMESTAMP"
medicalrecord,rekonsiliasi_discharge,5,OLEH,smallint,NO,,
medicalrecord,rekonsiliasi_discharge,6,STATUS,tinyint,NO,MUL,
medicalrecord,rekonsiliasi_discharge_detil,1,ID,int,NO,PRI,auto_increment
medicalrecord,rekonsiliasi_discharge_detil,2,REKONSILIASI_DISCHARGE,int,NO,MUL,
medicalrecord,rekonsiliasi_discharge_detil,3,OBAT_DARI_LUAR,varchar(200),NO,MUL,
medicalrecord,rekonsiliasi_discharge_detil,4,DOSIS,varchar(100),NO,,
medicalrecord,rekonsiliasi_discharge_detil,5,FREKUENSI,int,NO,MUL,
medicalrecord,rekonsiliasi_discharge_detil,6,RUTE,int,NO,MUL,
medicalrecord,rekonsiliasi_discharge_detil,7,TINDAK_LANJUT,int,NO,MUL,
medicalrecord,rekonsiliasi_discharge_detil,8,PERUBAHAN_ATURAN_PAKAI,int,NO,MUL,
medicalrecord,rekonsiliasi_discharge_detil,9,STATUS,tinyint,NO,MUL,
medicalrecord,rekonsiliasi_discharge_detil,10,INPUT_ASAL,tinyint,NO,,
medicalrecord,rekonsiliasi_discharge_detil,11,REKONSILIASI_ADMISI_DETIL,int,NO,MUL,
medicalrecord,rekonsiliasi_discharge_detil,12,REKONSILIASI_TRANSFER_DETIL,int,NO,MUL,
medicalrecord,rekonsiliasi_discharge_detil,13,LAYANAN_FARMASI,char(11),NO,MUL,
medicalrecord,rekonsiliasi_obat,1,ID,int,NO,PRI,auto_increment
medicalrecord,rekonsiliasi_obat,2,KUNJUNGAN,char(19),NO,MUL,
medicalrecord,rekonsiliasi_obat,3,PENDAFTARAN,char(10),NO,MUL,
medicalrecord,rekonsiliasi_obat,4,TANGGAL,timestamp,YES,,"DEFAULT_GENERATED on update CURRENT_TIMESTAMP"
medicalrecord,rekonsiliasi_obat,5,OLEH,smallint,NO,,
medicalrecord,rekonsiliasi_obat,6,STATUS,tinyint,NO,MUL,
medicalrecord,rekonsiliasi_obat_detil,1,ID,int,NO,PRI,auto_increment
medicalrecord,rekonsiliasi_obat_detil,2,REKONSILIASI_OBAT,int,NO,MUL,
medicalrecord,rekonsiliasi_obat_detil,3,OBAT_DARI_LUAR,varchar(200),NO,,
medicalrecord,rekonsiliasi_obat_detil,4,DOSIS,varchar(100),NO,,
medicalrecord,rekonsiliasi_obat_detil,5,FREKUENSI,int,NO,MUL,
medicalrecord,rekonsiliasi_obat_detil,6,RUTE,int,NO,MUL,
medicalrecord,rekonsiliasi_obat_detil,7,TINDAK_LANJUT,int,NO,MUL,
medicalrecord,rekonsiliasi_obat_detil,8,PERUBAHAN_ATURAN_PAKAI,int,NO,MUL,
medicalrecord,rekonsiliasi_obat_detil,9,JENIS_REKONSILIASI,int,NO,MUL,
medicalrecord,rekonsiliasi_obat_detil,10,STATUS,tinyint,NO,MUL,
medicalrecord,rekonsiliasi_transfer,1,ID,int,NO,PRI,auto_increment
medicalrecord,rekonsiliasi_transfer,2,KUNJUNGAN,char(19),NO,MUL,
medicalrecord,rekonsiliasi_transfer,3,PENDAFTARAN,char(10),NO,MUL,
medicalrecord,rekonsiliasi_transfer,4,TANGGAL,timestamp,YES,,"DEFAULT_GENERATED on update CURRENT_TIMESTAMP"
medicalrecord,rekonsiliasi_transfer,5,OLEH,smallint,NO,,
medicalrecord,rekonsiliasi_transfer,6,STATUS,tinyint,NO,MUL,
medicalrecord,rekonsiliasi_transfer_detil,1,ID,int,NO,PRI,auto_increment
medicalrecord,rekonsiliasi_transfer_detil,2,REKONSILIASI_TRANSFER,int,NO,MUL,
medicalrecord,rekonsiliasi_transfer_detil,3,OBAT_DARI_LUAR,varchar(200),NO,MUL,
medicalrecord,rekonsiliasi_transfer_detil,4,DOSIS,varchar(100),NO,,
medicalrecord,rekonsiliasi_transfer_detil,5,FREKUENSI,int,NO,MUL,
medicalrecord,rekonsiliasi_transfer_detil,6,RUTE,int,NO,MUL,
medicalrecord,rekonsiliasi_transfer_detil,7,TINDAK_LANJUT,int,NO,MUL,
medicalrecord,rekonsiliasi_transfer_detil,8,PERUBAHAN_ATURAN_PAKAI,int,NO,MUL,
medicalrecord,rekonsiliasi_transfer_detil,9,STATUS,tinyint,NO,MUL,
medicalrecord,rekonsiliasi_transfer_detil,10,INPUT_ASAL,tinyint,NO,,
medicalrecord,rekonsiliasi_transfer_detil,11,REKONSILIASI_ADMISI_DETIL,int,NO,MUL,
medicalrecord,rekonsiliasi_transfer_detil,12,LAYANAN_FARMASI,char(11),NO,MUL,
medicalrecord,rekonsiliasi_transfer_detil,13,REKONSILIASI_TRANSFER_DETIL,int,NO,MUL,
medicalrecord,rencana_terapi,1,ID,int,NO,PRI,auto_increment
medicalrecord,rencana_terapi,2,KUNJUNGAN,varchar(19),YES,UNI,
medicalrecord,rencana_terapi,3,DESKRIPSI,text,YES,,
medicalrecord,rencana_terapi,4,TANGGAL,timestamp,YES,,"DEFAULT_GENERATED on update CURRENT_TIMESTAMP"
medicalrecord,rencana_terapi,5,OLEH,smallint,YES,,
medicalrecord,rencana_terapi,6,STATUS,tinyint,YES,,
medicalrecord,resume,1,ID,int,NO,PRI,auto_increment
medicalrecord,resume,2,NOPEN,char(10),NO,MUL,
medicalrecord,resume,3,ANAMNESIS,int,NO,MUL,
medicalrecord,resume,4,RPP,int,NO,MUL,
medicalrecord,resume,5,RPS,int,NO,MUL,
medicalrecord,resume,6,KELUHAN_UTAMA,int,NO,MUL,
medicalrecord,resume,7,TANDA_VITAL,int,NO,,
medicalrecord,resume,8,RENCANA_TERAPI,int,NO,MUL,
medicalrecord,resume,9,EDUKASI_EMERGENCY,int,NO,MUL,
medicalrecord,resume,10,JADWAL_KONTROL,int,NO,MUL,
medicalrecord,resume,11,RENCANA_DIET,text,NO,,
medicalrecord,resume,12,DIAGNOSA_PROSEDUR,json,NO,,
medicalrecord,resume,13,DIAGNOSA_FARMASI,json,NO,,
medicalrecord,resume,14,HASIL_LAB,json,NO,,
medicalrecord,resume,15,HASIL_RAD,json,NO,,
medicalrecord,resume,16,HASIL_EKG,json,NO,,
medicalrecord,resume,17,INDIKASI_RAWAT_INAP,varchar(250),NO,,
medicalrecord,resume,18,ALERGI_REAKSI_OBAT,varchar(250),NO,,
medicalrecord,resume,19,DESKRIPSI_HASIL_LAB,varchar(250),NO,,
medicalrecord,resume,20,DESKRIPSI_HASIL_RAD,varchar(250),NO,,
medicalrecord,resume,21,DESKRIPSI_HASIL_PENUNJANG_LAINYA,text,NO,,
medicalrecord,resume,22,DESKRIPSI_KONSUL,text,NO,,
medicalrecord,resume,23,TANGGAL,timestamp,NO,,"DEFAULT_GENERATED on update CURRENT_TIMESTAMP"
medicalrecord,resume,24,OLEH,smallint,NO,,
medicalrecord,resume,25,STATUS,tinyint,NO,,
medicalrecord,riwayat_alergi,1,ID,int,NO,PRI,auto_increment
medicalrecord,riwayat_alergi,2,KUNJUNGAN,char(19),NO,MUL,
medicalrecord,riwayat_alergi,3,JENIS,varchar(10),YES,,
medicalrecord,riwayat_alergi,4,DESKRIPSI,text,NO,,
medicalrecord,riwayat_alergi,5,KODE_REFERENSI,json,YES,,
medicalrecord,riwayat_alergi,6,TANGGAL,timestamp,NO,MUL,"DEFAULT_GENERATED on update CURRENT_TIMESTAMP"
medicalrecord,riwayat_alergi,7,OLEH,smallint,NO,,
medicalrecord,riwayat_alergi,8,STATUS,tinyint,NO,MUL,
medicalrecord,riwayat_gynekologi,1,ID,int,NO,PRI,auto_increment
medicalrecord,riwayat_gynekologi,2,KUNJUNGAN,char(19),NO,MUL,
medicalrecord,riwayat_gynekologi,3,INFERTILITAS,tinyint,NO,,
medicalrecord,riwayat_gynekologi,4,INFEKSI_VIRUS,tinyint,NO,,
medicalrecord,riwayat_gynekologi,5,PENYAKIT_MENULAR_SEKSUAL,tinyint,NO,,
medicalrecord,riwayat_gynekologi,6,CERVISITIS_CRONIS,tinyint,NO,,
medicalrecord,riwayat_gynekologi,7,ENDOMETRIOSIS,tinyint,NO,,
medicalrecord,riwayat_gynekologi,8,MYOMA,tinyint,NO,,
medicalrecord,riwayat_gynekologi,9,POLIP_SERVIX,tinyint,NO,,
medicalrecord,riwayat_gynekologi,10,KANKER_KANDUNGAN,tinyint,NO,,
medicalrecord,riwayat_gynekologi,11,MINUMAN_ALKOHOL,tinyint,NO,,
medicalrecord,riwayat_gynekologi,12,PERKOSAAN,tinyint,NO,,
medicalrecord,riwayat_gynekologi,13,OPERASI_KANDUNGAN,tinyint,NO,,
medicalrecord,riwayat_gynekologi,14,POST_COINTAL_BLEEDING,tinyint,NO,,
medicalrecord,riwayat_gynekologi,15,FLOUR_ALBUS,tinyint,NO,,
medicalrecord,riwayat_gynekologi,16,LAINYA,tinyint,NO,,
medicalrecord,riwayat_gynekologi,17,KETERANGAN_LAINNYA,text,NO,,
medicalrecord,riwayat_gynekologi,18,GATAL,tinyint,NO,,
medicalrecord,riwayat_gynekologi,19,BERBAU,tinyint,NO,,
medicalrecord,riwayat_gynekologi,20,WARNAH,text,NO,,
medicalrecord,riwayat_gynekologi,21,TANGGAL,timestamp,NO,,"DEFAULT_GENERATED on update CURRENT_TIMESTAMP"
medicalrecord,riwayat_gynekologi,22,OLEH,smallint,NO,,
medicalrecord,riwayat_gynekologi,23,STATUS,tinyint,NO,,
medicalrecord,riwayat_lainnya,1,ID,int,NO,PRI,auto_increment
medicalrecord,riwayat_lainnya,2,KUNJUNGAN,char(19),NO,UNI,
medicalrecord,riwayat_lainnya,3,MEROKOK,tinyint,NO,,
medicalrecord,riwayat_lainnya,4,TERPAPAR_ASAP_ROKOK,tinyint,NO,,
medicalrecord,riwayat_lainnya,5,TANGGAL,timestamp,NO,MUL,"DEFAULT_GENERATED on update CURRENT_TIMESTAMP"
medicalrecord,riwayat_lainnya,6,OLEH,smallint,NO,,
medicalrecord,riwayat_lainnya,7,STATUS,tinyint,NO,,
medicalrecord,riwayat_obstetri,1,ID,int,NO,PRI,auto_increment
medicalrecord,riwayat_obstetri,2,KUNJUNGAN,varchar(19),NO,,
medicalrecord,riwayat_obstetri,3,TAHUN,year,NO,,
medicalrecord,riwayat_obstetri,4,USIA_KEHAMILAN,tinyint,NO,,
medicalrecord,riwayat_obstetri,5,JENIS_PERSALINAN,tinyint,NO,,
medicalrecord,riwayat_obstetri,6,PENYULIT,tinyint,NO,,
medicalrecord,riwayat_obstetri,7,PENOLONG,tinyint,NO,,
medicalrecord,riwayat_obstetri,8,KETERANGAN_PENOLONG,tinytext,NO,,
medicalrecord,riwayat_obstetri,9,TEMPAT,tinyint,NO,,
medicalrecord,riwayat_obstetri,10,KETERANGAN_TEMPAT,tinytext,NO,,
medicalrecord,riwayat_obstetri,11,JENIS_KELAMIN,tinyint,NO,,
medicalrecord,riwayat_obstetri,12,BERAT_BADAN,tinyint,NO,,
medicalrecord,riwayat_obstetri,13,KEADAAN_SAAT_INI,tinyint,NO,,
medicalrecord,riwayat_obstetri,14,DIBUAT_TANGGAL,timestamp,NO,,DEFAULT_GENERATED
medicalrecord,riwayat_obstetri,15,OLEH,smallint,NO,,
medicalrecord,riwayat_obstetri,16,STATUS,tinyint,NO,,
medicalrecord,riwayat_pemberian_obat,1,ID,int,NO,PRI,auto_increment
medicalrecord,riwayat_pemberian_obat,2,KUNJUNGAN,char(19),NO,MUL,
medicalrecord,riwayat_pemberian_obat,3,OBAT,char(150),NO,,
medicalrecord,riwayat_pemberian_obat,4,DOSIS,char(50),NO,,
medicalrecord,riwayat_pemberian_obat,5,FREKUENSI,int,NO,MUL,
medicalrecord,riwayat_pemberian_obat,6,RUTE,int,NO,MUL,
medicalrecord,riwayat_pemberian_obat,7,LAMA_PENGGUNAAN,char(50),NO,,
medicalrecord,riwayat_pemberian_obat,8,TANGGAL,timestamp,NO,,"DEFAULT_GENERATED on update CURRENT_TIMESTAMP"
medicalrecord,riwayat_pemberian_obat,9,OLEH,smallint,YES,,
medicalrecord,riwayat_pemberian_obat,10,STATUS,tinyint,YES,,
medicalrecord,riwayat_penyakit_keluarga,1,ID,int,NO,PRI,auto_increment
medicalrecord,riwayat_penyakit_keluarga,2,KUNJUNGAN,varchar(19),YES,UNI,
medicalrecord,riwayat_penyakit_keluarga,3,HIPERTENSI,tinyint,YES,,
medicalrecord,riwayat_penyakit_keluarga,4,DIABETES_MELITUS,tinyint,YES,,
medicalrecord,riwayat_penyakit_keluarga,5,PENYAKIT_JANTUNG,tinyint,YES,,
medicalrecord,riwayat_penyakit_keluarga,6,ASMA,tinyint,YES,,
medicalrecord,riwayat_penyakit_keluarga,7,LAINNYA,text,YES,,
medicalrecord,riwayat_penyakit_keluarga,8,TANGGAL,timestamp,YES,,"DEFAULT_GENERATED on update CURRENT_TIMESTAMP"
medicalrecord,riwayat_penyakit_keluarga,9,OLEH,smallint,YES,,
medicalrecord,riwayat_penyakit_keluarga,10,STATUS,tinyint,YES,,
medicalrecord,riwayat_penyakit_tb,1,ID,int,NO,PRI,auto_increment
medicalrecord,riwayat_penyakit_tb,2,KUNJUNGAN,char(19),NO,MUL,
medicalrecord,riwayat_penyakit_tb,3,RIWAYAT,tinyint,NO,,
medicalrecord,riwayat_penyakit_tb,4,TAHUN,year,YES,,
medicalrecord,riwayat_penyakit_tb,5,BEROBAT,smallint,NO,,
medicalrecord,riwayat_penyakit_tb,6,SPUTUM,tinyint,NO,,
medicalrecord,riwayat_penyakit_tb,7,TANGGAL_PEMERIKSAAN_SPUTUM,date,NO,,
medicalrecord,riwayat_penyakit_tb,8,TEST_CEPAT_MOLEKULER,tinyint,NO,,
medicalrecord,riwayat_penyakit_tb,9,TANGGAL_TEST_CEPAT,date,NO,,
medicalrecord,riwayat_penyakit_tb,10,TANGGAL,datetime,NO,,DEFAULT_GENERATED
medicalrecord,riwayat_penyakit_tb,11,OLEH,smallint,NO,,
medicalrecord,riwayat_penyakit_tb,12,STATUS,tinyint,NO,MUL,
medicalrecord,riwayat_perawatan,1,ID,int,NO,PRI,auto_increment
medicalrecord,riwayat_perawatan,2,KUNJUNGAN,char(19),NO,MUL,
medicalrecord,riwayat_perawatan,3,JENIS,tinyint,YES,,
medicalrecord,riwayat_perawatan,4,WAKTU,datetime,YES,,
medicalrecord,riwayat_perawatan,5,LOKASI,text,NO,,
medicalrecord,riwayat_perawatan,6,DIAGNOSA,char(6),NO,,
medicalrecord,riwayat_perawatan,7,TANGGAL,timestamp,YES,,
medicalrecord,riwayat_perawatan,8,OLEH,smallint,NO,,
medicalrecord,riwayat_perawatan,9,STATUS,tinyint,NO,MUL,
medicalrecord,riwayat_tindakan_pembedahan,1,ID,int,NO,PRI,auto_increment
medicalrecord,riwayat_tindakan_pembedahan,2,PERAWATAN,char(19),NO,MUL,
medicalrecord,riwayat_tindakan_pembedahan,3,TANGGAL,date,YES,MUL,
medicalrecord,riwayat_tindakan_pembedahan,4,TINDAKAN,text,YES,,
medicalrecord,riwayat_tindakan_pembedahan,5,LOKASI,varchar(200),YES,,
medicalrecord,riwayat_tindakan_pembedahan,6,STATUS,tinyint,NO,MUL,
medicalrecord,rpk,1,ID,int,NO,PRI,auto_increment
medicalrecord,rpk,2,KUNJUNGAN,char(19),NO,MUL,
medicalrecord,rpk,3,DESKRIPSI,text,NO,,
medicalrecord,rpk,4,TANGGAL,timestamp,NO,,"DEFAULT_GENERATED on update CURRENT_TIMESTAMP"
medicalrecord,rpk,5,OLEH,smallint,NO,,
medicalrecord,rpk,6,STATUS,tinyint,NO,,
medicalrecord,rpp,1,ID,int,NO,PRI,auto_increment
medicalrecord,rpp,2,KUNJUNGAN,char(19),NO,MUL,
medicalrecord,rpp,3,SNOMED_CT_ID,int,NO,MUL,
medicalrecord,rpp,4,DESKRIPSI,text,NO,,
medicalrecord,rpp,5,TANGGAL,timestamp,NO,MUL,"DEFAULT_GENERATED on update CURRENT_TIMESTAMP"
medicalrecord,rpp,6,OLEH,smallint,NO,,
medicalrecord,rpp,7,STATUS,tinyint,NO,MUL,
medicalrecord,rps,1,ID,int,NO,PRI,auto_increment
medicalrecord,rps,2,KUNJUNGAN,char(19),NO,MUL,
medicalrecord,rps,3,DESKRIPSI,text,NO,,
medicalrecord,rps,4,TANGGAL,timestamp,NO,,"DEFAULT_GENERATED on update CURRENT_TIMESTAMP"
medicalrecord,rps,5,OLEH,smallint,NO,,
medicalrecord,rps,6,STATUS,tinyint,NO,,
medicalrecord,skrining_faktor_eksternal,1,ID,int,NO,PRI,auto_increment
medicalrecord,skrining_faktor_eksternal,2,KUNJUNGAN,char(19),NO,MUL,
medicalrecord,skrining_faktor_eksternal,3,ADA_PAPARAN_LINGKUNGAN,tinyint,YES,,
medicalrecord,skrining_faktor_eksternal,4,KETERANGAN_ADA_PAPARAN_LINGKUNGAN,text,YES,,
medicalrecord,skrining_faktor_eksternal,5,STRES,tinyint,YES,,
medicalrecord,skrining_faktor_eksternal,6,KETERANGAN_STRES,text,YES,,
medicalrecord,skrining_faktor_eksternal,7,TEMPAT_TINGGAL_MEDUKUNG_KESEHATAN,tinyint,YES,,
medicalrecord,skrining_faktor_eksternal,8,KETERANGAN_TEMPAT_TINGGAL_MEDUKUNG_KESEHATAN,text,YES,,
medicalrecord,skrining_faktor_eksternal,9,AKSES_AIR_BERSIH,tinyint,YES,,
medicalrecord,skrining_faktor_eksternal,10,TANGGAL_PEMERIKSAAN,datetime,NO,,
medicalrecord,skrining_faktor_eksternal,11,TANGGAL,timestamp,NO,,"DEFAULT_GENERATED on update CURRENT_TIMESTAMP"
medicalrecord,skrining_faktor_eksternal,12,OLEH,smallint,YES,,
medicalrecord,skrining_faktor_eksternal,13,STATUS,tinyint,YES,MUL,
medicalrecord,skrining_intervensi_dan_rekomendasi,1,ID,int,NO,PRI,auto_increment
medicalrecord,skrining_intervensi_dan_rekomendasi,2,KUNJUNGAN,char(19),NO,MUL,
medicalrecord,skrining_intervensi_dan_rekomendasi,3,RENCANA_INTERVENSI_GIZI,text,YES,,
medicalrecord,skrining_intervensi_dan_rekomendasi,4,REKOMENDASI_POLA_MAKAN,text,YES,,
medicalrecord,skrining_intervensi_dan_rekomendasi,5,RUJUKAN_AHLI_GIZI,tinyint,YES,,
medicalrecord,skrining_intervensi_dan_rekomendasi,6,KETERANGAN_RUJUKAN,text,YES,,
medicalrecord,skrining_intervensi_dan_rekomendasi,7,KONSELING_TERKAIT_LINGKUNGAN,text,YES,,
medicalrecord,skrining_intervensi_dan_rekomendasi,8,KELUARGA_MENGETAHUI,varchar(150),NO,,
medicalrecord,skrining_intervensi_dan_rekomendasi,9,TANGGAL_PEMERIKSAAN,datetime,NO,,
medicalrecord,skrining_intervensi_dan_rekomendasi,10,TANGGAL,timestamp,NO,,"DEFAULT_GENERATED on update CURRENT_TIMESTAMP"
medicalrecord,skrining_intervensi_dan_rekomendasi,11,OLEH,smallint,YES,,
medicalrecord,skrining_intervensi_dan_rekomendasi,12,STATUS,tinyint,YES,MUL,
medicalrecord,skrining_pola_makan_dan_nutrisi,1,ID,int,NO,PRI,auto_increment
medicalrecord,skrining_pola_makan_dan_nutrisi,2,KUNJUNGAN,char(19),NO,MUL,
medicalrecord,skrining_pola_makan_dan_nutrisi,3,KONSUMSI_MAKANAN_BERGIZI,tinyint,YES,,
medicalrecord,skrining_pola_makan_dan_nutrisi,4,KETERANGAN_KONSUMSI_MAKANAN_BERGIZI,text,YES,,
medicalrecord,skrining_pola_makan_dan_nutrisi,5,BERAPA_KALI_MAKAN,tinyint,YES,,
medicalrecord,skrining_pola_makan_dan_nutrisi,6,KARBOHIDRAT,tinyint,YES,,
medicalrecord,skrining_pola_makan_dan_nutrisi,7,PROTEIN_HEWANI,tinyint,YES,,
medicalrecord,skrining_pola_makan_dan_nutrisi,8,PROTEIN_NABATI,tinyint,YES,,
medicalrecord,skrining_pola_makan_dan_nutrisi,9,SAYUR_DAN_BUAH,tinyint,YES,,
medicalrecord,skrining_pola_makan_dan_nutrisi,10,TINGGI_GULA_DAN_LEMAK,tinyint,YES,,
medicalrecord,skrining_pola_makan_dan_nutrisi,11,VITAMIN,tinyint,YES,,
medicalrecord,skrining_pola_makan_dan_nutrisi,12,MINERAL,tinyint,YES,,
medicalrecord,skrining_pola_makan_dan_nutrisi,13,LAINNYA,tinyint,YES,,
medicalrecord,skrining_pola_makan_dan_nutrisi,14,KETERANGAN_LAINNYA,text,YES,,
medicalrecord,skrining_pola_makan_dan_nutrisi,15,TANGGAL_PEMERIKSAAN,datetime,NO,,
medicalrecord,skrining_pola_makan_dan_nutrisi,16,TANGGAL,timestamp,NO,,"DEFAULT_GENERATED on update CURRENT_TIMESTAMP"
medicalrecord,skrining_pola_makan_dan_nutrisi,17,OLEH,smallint,YES,,
medicalrecord,skrining_pola_makan_dan_nutrisi,18,STATUS,tinyint,YES,MUL,
medicalrecord,skrining_riwayat_kehamilan,1,ID,int,NO,PRI,auto_increment
medicalrecord,skrining_riwayat_kehamilan,2,KUNJUNGAN,char(19),NO,MUL,
medicalrecord,skrining_riwayat_kehamilan,3,USIA_KEHAMILAN,smallint,NO,,
medicalrecord,skrining_riwayat_kehamilan,4,KEHAMILAN_KEBERAPA,smallint,NO,,
medicalrecord,skrining_riwayat_kehamilan,5,KEHAMILAN_TERENCANA,tinyint,YES,,
medicalrecord,skrining_riwayat_kehamilan,6,KEHAMILAN_SEBELUMNYA,tinyint,NO,,
medicalrecord,skrining_riwayat_kehamilan,7,BERAT_RENDAH_SEBELUM_BBLR,tinyint,NO,,
medicalrecord,skrining_riwayat_kehamilan,8,RIWAYAT_KELAHIRAN_PREMATURE,tinyint,NO,,
medicalrecord,skrining_riwayat_kehamilan,9,RIWAYAT_STUNTING_ANAK,tinyint,NO,,
medicalrecord,skrining_riwayat_kehamilan,10,RUTIN_KUNSULING_GIZI,tinyint,NO,,
medicalrecord,skrining_riwayat_kehamilan,11,RUTIN_PEMERIKSAAN_KEHAMILAN_ANC,tinyint,NO,,
medicalrecord,skrining_riwayat_kehamilan,12,FREKUENSI_PEMERIKSAAN_KEHAMILAN,smallint,NO,,
medicalrecord,skrining_riwayat_kehamilan,13,TANGGAL_PEMERIKSAAN,datetime,NO,,
medicalrecord,skrining_riwayat_kehamilan,14,TANGGAL,timestamp,NO,,"DEFAULT_GENERATED on update CURRENT_TIMESTAMP"
medicalrecord,skrining_riwayat_kehamilan,15,OLEH,smallint,YES,,
medicalrecord,skrining_riwayat_kehamilan,16,STATUS,tinyint,YES,,
medicalrecord,skrining_riwayat_kesehatan_orang_tua,1,ID,int,NO,PRI,auto_increment
medicalrecord,skrining_riwayat_kesehatan_orang_tua,2,KUNJUNGAN,char(19),YES,MUL,
medicalrecord,skrining_riwayat_kesehatan_orang_tua,3,RIWAYAT_KRONIS_IBU,tinyint,YES,,
medicalrecord,skrining_riwayat_kesehatan_orang_tua,4,HIPERTENSI_IBU,tinyint,YES,,
medicalrecord,skrining_riwayat_kesehatan_orang_tua,5,DM_IBU,tinyint,YES,,
medicalrecord,skrining_riwayat_kesehatan_orang_tua,6,JANTUNG_IBU,tinyint,YES,,
medicalrecord,skrining_riwayat_kesehatan_orang_tua,7,HIV_IBU,tinyint,YES,,
medicalrecord,skrining_riwayat_kesehatan_orang_tua,8,HEPATITIS_IBU,tinyint,YES,,
medicalrecord,skrining_riwayat_kesehatan_orang_tua,9,TB_IBU,tinyint,YES,,
medicalrecord,skrining_riwayat_kesehatan_orang_tua,10,LAINYA_IBU,tinyint,YES,,
medicalrecord,skrining_riwayat_kesehatan_orang_tua,11,KETERANGAN_LAINYA_IBU,text,YES,,
medicalrecord,skrining_riwayat_kesehatan_orang_tua,12,ANEMIA,tinyint,YES,,
medicalrecord,skrining_riwayat_kesehatan_orang_tua,13,PERTAMA_KALI_TERDIAGNOSIS,text,YES,,
medicalrecord,skrining_riwayat_kesehatan_orang_tua,14,MENGKONSUMSI_ASAM_FOLAT_DAN_ZATBESI,tinyint,YES,,
medicalrecord,skrining_riwayat_kesehatan_orang_tua,15,SEJAK_USIA_KEHAMILAN,text,YES,,
medicalrecord,skrining_riwayat_kesehatan_orang_tua,16,PERNAH_KEKURANGAN_GIZI,tinyint,YES,,
medicalrecord,skrining_riwayat_kesehatan_orang_tua,17,USIA_KEHAMILAN,text,YES,,
medicalrecord,skrining_riwayat_kesehatan_orang_tua,18,HIPERTENSI,tinyint,YES,,
medicalrecord,skrining_riwayat_kesehatan_orang_tua,19,DALAM_PENGOBATAN_HIPERTENSI,tinyint,YES,,
medicalrecord,skrining_riwayat_kesehatan_orang_tua,20,RIWAYAT_KRONIS_SUAMI,tinyint,YES,,
medicalrecord,skrining_riwayat_kesehatan_orang_tua,21,HIPERTENSI_SUAMI,tinyint,YES,,
medicalrecord,skrining_riwayat_kesehatan_orang_tua,22,DM_SUAMI,tinyint,YES,,
medicalrecord,skrining_riwayat_kesehatan_orang_tua,23,JANTUNG_SUAMI,tinyint,YES,,
medicalrecord,skrining_riwayat_kesehatan_orang_tua,24,HIV_SUAMI,tinyint,YES,,
medicalrecord,skrining_riwayat_kesehatan_orang_tua,25,HEPATITIS_SUAMI,tinyint,YES,,
medicalrecord,skrining_riwayat_kesehatan_orang_tua,26,TB_SUAMI,tinyint,YES,,
medicalrecord,skrining_riwayat_kesehatan_orang_tua,27,LAINYA_SUAMI,tinyint,YES,,
medicalrecord,skrining_riwayat_kesehatan_orang_tua,28,KETERANGAN_LAINYA_SUAMI,text,YES,,
medicalrecord,skrining_riwayat_kesehatan_orang_tua,29,TANGGAL_PEMERIKSAAN,datetime,YES,,
medicalrecord,skrining_riwayat_kesehatan_orang_tua,30,TANGGAL,timestamp,YES,,"DEFAULT_GENERATED on update CURRENT_TIMESTAMP"
medicalrecord,skrining_riwayat_kesehatan_orang_tua,31,OLEH,smallint,YES,,
medicalrecord,skrining_riwayat_kesehatan_orang_tua,32,STATUS,tinyint,YES,MUL,
medicalrecord,status_fungsional,1,ID,int,NO,PRI,auto_increment
medicalrecord,status_fungsional,2,KUNJUNGAN,char(19),NO,MUL,
medicalrecord,status_fungsional,3,TANPA_ALAT_BANTU,int,NO,,
medicalrecord,status_fungsional,4,TONGKAT,int,NO,,
medicalrecord,status_fungsional,5,KURSI_RODA,int,NO,,
medicalrecord,status_fungsional,6,BRANKARD,int,NO,,
medicalrecord,status_fungsional,7,WALKER,int,NO,,
medicalrecord,status_fungsional,8,ALAT_BANTU,text,YES,,
medicalrecord,status_fungsional,9,CACAT_TUBUH_TIDAK,int,NO,,
medicalrecord,status_fungsional,10,CACAT_TUBUH_YA,int,NO,,
medicalrecord,status_fungsional,11,KET_CACAT_TUBUH,text,NO,,
medicalrecord,status_fungsional,12,TANGGAL,timestamp,NO,,"DEFAULT_GENERATED on update CURRENT_TIMESTAMP"
medicalrecord,status_fungsional,13,OLEH,smallint,NO,,
medicalrecord,status_fungsional,14,STATUS,tinyint,NO,,
medicalrecord,status_pediatric,1,ID,int,NO,PRI,auto_increment
medicalrecord,status_pediatric,2,KUNJUNGAN,char(19),NO,UNI,
medicalrecord,status_pediatric,3,STATUS_PEDIATRIC,int,NO,,
medicalrecord,status_pediatric,4,TANGGAL,timestamp,NO,,"DEFAULT_GENERATED on update CURRENT_TIMESTAMP"
medicalrecord,status_pediatric,5,OLEH,int,NO,,
medicalrecord,status_pediatric,6,STATUS,int,NO,MUL,
medicalrecord,surat_hd,1,ID,int,NO,PRI,auto_increment
medicalrecord,surat_hd,2,KUNJUNGAN,char(19),NO,MUL,
medicalrecord,surat_hd,3,HEMODINAMIK,tinyint,NO,,
medicalrecord,surat_hd,4,PERIOPERATIF,tinyint,NO,,
medicalrecord,surat_hd,5,IBU_HAMIL,tinyint,NO,,
medicalrecord,surat_hd,6,OVERHIDRASI,tinyint,NO,,
medicalrecord,surat_hd,7,BERAT_BADAN,tinyint,NO,,
medicalrecord,surat_hd,8,GINJAL_REJEKSI,tinyint,NO,,
medicalrecord,surat_hd,9,GINJAL_DELAYED,tinyint,NO,,
medicalrecord,surat_hd,10,MASA_BERLAKU,tinyint,YES,,
medicalrecord,surat_hd,11,DOKTER,smallint,NO,,
medicalrecord,surat_hd,12,TANGGAL_MULAI,date,NO,MUL,
medicalrecord,surat_hd,13,TANGGAL_SELESAI,date,NO,MUL,
medicalrecord,surat_hd,14,OLEH,smallint,NO,MUL,
medicalrecord,surat_hd,15,TANGGAL,timestamp,NO,,"DEFAULT_GENERATED on update CURRENT_TIMESTAMP"
medicalrecord,surat_hd,16,STATUS,tinyint,NO,MUL,
medicalrecord,surat_kelahiran,1,ID,int,NO,PRI,auto_increment
medicalrecord,surat_kelahiran,2,KUNJUNGAN,char(19),NO,MUL,
medicalrecord,surat_kelahiran,3,NOMOR,char(6),NO,MUL,
medicalrecord,surat_kelahiran,4,NORM_IBU,int,NO,MUL,
medicalrecord,surat_kelahiran,5,TANGGAL,date,NO,,
medicalrecord,surat_kelahiran,6,JAM,time,NO,,
medicalrecord,surat_kelahiran,7,BERAT,"decimal(9,3)",NO,,
medicalrecord,surat_kelahiran,8,PANJANG,"decimal(9,3)",NO,,
medicalrecord,surat_kelahiran,9,IBU,int,NO,,
medicalrecord,surat_kelahiran,10,BAPAK,int,NO,,
medicalrecord,surat_kelahiran,11,DPJP,int,NO,,
medicalrecord,surat_kelahiran,12,BIDAN,int,NO,,
medicalrecord,surat_kelahiran,13,KELAHIRAN_KE,tinyint,NO,,
medicalrecord,surat_kelahiran,14,INDEX_MASSA_TUBUH,varchar(150),NO,,
medicalrecord,surat_kelahiran,15,LINGKAR_KEPALA,varchar(150),NO,,
medicalrecord,surat_kelahiran,16,KEMBAR,tinyint,NO,,
medicalrecord,surat_kelahiran,17,KELAHIRAN_NORMAL,tinyint,NO,,
medicalrecord,surat_kelahiran,18,JENIS_PERSALINAN,tinyint,NO,,
medicalrecord,surat_kelahiran,19,TINDAKAN,smallint,NO,,
medicalrecord,surat_kelahiran,20,DIBUAT_TANGGAL,timestamp,NO,,"DEFAULT_GENERATED on update CURRENT_TIMESTAMP"
medicalrecord,surat_kelahiran,21,OLEH,smallint,NO,,
medicalrecord,surat_kelahiran,22,STATUS,tinyint,NO,MUL,
medicalrecord,surat_opname,1,ID,int,NO,PRI,auto_increment
medicalrecord,surat_opname,2,KUNJUNGAN,char(19),NO,UNI,
medicalrecord,surat_opname,3,NOMOR,char(6),NO,MUL,
medicalrecord,surat_opname,4,TANGGAL,date,NO,,
medicalrecord,surat_opname,5,KETERANGAN,text,NO,,
medicalrecord,surat_opname,6,DIBUAT_TANGGAL,timestamp,NO,,"DEFAULT_GENERATED on update CURRENT_TIMESTAMP"
medicalrecord,surat_opname,7,OLEH,smallint,NO,,
medicalrecord,surat_opname,8,STATUS,tinyint,NO,,
medicalrecord,surat_sakit,1,ID,int,NO,PRI,auto_increment
medicalrecord,surat_sakit,2,KUNJUNGAN,char(19),NO,UNI,
medicalrecord,surat_sakit,3,NOMOR,char(6),NO,MUL,
medicalrecord,surat_sakit,4,TANGGAL,date,NO,,
medicalrecord,surat_sakit,5,LAMA,smallint,NO,,
medicalrecord,surat_sakit,6,DESKRIPSI,text,YES,,
medicalrecord,surat_sakit,7,DIBUAT_TANGGAL,timestamp,YES,,"DEFAULT_GENERATED on update CURRENT_TIMESTAMP"
medicalrecord,surat_sakit,8,OLEH,int,YES,,
medicalrecord,surat_sakit,9,STATUS,int,YES,MUL,
medicalrecord,surat_sehat,1,ID,int,NO,PRI,auto_increment
medicalrecord,surat_sehat,2,KUNJUNGAN,char(19),NO,UNI,
medicalrecord,surat_sehat,3,NOMOR,char(6),NO,MUL,
medicalrecord,surat_sehat,4,TANGGAL,date,NO,,
medicalrecord,surat_sehat,5,ATAS_PERMINTAAN,varchar(250),NO,,
medicalrecord,surat_sehat,6,HASIL_PEMERIKSAAN,varchar(250),NO,,
medicalrecord,surat_sehat,7,KETERANGAN,text,NO,,
medicalrecord,surat_sehat,8,DIBUAT_TANGGAL,timestamp,NO,,"DEFAULT_GENERATED on update CURRENT_TIMESTAMP"
medicalrecord,surat_sehat,9,OLEH,smallint,NO,,
medicalrecord,surat_sehat,10,STATUS,tinyint,NO,MUL,
medicalrecord,tanda_vital,1,ID,int,NO,PRI,auto_increment
medicalrecord,tanda_vital,2,KUNJUNGAN,char(19),YES,MUL,
medicalrecord,tanda_vital,3,KEADAAN_UMUM,text,NO,,
medicalrecord,tanda_vital,4,KESADARAN,text,NO,,
medicalrecord,tanda_vital,5,SISTOLIK,"decimal(10,2)",NO,,
medicalrecord,tanda_vital,6,DISTOLIK,"decimal(10,2)",NO,,
medicalrecord,tanda_vital,7,FREKUENSI_NADI,"decimal(10,2)",NO,,
medicalrecord,tanda_vital,8,FREKUENSI_NAFAS,"decimal(10,2)",NO,,
medicalrecord,tanda_vital,9,SUHU,"decimal(10,2)",NO,,
medicalrecord,tanda_vital,10,SATURASI_O2,"decimal(10,2)",YES,,
medicalrecord,tanda_vital,11,EYE,"decimal(10,2)",NO,,
medicalrecord,tanda_vital,12,MOTORIK,"decimal(10,2)",NO,,
medicalrecord,tanda_vital,13,VERBAL,"decimal(10,2)",NO,,
medicalrecord,tanda_vital,14,GCS,"decimal(10,2)",NO,,
medicalrecord,tanda_vital,15,EWSS,smallint,NO,,
medicalrecord,tanda_vital,16,UMUR,smallint,NO,,
medicalrecord,tanda_vital,17,PEWSS,smallint,NO,,
medicalrecord,tanda_vital,18,TINGKAT_KESADARAN,tinyint,NO,,
medicalrecord,tanda_vital,19,WAKTU_PEMERIKSAAN,datetime,NO,MUL,
medicalrecord,tanda_vital,20,ALAT_BANTU_NAFAS,tinyint,NO,,
medicalrecord,tanda_vital,21,TANGGAL,timestamp,NO,,"DEFAULT_GENERATED on update CURRENT_TIMESTAMP"
medicalrecord,tanda_vital,22,OLEH,int,NO,MUL,
medicalrecord,tanda_vital,23,STATUS,int,NO,MUL,
medicalrecord,tindakan_abci,1,ID,int,NO,PRI,auto_increment
medicalrecord,tindakan_abci,2,KUNJUNGAN,char(19),NO,MUL,
medicalrecord,tindakan_abci,3,AKTIF_BERLEBIHAN_DIRUMAH,smallint,NO,,
medicalrecord,tindakan_abci,4,MELUKAI_DIRI_TUJUAN_TERTENTU,smallint,NO,,
medicalrecord,tindakan_abci,5,LESUH_LEMAH_KURANG_AKTIF,smallint,NO,,
medicalrecord,tindakan_abci,6,AGRESIF_VERBAL_FISIK_ANAK_DEWASA,smallint,NO,,
medicalrecord,tindakan_abci,7,MENYENDIRI_DARI_ORANG_LAIN,smallint,NO,,
medicalrecord,tindakan_abci,8,PERGERAKAN_TUBUH_BERULANG_TIDAK_BERTUJUAN,smallint,NO,,
medicalrecord,tindakan_abci,9,RAMA_BERISIK_TANPA_ALASAN,smallint,NO,,
medicalrecord,tindakan_abci,10,BERTERIAK_TANPA_ALASAN,smallint,NO,,
medicalrecord,tindakan_abci,11,BANYAK_BICARA,smallint,NO,,
medicalrecord,tindakan_abci,12,TEMPER_TANTRUM,smallint,NO,,
medicalrecord,tindakan_abci,13,STEREOTIPLIK_TIDAK_NORMAL_BERULANG,smallint,NO,,
medicalrecord,tindakan_abci,14,MENATAP_LANGIT,smallint,NO,,
medicalrecord,tindakan_abci,15,IMPLUSIF,smallint,NO,,
medicalrecord,tindakan_abci,16,IRRITABLE,smallint,NO,,
medicalrecord,tindakan_abci,17,GELISA_TIDAK_DAPAT_DUDUK_DIAM,smallint,NO,,
medicalrecord,tindakan_abci,18,DOKTER,smallint,NO,,
medicalrecord,tindakan_abci,19,INTERPRETASI,tinytext,YES,,
medicalrecord,tindakan_abci,20,ANJURAN,tinytext,YES,,
medicalrecord,tindakan_abci,21,DIBUAT_TANGGAL,timestamp,NO,,DEFAULT_GENERATED
medicalrecord,tindakan_abci,22,OLEH,smallint,NO,,
medicalrecord,tindakan_abci,23,STATUS,tinyint,NO,MUL,
medicalrecord,tindakan_mmpi,1,ID,int,NO,PRI,auto_increment
medicalrecord,tindakan_mmpi,2,KUNJUNGAN,char(19),NO,MUL,
medicalrecord,tindakan_mmpi,3,HASIL,tinytext,YES,,
medicalrecord,tindakan_mmpi,4,KEBUTUHAN,tinytext,YES,,
medicalrecord,tindakan_mmpi,5,DOKTER,smallint,NO,,
medicalrecord,tindakan_mmpi,6,DIBUAT_TANGGAL,timestamp,NO,,DEFAULT_GENERATED
medicalrecord,tindakan_mmpi,7,OLEH,smallint,NO,,
medicalrecord,tindakan_mmpi,8,STATUS,tinyint,NO,MUL,
medicalrecord,triage,1,ID,int,NO,PRI,auto_increment
medicalrecord,triage,2,NORM,int,YES,MUL,
medicalrecord,triage,3,NOPEN,char(10),YES,MUL,
medicalrecord,triage,4,KUNJUNGAN,char(19),YES,MUL,
medicalrecord,triage,5,NIK,char(16),YES,MUL,
medicalrecord,triage,6,NAMA,varchar(75),YES,MUL,
medicalrecord,triage,7,TANGGAL_LAHIR,date,YES,,
medicalrecord,triage,8,JENIS_KELAMIN,tinyint,YES,,
medicalrecord,triage,9,TANGGAL,datetime,NO,,
medicalrecord,triage,10,KEDATANGAN,json,YES,,
medicalrecord,triage,11,KASUS,json,YES,,
medicalrecord,triage,12,ANAMNESE,json,YES,,
medicalrecord,triage,13,TANDA_VITAL,json,YES,,
medicalrecord,triage,14,OBGYN,json,YES,,
medicalrecord,triage,15,KEBUTUHAN_KHUSUS,json,YES,,
medicalrecord,triage,16,KATEGORI_PEMERIKSAAN,tinyint,YES,,
medicalrecord,triage,17,RESUSITASI,json,YES,,
medicalrecord,triage,18,EMERGENCY,json,YES,,
medicalrecord,triage,19,URGENT,json,YES,,
medicalrecord,triage,20,LESS_URGENT,json,YES,,
medicalrecord,triage,21,NON_URGENT,json,YES,,
medicalrecord,triage,22,DOA,json,YES,,
medicalrecord,triage,23,KRITERIA,varchar(150),YES,,
medicalrecord,triage,24,HANDOVER,varchar(150),YES,,
medicalrecord,triage,25,PLAN,tinyint,YES,,
medicalrecord,triage,26,OLEH,smallint,NO,,
medicalrecord,triage,27,TANGGAL_FINAL,datetime,YES,,
medicalrecord,triage,28,DOKTER_ID,smallint,YES,,
medicalrecord,triage,29,PERAWAT_ID,smallint,YES,,
medicalrecord,triage,30,STATUS,tinyint,YES,,
medicalrecord,upload_document,1,ID,int,NO,PRI,auto_increment
medicalrecord,upload_document,2,KUNJUNGAN,char(19),NO,MUL,
medicalrecord,upload_document,3,JENIS_DOCUMENT,tinyint,NO,,
medicalrecord,upload_document,4,ID_REFERENSI_DOCUMENT,mediumint,NO,MUL,
medicalrecord,upload_document,5,KETERANGAN,varchar(300),NO,MUL,
medicalrecord,upload_document,6,PEGAWAI,varchar(30),NO,,
medicalrecord,upload_document,7,BERTANDA_TANGAN,char(200),NO,,
medicalrecord,upload_document,8,DOCUMENT,char(50),NO,,
medicalrecord,upload_document,9,TANGGAL,datetime,NO,,
medicalrecord,upload_document,10,DIBUAT_TANGGAL,timestamp,NO,,DEFAULT_GENERATED
medicalrecord,upload_document,11,OLEH,smallint,NO,,
medicalrecord,upload_document,12,STATUS,tinyint,NO,MUL,
medicalrecord,upload_hasil_pemeriksaan_mata,1,ID,int,NO,PRI,auto_increment
medicalrecord,upload_hasil_pemeriksaan_mata,2,KUNJUNGAN,char(19),NO,MUL,
medicalrecord,upload_hasil_pemeriksaan_mata,3,JENIS_PEMERIKSAAN,smallint,NO,MUL,
medicalrecord,upload_hasil_pemeriksaan_mata,4,TINDAKAN,char(11),NO,,
medicalrecord,upload_hasil_pemeriksaan_mata,5,DOKUMENT_ID,char(36),NO,,
medicalrecord,upload_hasil_pemeriksaan_mata,6,CATATATAN,text,NO,,
medicalrecord,upload_hasil_pemeriksaan_mata,7,DOKTER,smallint,NO,,
medicalrecord,upload_hasil_pemeriksaan_mata,8,TANGGAL_INPUT,datetime,NO,,
medicalrecord,upload_hasil_pemeriksaan_mata,9,TANGGAL,timestamp,NO,,"DEFAULT_GENERATED on update CURRENT_TIMESTAMP"
medicalrecord,upload_hasil_pemeriksaan_mata,10,OLEH,smallint,NO,,
medicalrecord,upload_hasil_pemeriksaan_mata,11,OLEH_HAPUS,smallint,NO,,
medicalrecord,upload_hasil_pemeriksaan_mata,12,STATUS,tinyint,NO,MUL,
medicalrecord,verifikasi_cppt,1,ID,int,NO,PRI,auto_increment
medicalrecord,verifikasi_cppt,2,KUNJUNGAN,char(19),NO,MUL,
medicalrecord,verifikasi_cppt,3,BATAS_TANGGAL,datetime,NO,MUL,
medicalrecord,verifikasi_cppt,4,TANGGAL,timestamp,NO,,"DEFAULT_GENERATED on update CURRENT_TIMESTAMP"
medicalrecord,verifikasi_cppt,5,OLEH,smallint,NO,,
medicalrecord,verifikasi_cppt,6,STATUS,tinyint,NO,MUL,
pegawai,kartu_identitas,1,ID,int,NO,PRI,auto_increment
pegawai,kartu_identitas,2,JENIS,tinyint,NO,MUL,
pegawai,kartu_identitas,3,NIP,varchar(30),NO,MUL,
pegawai,kartu_identitas,4,NOMOR,varchar(16),NO,,
pegawai,kartu_identitas,5,ALAMAT,varchar(150),NO,,
pegawai,kartu_identitas,6,RT,char(3),YES,,
pegawai,kartu_identitas,7,RW,char(3),YES,,
pegawai,kartu_identitas,8,KODEPOS,char(5),YES,,
pegawai,kartu_identitas,9,WILAYAH,char(10),YES,,
pegawai,kontak_pegawai,1,ID,int,NO,PRI,auto_increment
pegawai,kontak_pegawai,2,JENIS,tinyint,NO,MUL,
pegawai,kontak_pegawai,3,NIP,char(30),NO,MUL,
pegawai,kontak_pegawai,4,NOMOR,varchar(35),NO,,
pegawai,kontak_pegawai,5,STATUS,tinyint,NO,MUL,
pegawai,str_sip,1,ID,smallint,NO,PRI,auto_increment
pegawai,str_sip,2,NIP,varchar(50),NO,MUL,
pegawai,str_sip,3,JENIS,smallint,NO,,
pegawai,str_sip,4,NOMOR,text,NO,,
pegawai,str_sip,5,TANGGAL_BERLAKU,date,NO,,
pegawai,str_sip,6,BERLAKU_SAMPAI,date,NO,,
pegawai,str_sip,7,FILE,longblob,YES,,
pegawai,str_sip,8,TYPE,varchar(50),YES,,
pegawai,str_sip,9,TANGGAL,date,NO,,
pegawai,str_sip,10,STATUS,smallint,NO,,
pembatalan,pembatalan_document,1,ID,int,NO,PRI,auto_increment
pembatalan,pembatalan_document,2,KUNJUNGAN,char(19),NO,MUL,
pembatalan,pembatalan_document,3,REF_ID,int,NO,,
pembatalan,pembatalan_document,4,ALASAN,tinytext,NO,,
pembatalan,pembatalan_document,5,TANGGAL,datetime,NO,,DEFAULT_GENERATED
pembatalan,pembatalan_document,6,OLEH,smallint,NO,,
pembatalan,pembatalan_final_hasil,1,ID,int,NO,PRI,auto_increment
pembatalan,pembatalan_final_hasil,2,KUNJUNGAN,char(19),NO,MUL,
pembatalan,pembatalan_final_hasil,3,REF,char(19),NO,,
pembatalan,pembatalan_final_hasil,4,ALASAN,varchar(1000),NO,,
pembatalan,pembatalan_final_hasil,5,TANGGAL,datetime,NO,,
pembatalan,pembatalan_final_hasil,6,OLEH,smallint,NO,,
pembatalan,pembatalan_kunjungan,1,ID,int,NO,PRI,auto_increment
pembatalan,pembatalan_kunjungan,2,KUNJUNGAN,char(19),NO,MUL,
pembatalan,pembatalan_kunjungan,3,JENIS,tinyint,NO,MUL,
pembatalan,pembatalan_kunjungan,4,TANGGAL,datetime,NO,,
pembatalan,pembatalan_kunjungan,5,OLEH,smallint,NO,,
pembatalan,pembatalan_kunjungan,6,STATUS,tinyint,NO,,
pembatalan,pembatalan_rekam_medis,1,ID,int,NO,PRI,auto_increment
pembatalan,pembatalan_rekam_medis,2,KUNJUNGAN,char(19),NO,MUL,
pembatalan,pembatalan_rekam_medis,3,MODULE,char(20),NO,MUL,
pembatalan,pembatalan_rekam_medis,4,MEDICAL_RECORD,int,NO,MUL,
pembatalan,pembatalan_rekam_medis,5,JENIS,tinyint,NO,MUL,
pembatalan,pembatalan_rekam_medis,6,TANGGAL,datetime,NO,,
pembatalan,pembatalan_rekam_medis,7,OLEH,smallint,NO,,
pembatalan,pembatalan_rekam_medis,8,STATUS,tinyint,NO,,
pembatalan,pembatalan_retur,1,ID,int,NO,PRI,auto_increment
pembatalan,pembatalan_retur,2,RETUR,int,NO,MUL,
pembatalan,pembatalan_retur,3,JENIS,tinyint,NO,MUL,
pembatalan,pembatalan_retur,4,ALASAN,tinyint,NO,,
pembatalan,pembatalan_retur,5,TANGGAL,datetime,NO,MUL,
pembatalan,pembatalan_retur,6,OLEH,smallint,NO,,
pembatalan,pembatalan_retur,7,STATUS,tinyint,NO,,
pembayaran,deposit,1,ID,int,NO,PRI,auto_increment
pembayaran,deposit,2,TAGIHAN,char(10),NO,MUL,
pembayaran,deposit,3,TANGGAL,datetime,NO,MUL,
pembayaran,deposit,4,JENIS,tinyint,NO,MUL,
pembayaran,deposit,5,NAMA,varchar(75),NO,,
pembayaran,deposit,6,TOTAL,"decimal(60,2)",NO,,
pembayaran,deposit,7,KETERANGAN,varchar(1000),YES,,
pembayaran,deposit,8,OLEH,smallint,NO,,
pembayaran,deposit,9,STATUS,tinyint,NO,,
pembayaran,diskon,1,ID,int,NO,PRI,auto_increment
pembayaran,diskon,2,TAGIHAN,char(10),NO,UNI,
pembayaran,diskon,3,TANGGAL,datetime,NO,MUL,
pembayaran,diskon,4,ADMINISTRASI,"decimal(60,2)",NO,,
pembayaran,diskon,5,AKOMODASI,"decimal(60,2)",NO,,
pembayaran,diskon,6,SARANA_NON_AKOMODASI,"decimal(60,2)",NO,,
pembayaran,diskon,7,PARAMEDIS,"decimal(60,2)",NO,,
pembayaran,diskon,8,OLEH,smallint,NO,,
pembayaran,diskon,9,STATUS,tinyint,NO,,
pembayaran,diskon_dokter,1,ID,int,NO,PRI,auto_increment
pembayaran,diskon_dokter,2,TAGIHAN,char(10),NO,MUL,
pembayaran,diskon_dokter,3,DOKTER,smallint,NO,,
pembayaran,diskon_dokter,4,TOTAL,"decimal(60,2)",NO,,
pembayaran,diskon_dokter,5,TANGGAL,datetime,NO,MUL,
pembayaran,diskon_dokter,6,OLEH,smallint,NO,,
pembayaran,diskon_dokter,7,STATUS,smallint,NO,,
pembayaran,edc,1,ID,int,NO,PRI,auto_increment
pembayaran,edc,2,TAGIHAN,char(10),NO,MUL,
pembayaran,edc,3,BANK,tinyint,NO,,
pembayaran,edc,4,JENIS_KARTU,tinyint,NO,,
pembayaran,edc,5,NOMOR,char(25),NO,,
pembayaran,edc,6,PEMILIK,varchar(75),NO,,
pembayaran,edc,7,APRV_CODE,varchar(75),NO,,
pembayaran,edc,8,TOTAL,"decimal(60,2)",NO,,
pembayaran,edc,9,TANGGAL,datetime,NO,MUL,
pembayaran,edc,10,OLEH,smallint,NO,,
pembayaran,edc,11,STATUS,tinyint,NO,,
pembayaran,gabung_tagihan,1,ID,int,NO,PRI,auto_increment
pembayaran,gabung_tagihan,2,DARI,char(10),NO,MUL,
pembayaran,gabung_tagihan,3,KE,char(10),NO,,
pembayaran,gabung_tagihan,4,TANGGAL,datetime,NO,,
pembayaran,gabung_tagihan,5,OLEH,smallint,NO,,
pembayaran,gabung_tagihan,6,STATUS,tinyint,NO,,
pembayaran,kasir,1,ID,smallint,NO,,
pembayaran,kasir,2,NAMA,varchar(75),NO,,
pembayaran,kasir,3,NIP,varchar(30),YES,,
pembayaran,keluhan_utama,1,ID,int,NO,PRI,auto_increment
pembayaran,keluhan_utama,2,KUNJUNGAN,char(19),NO,MUL,
pembayaran,keluhan_utama,3,PENDAFTARAN,char(10),NO,MUL,
pembayaran,keluhan_utama,4,DESKRIPSI,text,NO,,
pembayaran,keluhan_utama,5,TANGGAL,timestamp,NO,,"DEFAULT_GENERATED on update CURRENT_TIMESTAMP"
pembayaran,keluhan_utama,6,OLEH,smallint,NO,,
pembayaran,keluhan_utama,7,STATUS,tinyint,NO,,
pembayaran,layanan_penyedia,1,ID,smallint,NO,PRI,auto_increment
pembayaran,layanan_penyedia,2,PENYEDIA_ID,smallint,NO,MUL,
pembayaran,layanan_penyedia,3,JENIS_LAYANAN_ID,tinyint,NO,MUL,
pembayaran,layanan_penyedia,4,DRIVER,varchar(100),NO,,
pembayaran,layanan_penyedia,5,KODE,char(10),YES,,
pembayaran,layanan_penyedia,6,STATUS_ID,tinyint,YES,MUL,
pembayaran,pelunasan_piutang_pasien,1,ID,int,NO,PRI,auto_increment
pembayaran,pelunasan_piutang_pasien,2,TAGIHAN_PIUTANG,char(10),YES,MUL,
pembayaran,pelunasan_piutang_pasien,3,ANGSURAN_KE,int,NO,,
pembayaran,pelunasan_piutang_pasien,4,JUMLAH_ANGSURAN_DIBAYAR,int,NO,,
pembayaran,pelunasan_piutang_pasien,5,TOTAL_BAYAR,"decimal(60,2)",NO,,
pembayaran,pelunasan_piutang_pasien,6,JENIS_PEMBAYARAN,tinyint,NO,MUL,
pembayaran,pelunasan_piutang_pasien,7,TANGGAL,timestamp,YES,,"DEFAULT_GENERATED on update CURRENT_TIMESTAMP"
pembayaran,pelunasan_piutang_pasien,8,OLEH,int,NO,,
pembayaran,pelunasan_piutang_pasien,9,STATUS,int,NO,MUL,
pembayaran,pelunasan_piutang_perusahaan,1,ID,int,NO,PRI,auto_increment
pembayaran,pelunasan_piutang_perusahaan,2,TAGIHAN_PIUTANG,char(10),NO,MUL,
pembayaran,pelunasan_piutang_perusahaan,3,PENJAMIN,tinyint,NO,,
pembayaran,pelunasan_piutang_perusahaan,4,TOTAL_PIUTANG,"decimal(60,2)",NO,,
pembayaran,pelunasan_piutang_perusahaan,5,TOTAL_BAYAR,"decimal(60,2)",NO,,
pembayaran,pelunasan_piutang_perusahaan,6,TANGGAL,timestamp,NO,,"DEFAULT_GENERATED on update CURRENT_TIMESTAMP"
pembayaran,pelunasan_piutang_perusahaan,7,OLEH,int,NO,,
pembayaran,pelunasan_piutang_perusahaan,8,STATUS,int,NO,MUL,
pembayaran,pembatalan_tagihan,1,ID,int,NO,PRI,auto_increment
pembayaran,pembatalan_tagihan,2,TAGIHAN,char(10),NO,MUL,
pembayaran,pembatalan_tagihan,3,JENIS,tinyint,NO,MUL,
pembayaran,pembatalan_tagihan,4,TANGGAL,datetime,NO,MUL,
pembayaran,pembatalan_tagihan,5,OLEH,smallint,NO,,
pembayaran,pembatalan_tagihan,6,STATUS,tinyint,NO,,
pembayaran,pembayaran_tagihan,1,NOMOR,char(11),NO,PRI,
pembayaran,pembayaran_tagihan,2,TAGIHAN,char(10),NO,MUL,
pembayaran,pembayaran_tagihan,3,JENIS,tinyint,NO,MUL,
pembayaran,pembayaran_tagihan,4,JENIS_LAYANAN_ID,tinyint,NO,MUL,
pembayaran,pembayaran_tagihan,5,PENYEDIA_ID,smallint,YES,MUL,
pembayaran,pembayaran_tagihan,6,TANGGAL,datetime,NO,MUL,
pembayaran,pembayaran_tagihan,7,REKENING_ID,smallint,YES,,
pembayaran,pembayaran_tagihan,8,NO_ID,char(25),YES,MUL,
pembayaran,pembayaran_tagihan,9,NAMA,varchar(135),YES,MUL,
pembayaran,pembayaran_tagihan,10,REF,char(20),NO,MUL,
pembayaran,pembayaran_tagihan,11,JENIS_KARTU_ID,tinyint,YES,,
pembayaran,pembayaran_tagihan,12,BANK_ID,smallint,YES,MUL,
pembayaran,pembayaran_tagihan,13,DESKRIPSI,varchar(150),NO,,
pembayaran,pembayaran_tagihan,14,BIAYA_ADMIN,"decimal(60,2)",NO,,
pembayaran,pembayaran_tagihan,15,TOTAL,"decimal(60,2)",NO,,
pembayaran,pembayaran_tagihan,16,BRIDGE,tinyint,NO,,
pembayaran,pembayaran_tagihan,17,TRANSAKSI_KASIR_NOMOR,int,NO,MUL,
pembayaran,pembayaran_tagihan,18,TANGGAL_DIBUAT,timestamp,NO,,DEFAULT_GENERATED
pembayaran,pembayaran_tagihan,19,BATAS_WAKTU,datetime,YES,,
pembayaran,pembayaran_tagihan,20,OLEH,mediumint,NO,,
pembayaran,pembayaran_tagihan,21,DIUBAH_TANGGAL,timestamp,YES,,"on update CURRENT_TIMESTAMP"
pembayaran,pembayaran_tagihan,22,DIUBAH_OLEH,mediumint,YES,,
pembayaran,pembayaran_tagihan,23,STATUS,tinyint,NO,MUL,
pembayaran,pembuatan_tagihan_terpisah,1,ID,int,NO,PRI,auto_increment
pembayaran,pembuatan_tagihan_terpisah,2,RUANGAN,char(10),NO,MUL,
pembayaran,pembuatan_tagihan_terpisah,3,PENJAMIN,smallint,NO,,
pembayaran,pembuatan_tagihan_terpisah,4,STATUS,tinyint,NO,MUL,
pembayaran,penerbitan_virtual_account,1,ID,char(10),NO,PRI,
pembayaran,penerbitan_virtual_account,2,AKUN,char(6),YES,MUL,
pembayaran,penerbitan_virtual_account,3,SUB_AKUN,smallint,YES,,
pembayaran,penerbitan_virtual_account,4,JENIS_ID,tinyint,YES,MUL,
pembayaran,penerbitan_virtual_account,5,NOMOR,char(19),YES,MUL,
pembayaran,penerbitan_virtual_account,6,NAMA,varchar(40),YES,,
pembayaran,penerbitan_virtual_account,7,REF_ID,varchar(25),YES,MUL,
pembayaran,penerbitan_virtual_account,8,REF_VA_ID,char(16),YES,MUL,
pembayaran,penerbitan_virtual_account,9,DESKRIPSI,varchar(150),YES,,
pembayaran,penerbitan_virtual_account,10,DIBUAT_OLEH,smallint,YES,,
pembayaran,penerbitan_virtual_account,11,DIBUAT_TANGGAL,datetime,YES,MUL,
pembayaran,penerbitan_virtual_account,12,BERAKHIR_TANGGAL,datetime,YES,MUL,
pembayaran,penerbitan_virtual_account,13,STATUS,tinyint,NO,MUL,
pembayaran,pengembalian_deposit,1,TAGIHAN,char(10),NO,PRI,
pembayaran,pengembalian_deposit,2,TANGGAL,datetime,NO,PRI,
pembayaran,pengembalian_deposit,3,NAMA_PENERIMA,varchar(75),NO,,
pembayaran,pengembalian_deposit,4,TOTAL,"decimal(60,2)",NO,,
pembayaran,pengembalian_deposit,5,OLEH,smallint,NO,,
pembayaran,pengembalian_deposit,6,STATUS,tinyint,NO,,
pembayaran,penjamin_tagihan,1,TAGIHAN,char(10),NO,PRI,
pembayaran,penjamin_tagihan,2,PENJAMIN,smallint,NO,PRI,
pembayaran,penjamin_tagihan,3,KE,tinyint,NO,,
pembayaran,penjamin_tagihan,4,TOTAL,"decimal(60,2)",NO,,
pembayaran,penjamin_tagihan,5,TOTAL_NAIK_KELAS,"decimal(60,2)",NO,,
pembayaran,penjamin_tagihan,6,NAIK_KELAS,tinyint,NO,,
pembayaran,penjamin_tagihan,7,NAIK_KELAS_VIP,tinyint,NO,,
pembayaran,penjamin_tagihan,8,NAIK_DIATAS_VIP,tinyint,NO,,
pembayaran,penjamin_tagihan,9,KELAS,tinyint,NO,,
pembayaran,penjamin_tagihan,10,LAMA_NAIK,smallint,NO,,
pembayaran,penjamin_tagihan,11,TOTAL_TAGIHAN_HAK,"decimal(60,2)",NO,,
pembayaran,penjamin_tagihan,12,TARIF_INACBG_KELAS1,"decimal(60,2)",NO,,
pembayaran,penjamin_tagihan,13,SUBSIDI_TAGIHAN,int,NO,MUL,
pembayaran,penjamin_tagihan,14,SELISIH_MINIMAL,"decimal(60,2)",YES,,
pembayaran,penjamin_tagihan,15,KELAS_KLAIM,tinyint,NO,,
pembayaran,penjamin_tagihan,16,PERSENTASE_TARIF_INACBG_KELAS1,"decimal(10,2)",NO,,
pembayaran,penjamin_tagihan,17,TOTAL_TAGIHAN_VIP,"decimal(60,2)",NO,,
pembayaran,penjamin_tagihan,18,TOTAL_TAGIHAN_VIP_AKOMODASI_DAN_VISITE,"decimal(60,2)",NO,,
pembayaran,penjamin_tagihan,19,MANUAL,tinyint,NO,,
pembayaran,penjamin_tagihan,20,OLEH,smallint,NO,,
pembayaran,penjamin_tagihan,21,TANGGAL,timestamp,NO,,"DEFAULT_GENERATED on update CURRENT_TIMESTAMP"
pembayaran,penyedia,1,ID,smallint,NO,PRI,auto_increment
pembayaran,penyedia,2,NAMA,varchar(100),NO,,
pembayaran,penyedia,3,JENIS_PENYEDIA_ID,tinyint,NO,MUL,
pembayaran,penyedia,4,REFERENSI_ID,smallint,YES,,
pembayaran,penyedia,5,STATUS_ID,tinyint,NO,MUL,
pembayaran,piutang_pasien,1,ID,int,NO,PRI,auto_increment
pembayaran,piutang_pasien,2,TAGIHAN,char(10),NO,UNI,
pembayaran,piutang_pasien,3,NAMA,varchar(75),NO,,
pembayaran,piutang_pasien,4,SHDK,tinyint,NO,MUL,
pembayaran,piutang_pasien,5,NO_KARTU_IDENTITAS,varchar(16),NO,MUL,
pembayaran,piutang_pasien,6,JENIS_KARTU,tinyint,NO,MUL,
pembayaran,piutang_pasien,7,ALAMAT_KARTU,varchar(150),NO,,
pembayaran,piutang_pasien,8,ALAMAT_TEMPAT_TINGGAL,varchar(150),NO,,
pembayaran,piutang_pasien,9,TELEPON,varchar(35),NO,,
pembayaran,piutang_pasien,10,ALASAN,varchar(250),NO,,
pembayaran,piutang_pasien,11,TANGGAL,datetime,NO,MUL,
pembayaran,piutang_pasien,12,TOTAL,"decimal(60,2)",NO,,
pembayaran,piutang_pasien,13,JENIS_PEMBAYARAN,tinyint,NO,,
pembayaran,piutang_pasien,14,LAMA_ANGSURAN,tinyint,NO,,
pembayaran,piutang_pasien,15,BESAR_ANGSURAN,"decimal(60,2)",NO,,
pembayaran,piutang_pasien,16,OLEH,smallint,NO,,
pembayaran,piutang_pasien,17,STATUS,tinyint,NO,MUL,
pembayaran,piutang_perusahaan,1,ID,int,NO,PRI,auto_increment
pembayaran,piutang_perusahaan,2,TAGIHAN,char(10),NO,MUL,
pembayaran,piutang_perusahaan,3,PENJAMIN,smallint,NO,,
pembayaran,piutang_perusahaan,4,ALAMAT,varchar(150),NO,,
pembayaran,piutang_perusahaan,5,TELEPON,varchar(35),NO,,
pembayaran,piutang_perusahaan,6,TANGGAL,datetime,NO,MUL,
pembayaran,piutang_perusahaan,7,TOTAL,"decimal(60,2)",NO,,
pembayaran,piutang_perusahaan,8,OLEH,smallint,NO,,
pembayaran,piutang_perusahaan,9,STATUS,tinyint,NO,MUL,
pembayaran,rincian_tagihan,1,TAGIHAN,char(10),NO,MUL,
pembayaran,rincian_tagihan,2,REF_ID,char(19),NO,MUL,
pembayaran,rincian_tagihan,3,JENIS,tinyint,NO,MUL,
pembayaran,rincian_tagihan,4,TARIF_ID,int,YES,MUL,
pembayaran,rincian_tagihan,5,JUMLAH,"decimal(60,2)",NO,,
pembayaran,rincian_tagihan,6,TARIF,"decimal(60,2)",NO,,
pembayaran,rincian_tagihan,7,PERSENTASE_DISKON,tinyint,NO,,
pembayaran,rincian_tagihan,8,DISKON,"decimal(60,2)",NO,,
pembayaran,rincian_tagihan,9,STATUS,tinyint,NO,,
pembayaran,rincian_tagihan_paket,1,TAGIHAN,char(10),NO,PRI,
pembayaran,rincian_tagihan_paket,2,PAKET_DETIL,int,NO,PRI,
pembayaran,rincian_tagihan_paket,3,REF_ID,char(19),NO,PRI,
pembayaran,rincian_tagihan_paket,4,TARIF_ID,tinyint,YES,MUL,
pembayaran,rincian_tagihan_paket,5,JUMLAH,"decimal(60,2)",NO,,
pembayaran,rincian_tagihan_paket,6,STATUS,tinyint,NO,,
pembayaran,rincian_tagihan_temp,1,ID,bigint,NO,PRI,auto_increment
pembayaran,rincian_tagihan_temp,2,TANGGAL,datetime,NO,MUL,
pembayaran,rincian_tagihan_temp,3,TAGIHAN,char(10),NO,,
pembayaran,rincian_tagihan_temp,4,REF_ID,char(19),NO,,
pembayaran,rincian_tagihan_temp,5,JENIS,tinyint,NO,,
pembayaran,rincian_tagihan_temp,6,TARIF_ID,int,YES,,
pembayaran,rincian_tagihan_temp,7,JUMLAH,"decimal(10,2)",NO,,
pembayaran,rincian_tagihan_temp,8,TARIF,"decimal(60,2)",NO,,
pembayaran,rincian_tagihan_temp,9,STATUS,tinyint,NO,,
pembayaran,subsidi_tagihan,1,ID,int,NO,PRI,auto_increment
pembayaran,subsidi_tagihan,2,TAGIHAN,char(10),NO,MUL,
pembayaran,subsidi_tagihan,3,TOTAL,"decimal(60,2)",NO,,
pembayaran,subsidi_tagihan,4,TANGGAL,datetime,NO,MUL,
pembayaran,subsidi_tagihan,5,OLEH,smallint,NO,,
pembayaran,subsidi_tagihan,6,STATUS,tinyint,NO,,
pembayaran,tagihan,1,ID,char(10),NO,PRI,
pembayaran,tagihan,2,REF,int,NO,MUL,
pembayaran,tagihan,3,TANGGAL,datetime,NO,MUL,
pembayaran,tagihan,4,JENIS,tinyint,NO,MUL,
pembayaran,tagihan,5,TOTAL,"decimal(60,2)",NO,,
pembayaran,tagihan,6,PEMBULATAN,"decimal(60,2)",NO,,
pembayaran,tagihan,7,PROSEDUR_NON_BEDAH,"decimal(60,2)",NO,,
pembayaran,tagihan,8,PROSEDUR_BEDAH,"decimal(60,2)",NO,,
pembayaran,tagihan,9,KONSULTASI,"decimal(60,2)",NO,,
pembayaran,tagihan,10,TENAGA_AHLI,"decimal(60,2)",NO,,
pembayaran,tagihan,11,KEPERAWATAN,"decimal(60,2)",NO,,
pembayaran,tagihan,12,PENUNJANG,"decimal(60,2)",NO,,
pembayaran,tagihan,13,RADIOLOGI,"decimal(60,2)",NO,,
pembayaran,tagihan,14,LABORATORIUM,"decimal(60,2)",NO,,
pembayaran,tagihan,15,BANK_DARAH,"decimal(60,2)",NO,,
pembayaran,tagihan,16,REHAB_MEDIK,"decimal(60,2)",NO,,
pembayaran,tagihan,17,AKOMODASI,"decimal(60,2)",NO,,
pembayaran,tagihan,18,AKOMODASI_INTENSIF,"decimal(60,2)",NO,,
pembayaran,tagihan,19,OBAT,"decimal(60,2)",NO,,
pembayaran,tagihan,20,OBAT_KRONIS,"decimal(60,2)",NO,,
pembayaran,tagihan,21,OBAT_KEMOTERAPI,"decimal(60,2)",NO,,
pembayaran,tagihan,22,ALKES,"decimal(60,2)",NO,,
pembayaran,tagihan,23,BMHP,"decimal(60,2)",NO,,
pembayaran,tagihan,24,SEWA_ALAT,"decimal(60,2)",NO,,
pembayaran,tagihan,25,RAWAT_INTENSIF,tinyint,NO,,
pembayaran,tagihan,26,LAMA_RAWAT_INTENSIF,smallint,NO,,
pembayaran,tagihan,27,LAMA_PENGGUNAAN_VENTILATOR,smallint,NO,,
pembayaran,tagihan,28,KUNCI,tinyint,NO,,
pembayaran,tagihan,29,OLEH,tinyint,NO,,
pembayaran,tagihan,30,STATUS,tinyint,NO,MUL,
pembayaran,tagihan_klaim,1,ID,bigint,NO,PRI,auto_increment
pembayaran,tagihan_klaim,2,TAGIHAN,char(10),NO,MUL,
pembayaran,tagihan_klaim,3,NORM,int,NO,MUL,
pembayaran,tagihan_klaim,4,NOPEN,char(10),NO,MUL,
pembayaran,tagihan_klaim,5,MASUK,datetime,NO,MUL,
pembayaran,tagihan_klaim,6,KELUAR,datetime,YES,MUL,
pembayaran,tagihan_klaim,7,TANGGAL_FINAL,datetime,NO,MUL,
pembayaran,tagihan_klaim,8,PENJAMIN,smallint,NO,MUL,
pembayaran,tagihan_klaim,9,JENIS,tinyint,NO,MUL,
pembayaran,tagihan_klaim,10,TOTAL,"decimal(60,2)",NO,,
pembayaran,tagihan_klaim,11,STATUS,tinyint,NO,MUL,
pembayaran,tagihan_klaim,12,KLAIM_TANGGAL,datetime,YES,,
pembayaran,tagihan_klaim,13,KLAIM_OLEH,smallint,YES,,
pembayaran,tagihan_klaim,14,KLAIM_CATATAN,varchar(500),YES,,
pembayaran,tagihan_pendaftaran,1,ID,bigint,NO,PRI,auto_increment
pembayaran,tagihan_pendaftaran,2,TAGIHAN,char(10),NO,MUL,
pembayaran,tagihan_pendaftaran,3,PENDAFTARAN,char(10),NO,MUL,
pembayaran,tagihan_pendaftaran,4,REF,char(19),NO,MUL,
pembayaran,tagihan_pendaftaran,5,UTAMA,tinyint,NO,MUL,
pembayaran,tagihan_pendaftaran,6,STATUS,tinyint,NO,MUL,
pembayaran,transaksi_kasir,1,NOMOR,int,NO,PRI,auto_increment
pembayaran,transaksi_kasir,2,KASIR,smallint,NO,MUL,
pembayaran,transaksi_kasir,3,BUKA,datetime,NO,MUL,
pembayaran,transaksi_kasir,4,TUTUP,datetime,YES,MUL,
pembayaran,transaksi_kasir,5,TOTAL,"decimal(60,2)",NO,,
pembayaran,transaksi_kasir,6,STATUS,tinyint,NO,,
pembayaran,transfer,1,ID,int,NO,PRI,auto_increment
pembayaran,transfer,2,TAGIHAN,char(10),NO,MUL,
pembayaran,transfer,3,BANK_ASAL,tinyint,NO,MUL,
pembayaran,transfer,4,REKENING,int,NO,MUL,
pembayaran,transfer,5,NAMA_PENYETOR,varchar(150),NO,,
pembayaran,transfer,6,REF,varchar(100),NO,,
pembayaran,transfer,7,TANGGAL_TRANSFER,datetime,NO,,
pembayaran,transfer,8,TOTAL,"decimal(60,2)",NO,,
pembayaran,transfer,9,TANGGAL,timestamp,NO,,"DEFAULT_GENERATED on update CURRENT_TIMESTAMP"
pembayaran,transfer,10,OLEH,int,NO,,
pembayaran,transfer,11,JENIS,int,NO,,
pembayaran,transfer,12,STATUS,int,NO,MUL,
pendaftaran,antrian_ruangan,1,ID,"bigint unsigned",NO,PRI,auto_increment
pendaftaran,antrian_ruangan,2,RUANGAN,char(10),NO,MUL,
pendaftaran,antrian_ruangan,3,TANGGAL,date,NO,,
pendaftaran,antrian_ruangan,4,POS,char(3),NO,,
pendaftaran,antrian_ruangan,5,NOMOR,smallint,NO,,
pendaftaran,antrian_ruangan,6,JENIS,tinyint,NO,MUL,
pendaftaran,antrian_ruangan,7,REF,char(21),NO,MUL,
pendaftaran,antrian_ruangan,8,STATUS,tinyint,NO,,
pendaftaran,antrian_ruangan,9,IS_ANTRIAN_ONLINE,smallint,YES,MUL,
pendaftaran,antrian_ruangan,10,DOKTER,varchar(10),YES,MUL,
pendaftaran,antrian_ruangan,11,KODEBOOKING,varchar(23),YES,MUL,
pendaftaran,antrian_tempat_tidur,1,ID,int,NO,PRI,auto_increment
pendaftaran,antrian_tempat_tidur,2,NORM,int,NO,MUL,
pendaftaran,antrian_tempat_tidur,3,TANGGAL,datetime,NO,,
pendaftaran,antrian_tempat_tidur,4,RENCANA_RUANGAN,char(10),NO,,
pendaftaran,antrian_tempat_tidur,5,RENCANA_KELAS,smallint,NO,,
pendaftaran,antrian_tempat_tidur,6,RENCANA_RUANGAN_ALTERNATIF,char(10),YES,,
pendaftaran,antrian_tempat_tidur,7,RENCANA_KELAS_ALTERNATIF,smallint,YES,,
pendaftaran,antrian_tempat_tidur,8,PRIORITAS,tinyint(1),NO,,
pendaftaran,antrian_tempat_tidur,9,DIAGNOSA,varchar(250),NO,,
pendaftaran,antrian_tempat_tidur,10,DPJP,smallint,NO,,
pendaftaran,antrian_tempat_tidur,11,PEMOHON_ID,int,NO,MUL,
pendaftaran,antrian_tempat_tidur,12,RESERVASI_NOMOR,char(10),YES,,
pendaftaran,antrian_tempat_tidur,13,STATUS,tinyint(1),NO,,
pendaftaran,jawaban_konsul,1,NOMOR,int,NO,PRI,auto_increment
pendaftaran,jawaban_konsul,2,KONSUL_NOMOR,char(21),NO,UNI,
pendaftaran,jawaban_konsul,3,TANGGAL,datetime,NO,MUL,
pendaftaran,jawaban_konsul,4,JAWABAN,text,NO,,
pendaftaran,jawaban_konsul,5,STATUS_LAYAK_OPERASI,tinyint(1),NO,MUL,
pendaftaran,jawaban_konsul,6,STATUS_RAWAT_BERSAMA,tinyint(1),NO,MUL,
pendaftaran,jawaban_konsul,7,ANJURAN,text,NO,,
pendaftaran,jawaban_konsul,8,DOKTER,smallint,NO,,
pendaftaran,jawaban_konsul,9,OLEH,smallint,NO,,
pendaftaran,jawaban_konsul,10,STATUS,tinyint,NO,MUL,
pendaftaran,kartu_identitas_penanggung_jawab,1,ID,int,NO,PRI,auto_increment
pendaftaran,kartu_identitas_penanggung_jawab,2,JENIS,tinyint,NO,MUL,
pendaftaran,kartu_identitas_penanggung_jawab,3,PENANGGUNG_JAWAB_ID,int,NO,,
pendaftaran,kartu_identitas_penanggung_jawab,4,NOMOR,varchar(25),NO,MUL,
pendaftaran,kartu_identitas_penanggung_jawab,5,ALAMAT,varchar(150),NO,,
pendaftaran,kartu_identitas_penanggung_jawab,6,RT,char(3),YES,,
pendaftaran,kartu_identitas_penanggung_jawab,7,RW,char(3),YES,,
pendaftaran,kartu_identitas_penanggung_jawab,8,KODEPOS,char(5),YES,,
pendaftaran,kartu_identitas_penanggung_jawab,9,WILAYAH,char(10),NO,,
pendaftaran,kartu_identitas_pengantar_pasien,1,ID,int,NO,PRI,auto_increment
pendaftaran,kartu_identitas_pengantar_pasien,2,JENIS,tinyint,NO,MUL,
pendaftaran,kartu_identitas_pengantar_pasien,3,PENGANTAR_ID,int,NO,,
pendaftaran,kartu_identitas_pengantar_pasien,4,NOMOR,varchar(25),NO,MUL,
pendaftaran,kartu_identitas_pengantar_pasien,5,ALAMAT,varchar(150),NO,,
pendaftaran,kartu_identitas_pengantar_pasien,6,RT,char(3),YES,,
pendaftaran,kartu_identitas_pengantar_pasien,7,RW,char(3),YES,,
pendaftaran,kartu_identitas_pengantar_pasien,8,KODEPOS,char(5),YES,,
pendaftaran,kartu_identitas_pengantar_pasien,9,WILAYAH,char(10),NO,,
pendaftaran,kecelakaan,1,NOMOR,char(10),NO,PRI,
pendaftaran,kecelakaan,2,NOPEN,char(10),NO,MUL,
pendaftaran,kecelakaan,3,PENJAMIN,tinyint,NO,MUL,
pendaftaran,kecelakaan,4,JENIS,tinyint,NO,,
pendaftaran,kecelakaan,5,NO_LP,char(50),NO,,
pendaftaran,kecelakaan,6,LOKASI,varchar(150),YES,,
pendaftaran,kecelakaan,7,TANGGAL_KEJADIAN,date,YES,,
pendaftaran,kecelakaan,8,SUPLESI,tinyint,NO,,
pendaftaran,kecelakaan,9,NO_SEP_SUPLESI,varchar(25),YES,,
pendaftaran,kecelakaan,10,KODE_PROPINSI,char(2),YES,,
pendaftaran,kecelakaan,11,KODE_KABUPATEN,char(4),YES,,
pendaftaran,kecelakaan,12,KODE_KECAMATAN,char(4),YES,,
pendaftaran,kecelakaan,13,STATUS,tinyint,NO,MUL,
pendaftaran,konsul,1,NOMOR,char(21),NO,PRI,
pendaftaran,konsul,2,KUNJUNGAN,char(19),NO,MUL,
pendaftaran,konsul,3,TANGGAL,datetime,NO,MUL,
pendaftaran,konsul,4,DOKTER_ASAL,smallint,NO,MUL,
pendaftaran,konsul,5,DOKTER_TUJUAN,smallint,NO,MUL,
pendaftaran,konsul,6,ALASAN,text,NO,,
pendaftaran,konsul,7,PERMINTAAN_TINDAKAN,text,NO,,
pendaftaran,konsul,8,STATUS_RENCANA_OPERASI,tinyint(1),NO,,
pendaftaran,konsul,9,KODE_REQUEST_OPERASI,char(16),NO,MUL,
pendaftaran,konsul,10,TUJUAN,char(10),NO,MUL,
pendaftaran,konsul,11,LEMBAR_TRANSFER,int,YES,MUL,
pendaftaran,konsul,12,OLEH,smallint,NO,,
pendaftaran,konsul,13,STATUS,tinyint,NO,MUL,
pendaftaran,kontak_penanggung_jawab,1,JENIS,tinyint,NO,PRI,
pendaftaran,kontak_penanggung_jawab,2,ID,int,NO,PRI,
pendaftaran,kontak_penanggung_jawab,3,NOMOR,varchar(35),NO,PRI,
pendaftaran,kontak_pengantar_pasien,1,JENIS,tinyint,NO,PRI,
pendaftaran,kontak_pengantar_pasien,2,ID,int,NO,PRI,
pendaftaran,kontak_pengantar_pasien,3,NOMOR,varchar(35),NO,PRI,
pendaftaran,kunjungan,1,NOMOR,char(19),NO,PRI,
pendaftaran,kunjungan,2,NOPEN,char(10),NO,MUL,
pendaftaran,kunjungan,3,RUANGAN,char(10),NO,MUL,
pendaftaran,kunjungan,4,MASUK,datetime,NO,MUL,
pendaftaran,kunjungan,5,KELUAR,datetime,YES,MUL,
pendaftaran,kunjungan,6,RUANG_KAMAR_TIDUR,smallint,YES,MUL,
pendaftaran,kunjungan,7,REF,char(21),YES,MUL,
pendaftaran,kunjungan,8,DITERIMA_OLEH,smallint,NO,,
pendaftaran,kunjungan,9,BARU,tinyint,NO,MUL,
pendaftaran,kunjungan,10,TITIPAN,tinyint,NO,MUL,
pendaftaran,kunjungan,11,TITIPAN_KELAS,tinyint,YES,MUL,
pendaftaran,kunjungan,12,STATUS,smallint,NO,MUL,
pendaftaran,kunjungan,13,FINAL_HASIL,tinyint,NO,MUL,
pendaftaran,kunjungan,14,FINAL_HASIL_OLEH,smallint,YES,,
pendaftaran,kunjungan,15,FINAL_HASIL_TANGGAL,datetime,YES,MUL,
pendaftaran,kunjungan,16,DPJP,smallint,YES,MUL,
pendaftaran,kunjungan,17,OTOMATIS,tinyint,NO,MUL,
pendaftaran,mutasi,1,NOMOR,char(21),NO,PRI,
pendaftaran,mutasi,2,KUNJUNGAN,char(19),NO,MUL,
pendaftaran,mutasi,3,TANGGAL,datetime,NO,MUL,
pendaftaran,mutasi,4,TUJUAN,char(10),NO,MUL,
pendaftaran,mutasi,5,RESERVASI,char(10),YES,MUL,
pendaftaran,mutasi,6,IKUT_IBU,tinyint,NO,MUL,
pendaftaran,mutasi,7,KUNJUNGAN_IBU,char(19),YES,MUL,
pendaftaran,mutasi,8,DPJP,smallint,YES,,
pendaftaran,mutasi,9,LEMBAR_TRANSFER,int,YES,MUL,
pendaftaran,mutasi,10,OLEH,smallint,NO,,
pendaftaran,mutasi,11,STATUS,tinyint,NO,MUL,
pendaftaran,panggilan_antrian_ruangan,1,ID,"bigint unsigned",NO,PRI,auto_increment
pendaftaran,panggilan_antrian_ruangan,2,ANTRIAN_RUANGAN,"bigint unsigned",NO,MUL,
pendaftaran,panggilan_antrian_ruangan,3,STATUS,tinyint,NO,,
pendaftaran,pembatalan_kunjungan,1,ID,int,NO,PRI,auto_increment
pendaftaran,pembatalan_kunjungan,2,KUNJUNGAN,char(19),NO,MUL,
pendaftaran,pembatalan_kunjungan,3,JENIS,tinyint,NO,MUL,
pendaftaran,pembatalan_kunjungan,4,TANGGAL,datetime,NO,,
pendaftaran,pembatalan_kunjungan,5,OLEH,smallint,NO,,
pendaftaran,pembatalan_kunjungan,6,STATUS,tinyint,NO,,
pendaftaran,pemohon,1,ID,int,NO,PRI,auto_increment
pendaftaran,pemohon,2,NIK,char(16),NO,UNI,
pendaftaran,pemohon,3,NAMA,varchar(150),NO,,
pendaftaran,pemohon,4,ALAMAT,varchar(500),NO,,
pendaftaran,pemohon,5,KONTAK_HP,varchar(35),NO,,
pendaftaran,pemohon,6,KONTAK_EMAIL,varchar(35),YES,,
pendaftaran,pemohon,7,BAHASA,varchar(100),YES,,
pendaftaran,penanggung_jawab_pasien,1,ID,int,NO,PRI,auto_increment
pendaftaran,penanggung_jawab_pasien,2,NOPEN,char(10),NO,MUL,
pendaftaran,penanggung_jawab_pasien,3,REF,tinyint,YES,MUL,
pendaftaran,penanggung_jawab_pasien,4,SHDK,tinyint,NO,MUL,
pendaftaran,penanggung_jawab_pasien,5,JENIS_KELAMIN,tinyint,NO,MUL,
pendaftaran,penanggung_jawab_pasien,6,NAMA,varchar(75),NO,MUL,
pendaftaran,penanggung_jawab_pasien,7,ALAMAT,varchar(150),YES,,
pendaftaran,penanggung_jawab_pasien,8,PENDIDIKAN,tinyint,YES,,
pendaftaran,penanggung_jawab_pasien,9,PEKERJAAN,tinyint,YES,,
pendaftaran,pendaftaran,1,NOMOR,char(10),NO,PRI,
pendaftaran,pendaftaran,2,NORM,int,NO,MUL,
pendaftaran,pendaftaran,3,TANGGAL,datetime,NO,MUL,
pendaftaran,pendaftaran,4,DIAGNOSA_MASUK,int,YES,MUL,
pendaftaran,pendaftaran,5,RUJUKAN,varchar(25),YES,MUL,
pendaftaran,pendaftaran,6,PAKET,smallint,YES,MUL,
pendaftaran,pendaftaran,7,BERAT_BAYI,mediumint,YES,,
pendaftaran,pendaftaran,8,PANJANG_BAYI,mediumint,YES,,
pendaftaran,pendaftaran,9,CITO,tinyint,NO,,
pendaftaran,pendaftaran,10,RESIKO_JATUH,tinyint,NO,,
pendaftaran,pendaftaran,11,LOKASI_DITEMUKAN,varchar(200),YES,,
pendaftaran,pendaftaran,12,TANGGAL_DITEMUKAN,datetime,YES,,
pendaftaran,pendaftaran,13,JAM_LAHIR,time,YES,,
pendaftaran,pendaftaran,14,CONSENT_SATUSEHAT,tinyint(1),NO,MUL,
pendaftaran,pendaftaran,15,OLEH,smallint,NO,,
pendaftaran,pendaftaran,16,STATUS,tinyint,NO,MUL,
pendaftaran,pengantar_pasien,1,ID,int,NO,PRI,auto_increment
pendaftaran,pengantar_pasien,2,NOPEN,char(10),NO,MUL,
pendaftaran,pengantar_pasien,3,REF,tinyint,YES,MUL,
pendaftaran,pengantar_pasien,4,SHDK,tinyint,NO,MUL,
pendaftaran,pengantar_pasien,5,JENIS_KELAMIN,tinyint,NO,MUL,
pendaftaran,pengantar_pasien,6,NAMA,varchar(75),NO,MUL,
pendaftaran,pengantar_pasien,7,ALAMAT,varchar(150),YES,,
pendaftaran,pengantar_pasien,8,PENDIDIKAN,tinyint,YES,,
pendaftaran,pengantar_pasien,9,PEKERJAAN,tinyint,YES,,
pendaftaran,penjamin,1,ID,bigint,NO,PRI,auto_increment
pendaftaran,penjamin,2,JENIS,smallint,NO,MUL,
pendaftaran,penjamin,3,NOPEN,char(10),NO,MUL,
pendaftaran,penjamin,4,NOMOR,varchar(25),YES,MUL,
pendaftaran,penjamin,5,KELAS,tinyint,YES,MUL,
pendaftaran,penjamin,6,JENIS_PESERTA,tinyint,YES,MUL,
pendaftaran,penjamin,7,COB,tinyint,NO,MUL,
pendaftaran,penjamin,8,KATARAK,tinyint,NO,,
pendaftaran,penjamin,9,NO_SURAT,char(35),NO,MUL,
pendaftaran,penjamin,10,DPJP,char(10),NO,,
pendaftaran,penjamin,11,CATATAN,varchar(250),NO,,
pendaftaran,penjamin,12,NAIK_KELAS,char(2),YES,,
pendaftaran,penjamin,13,PEMBIAYAAN,char(1),YES,,
pendaftaran,penjamin,14,PENANGGUNGJAWAB,varchar(100),YES,,
pendaftaran,penjamin,15,TUJUAN_KUNJUNGAN,char(1),YES,,
pendaftaran,penjamin,16,PROCEDURE,char(1),YES,,
pendaftaran,penjamin,17,PENUNJANG,char(2),YES,,
pendaftaran,penjamin,18,ASSESMENT_PELAYANAN,char(1),YES,,
pendaftaran,penjamin,19,DPJP_LAYANAN,char(10),YES,,
pendaftaran,penjamin,20,SATU_EPISODE,tinyint,YES,MUL,
pendaftaran,penjamin,21,PEGAWAI_JENIS,tinyint,YES,MUL,
pendaftaran,penjamin,22,PEGAWAI_NIP,char(25),YES,MUL,
pendaftaran,penjamin,23,KENAKAN_TARIF,smallint,YES,MUL,
pendaftaran,perubahan_tanggal_kunjungan,1,ID,int,NO,PRI,auto_increment
pendaftaran,perubahan_tanggal_kunjungan,2,KUNJUNGAN,char(19),NO,MUL,
pendaftaran,perubahan_tanggal_kunjungan,3,TANGGAL_LAMA,datetime,NO,,
pendaftaran,perubahan_tanggal_kunjungan,4,TANGGAL_BARU,datetime,NO,,
pendaftaran,perubahan_tanggal_kunjungan,5,JENIS,tinyint,NO,MUL,
pendaftaran,perubahan_tanggal_kunjungan,6,TANGGAL,datetime,NO,,
pendaftaran,perubahan_tanggal_kunjungan,7,OLEH,smallint,NO,,
pendaftaran,perubahan_tanggal_kunjungan,8,STATUS,tinyint,NO,,
pendaftaran,rawat_bersama,1,ID,int,NO,PRI,auto_increment
pendaftaran,rawat_bersama,2,KUNJUNGAN,char(19),NO,MUL,
pendaftaran,rawat_bersama,3,NOPEN,char(10),NO,MUL,
pendaftaran,rawat_bersama,4,NORM,int,NO,MUL,
pendaftaran,rawat_bersama,5,JAWAB_KONSUL,int,NO,MUL,
pendaftaran,rawat_bersama,6,CPPT,int,NO,MUL,
pendaftaran,rawat_bersama,7,DOKTER,smallint,NO,,
pendaftaran,rawat_bersama,8,MULAI,datetime,YES,,
pendaftaran,rawat_bersama,9,BERAKHIR,datetime,YES,,
pendaftaran,rawat_bersama,10,STATUS,tinyint,NO,MUL,
pendaftaran,reservasi,1,NOMOR,char(10),NO,PRI,
pendaftaran,reservasi,2,TANGGAL,datetime,NO,MUL,
pendaftaran,reservasi,3,RUANG_KAMAR_TIDUR,smallint,NO,MUL,
pendaftaran,reservasi,4,BERAKHIR,datetime,YES,,
pendaftaran,reservasi,5,ATAS_NAMA,varchar(75),YES,,
pendaftaran,reservasi,6,KONTAK_INFO,varchar(100),YES,,
pendaftaran,reservasi,7,OLEH,smallint,NO,,
pendaftaran,reservasi,8,STATUS,tinyint,NO,MUL,
pendaftaran,rujukan_keluar,1,NOMOR,char(10),NO,PRI,
pendaftaran,rujukan_keluar,2,NOPEN,char(10),NO,MUL,
pendaftaran,rujukan_keluar,3,KUNJUNGAN,char(19),NO,MUL,
pendaftaran,rujukan_keluar,4,JENIS,tinyint,NO,MUL,
pendaftaran,rujukan_keluar,5,TANGGAL,datetime,NO,MUL,
pendaftaran,rujukan_keluar,6,TUJUAN,int,NO,MUL,
pendaftaran,rujukan_keluar,7,TUJUAN_RUANGAN,smallint,NO,MUL,
pendaftaran,rujukan_keluar,8,RENCANA_KUNJUNGAN_TANGGAL,date,YES,,
pendaftaran,rujukan_keluar,9,DIAGNOSA,char(6),NO,,
pendaftaran,rujukan_keluar,10,DOKTER,smallint,NO,,
pendaftaran,rujukan_keluar,11,KETERANGAN,varchar(250),NO,,
pendaftaran,rujukan_keluar,12,JENIS_PELAYANAN,tinyint,NO,,
pendaftaran,rujukan_keluar,13,OLEH,smallint,NO,,
pendaftaran,rujukan_keluar,14,STATUS,tinyint,NO,MUL,
pendaftaran,surat_rujukan_pasien,1,ID,int,NO,PRI,auto_increment
pendaftaran,surat_rujukan_pasien,2,PPK,int,NO,MUL,
pendaftaran,surat_rujukan_pasien,3,NORM,int,NO,MUL,
pendaftaran,surat_rujukan_pasien,4,NOMOR,varchar(35),NO,MUL,
pendaftaran,surat_rujukan_pasien,5,TANGGAL,datetime,YES,MUL,
pendaftaran,surat_rujukan_pasien,6,DOKTER,varchar(75),YES,,
pendaftaran,surat_rujukan_pasien,7,BAGIAN_DOKTER,varchar(100),YES,,
pendaftaran,surat_rujukan_pasien,8,DIAGNOSA_MASUK,int,YES,MUL,
pendaftaran,surat_rujukan_pasien,9,STATUS,tinyint,NO,MUL,
pendaftaran,tujuan_pasien,1,NOPEN,char(10),NO,PRI,
pendaftaran,tujuan_pasien,2,RUANGAN,char(10),NO,MUL,
pendaftaran,tujuan_pasien,3,RESERVASI,char(10),YES,MUL,
pendaftaran,tujuan_pasien,4,SMF,tinyint,NO,MUL,
pendaftaran,tujuan_pasien,5,DOKTER,smallint,NO,MUL,
pendaftaran,tujuan_pasien,6,IKUT_IBU,tinyint,NO,MUL,
pendaftaran,tujuan_pasien,7,KUNJUNGAN_IBU,char(19),YES,MUL,
pendaftaran,tujuan_pasien,8,STATUS,tinyint,NO,MUL,
penjamin_rs,cara_keluar,1,ID,int,NO,PRI,auto_increment
penjamin_rs,cara_keluar,2,PENJAMIN,int,NO,PRI,
penjamin_rs,cara_keluar,3,KODE_PENJAMIN,char(2),NO,,
penjamin_rs,cara_keluar,4,KODE_RS,smallint,NO,,
penjamin_rs,cara_keluar,5,TANGGAL,datetime,NO,,DEFAULT_GENERATED
penjamin_rs,cara_keluar,6,STATUS,tinyint(1),NO,,
penjamin_rs,dpjp,1,ID,int,NO,PRI,auto_increment
penjamin_rs,dpjp,2,PENJAMIN,int,NO,PRI,
penjamin_rs,dpjp,3,DPJP_PENJAMIN,char(15),NO,,
penjamin_rs,dpjp,4,DPJP_RS,smallint,NO,MUL,
penjamin_rs,dpjp,5,TANGGAL,datetime,NO,,
penjamin_rs,dpjp,6,STATUS,tinyint(1),NO,,
penjamin_rs,drivers,1,ID,int,NO,PRI,auto_increment
penjamin_rs,drivers,2,JENIS_DRIVER_ID,smallint,NO,MUL,
penjamin_rs,drivers,3,JENIS_PENJAMIN_ID,smallint,NO,MUL,
penjamin_rs,drivers,4,CLASS,varchar(100),NO,,
penjamin_rs,jenis_driver,1,ID,int,NO,PRI,auto_increment
penjamin_rs,jenis_driver,2,DESKRIPSI,varchar(100),NO,,
penjamin_rs,kenaikan_tarif,1,ID,smallint,NO,PRI,auto_increment
penjamin_rs,kenaikan_tarif,2,PENJAMIN,smallint,NO,MUL,
penjamin_rs,kenaikan_tarif,3,JENIS,smallint,NO,MUL,
penjamin_rs,kenaikan_tarif,4,PERSENTASE,"decimal(20,2)",NO,,
penjamin_rs,kenaikan_tarif,5,TANGGAL,datetime,NO,MUL,
penjamin_rs,kenaikan_tarif,6,TANGGAL_SK,datetime,YES,,
penjamin_rs,kenaikan_tarif,7,NOMOR_SK,char(35),YES,,
penjamin_rs,kenaikan_tarif,8,OLEH,smallint,NO,,
penjamin_rs,kenaikan_tarif,9,STATUS,tinyint,NO,MUL,
penjualan,penjualan,1,NOMOR,char(10),NO,PRI,
penjualan,penjualan,2,RUANGAN,char(10),NO,MUL,
penjualan,penjualan,3,PENGUNJUNG,varchar(250),NO,,
penjualan,penjualan,4,JENIS,tinyint,YES,,
penjualan,penjualan,5,DOKTER,varchar(250),YES,,
penjualan,penjualan,6,KETERANGAN,varchar(250),NO,,
penjualan,penjualan,7,TANGGAL,datetime,NO,,
penjualan,penjualan,8,OLEH,smallint,NO,,
penjualan,penjualan,9,STATUS,tinyint,NO,,
penjualan,penjualan_detil,1,ID,"int unsigned",NO,PRI,auto_increment
penjualan,penjualan_detil,2,PENJUALAN_ID,char(10),NO,MUL,
penjualan,penjualan_detil,3,BARANG,smallint,NO,MUL,
penjualan,penjualan_detil,4,HARGA_BARANG,int,YES,MUL,
penjualan,penjualan_detil,5,ATURAN_PAKAI,varchar(50),YES,,
penjualan,penjualan_detil,6,JUMLAH,"decimal(10,2)",NO,,
penjualan,penjualan_detil,7,MARGIN,int,NO,,
penjualan,penjualan_detil,8,PPN,int,NO,,
penjualan,penjualan_detil,9,STATUS,tinyint,NO,,
penjualan,ppn_penjualan,1,ID,int,NO,PRI,auto_increment
penjualan,ppn_penjualan,2,PPN,int,YES,,
penjualan,ppn_penjualan,3,NO_SK,char(150),YES,,
penjualan,ppn_penjualan,4,TANGGAL_MULAI_BERLAKU,date,NO,MUL,
penjualan,ppn_penjualan,5,STATUS,tinyint,YES,MUL,
penjualan,ppn_penjualan,6,OLEH,smallint,YES,,
penjualan,ppn_penjualan,7,INPUT_TIME,timestamp,YES,,DEFAULT_GENERATED
penjualan,ppn_penjualan,8,UPDATE_TIME,timestamp,YES,,"DEFAULT_GENERATED on update CURRENT_TIMESTAMP"
penjualan,retur_penjualan,1,ID,char(10),NO,PRI,
penjualan,retur_penjualan,2,PENJUALAN_ID,char(10),YES,MUL,
penjualan,retur_penjualan,3,PENJUALAN_DETIL_ID,int,YES,MUL,
penjualan,retur_penjualan,4,BARANG,smallint,YES,MUL,
penjualan,retur_penjualan,5,JUMLAH,"decimal(10,2)",YES,,
penjualan,retur_penjualan,6,TANGGAL,datetime,YES,,
penjualan,retur_penjualan,7,OLEH,smallint,YES,,
penjualan,retur_penjualan,8,STATUS,tinyint,YES,,
simgos,abci_procedures,1,id,"bigint unsigned",NO,PRI,auto_increment
simgos,abci_procedures,2,patient_id,"bigint unsigned",NO,MUL,
simgos,abci_procedures,3,visit_id,"bigint unsigned",NO,MUL,
simgos,abci_procedures,4,doctor_id,"bigint unsigned",YES,MUL,
simgos,abci_procedures,5,procedure_date,datetime,NO,,
simgos,abci_procedures,6,indication,text,YES,,
simgos,abci_procedures,7,procedure_details,text,YES,,
simgos,abci_procedures,8,outcome,text,YES,,
simgos,abci_procedures,9,notes,text,YES,,
simgos,abci_procedures,10,created_by,"bigint unsigned",YES,MUL,
simgos,abci_procedures,11,created_at,timestamp,YES,,
simgos,abci_procedures,12,updated_at,timestamp,YES,,
simgos,abdomen_examinations,1,id,"bigint unsigned",NO,PRI,auto_increment
simgos,abdomen_examinations,2,visit_id,"bigint unsigned",NO,,
simgos,abdomen_examinations,3,inspection,text,YES,,
simgos,abdomen_examinations,4,auscultation_bowel_sounds,varchar(50),YES,,
simgos,abdomen_examinations,5,palpation,text,YES,,
simgos,abdomen_examinations,6,percussion,varchar(50),YES,,
simgos,abdomen_examinations,7,tenderness,tinyint(1),NO,,
simgos,abdomen_examinations,8,distension,tinyint(1),NO,,
simgos,abdomen_examinations,9,liver_span_cm,"decimal(4,1)",YES,,
simgos,abdomen_examinations,10,findings,text,YES,,
simgos,abdomen_examinations,11,examined_at,timestamp,YES,,
simgos,abdomen_examinations,12,created_at,timestamp,YES,,
simgos,abdomen_examinations,13,updated_at,timestamp,YES,,
simgos,accident_records,1,id,"bigint unsigned",NO,PRI,auto_increment
simgos,accident_records,2,visit_id,"bigint unsigned",NO,MUL,
simgos,accident_records,3,accident_type,varchar(255),NO,,
simgos,accident_records,4,accident_at,datetime,NO,,
simgos,accident_records,5,location,varchar(255),NO,,
simgos,accident_records,6,police_report_number,varchar(255),YES,,
simgos,accident_records,7,created_at,timestamp,YES,,
simgos,accident_records,8,updated_at,timestamp,YES,,
simgos,administration_tariffs,1,id,"bigint unsigned",NO,PRI,auto_increment
simgos,administration_tariffs,2,administration_id,"bigint unsigned",YES,,
simgos,administration_tariffs,3,room_class_id,"bigint unsigned",YES,,
simgos,administration_tariffs,4,price,"decimal(15,2)",NO,,
simgos,administration_tariffs,5,effective_date,date,YES,,
simgos,administration_tariffs,6,is_active,tinyint(1),NO,,
simgos,administration_tariffs,7,created_at,timestamp,YES,,
simgos,administration_tariffs,8,updated_at,timestamp,YES,,
simgos,administration_tariffs,9,visit_type,varchar(255),YES,,
simgos,administration_tariffs,10,is_new_patient,tinyint(1),NO,,
simgos,administration_tariffs,11,decree_number,varchar(255),YES,,
simgos,administration_tariffs,12,decree_date,date,YES,,
simgos,administrations,1,id,"bigint unsigned",NO,PRI,auto_increment
simgos,administrations,2,name,varchar(255),NO,UNI,
simgos,administrations,3,code,varchar(10),YES,UNI,
simgos,administrations,4,is_active,tinyint(1),NO,,
simgos,administrations,5,created_at,timestamp,YES,,
simgos,administrations,6,updated_at,timestamp,YES,,
simgos,admission_diagnoses,1,id,"bigint unsigned",NO,PRI,auto_increment
simgos,admission_diagnoses,2,visit_id,"bigint unsigned",NO,MUL,
simgos,admission_diagnoses,3,diagnosis_code_id,"bigint unsigned",YES,MUL,
simgos,admission_diagnoses,4,diagnosis_text,varchar(255),YES,,
simgos,admission_diagnoses,5,is_primary,tinyint(1),NO,,
simgos,admission_diagnoses,6,diagnosed_at,datetime,NO,,
simgos,admission_diagnoses,7,created_at,timestamp,YES,,
simgos,admission_diagnoses,8,updated_at,timestamp,YES,,
simgos,admission_medication_reconciliation_items,1,id,"bigint unsigned",NO,PRI,auto_increment
simgos,admission_medication_reconciliation_items,2,reconciliation_id,"bigint unsigned",NO,MUL,
simgos,admission_medication_reconciliation_items,3,drug_name,varchar(255),NO,,
simgos,admission_medication_reconciliation_items,4,dose,varchar(50),YES,,
simgos,admission_medication_reconciliation_items,5,frequency,varchar(50),YES,,
simgos,admission_medication_reconciliation_items,6,route,varchar(30),YES,,
simgos,admission_medication_reconciliation_items,7,action,varchar(20),NO,,
simgos,admission_medication_reconciliation_items,8,reason,varchar(255),YES,,
simgos,admission_medication_reconciliation_items,9,last_taken_at,datetime,YES,,
simgos,admission_medication_reconciliation_items,10,created_at,timestamp,YES,,
simgos,admission_medication_reconciliation_items,11,updated_at,timestamp,YES,,
simgos,admission_medication_reconciliations,1,id,"bigint unsigned",NO,PRI,auto_increment
simgos,admission_medication_reconciliations,2,visit_id,"bigint unsigned",NO,MUL,
simgos,admission_medication_reconciliations,3,reconciled_by,"bigint unsigned",NO,MUL,
simgos,admission_medication_reconciliations,4,created_by,"bigint unsigned",YES,MUL,
simgos,admission_medication_reconciliations,5,source_of_medication_list,varchar(255),YES,,
simgos,admission_medication_reconciliations,6,notes,text,YES,,
simgos,admission_medication_reconciliations,7,status,varchar(20),NO,,
simgos,admission_medication_reconciliations,8,reconciled_at,datetime,NO,,
simgos,admission_medication_reconciliations,9,created_at,timestamp,YES,,
simgos,admission_medication_reconciliations,10,updated_at,timestamp,YES,,
simgos,alergis,1,id,"bigint unsigned",NO,PRI,auto_increment
simgos,alergis,2,kunjungan_id,"bigint unsigned",NO,MUL,
simgos,alergis,3,jenis_alergi,varchar(20),NO,,
simgos,alergis,4,nama_alergi,varchar(255),NO,,
simgos,alergis,5,reaksi,text,YES,,
simgos,alergis,6,tingkat_keparahan,varchar(10),YES,,
simgos,alergis,7,bpjs_response,json,YES,,
simgos,alergis,8,bpjs_error,text,YES,,
simgos,alergis,9,created_at,timestamp,YES,,
simgos,alergis,10,updated_at,timestamp,YES,,
simgos,allergies,1,id,"bigint unsigned",NO,PRI,auto_increment
simgos,allergies,2,patient_id,"bigint unsigned",NO,MUL,
simgos,allergies,3,category,varchar(255),NO,,
simgos,allergies,4,allergen,varchar(255),NO,,
simgos,allergies,5,reaction,text,YES,,
simgos,allergies,6,severity,varchar(255),YES,,
simgos,allergies,7,is_active,tinyint(1),NO,,
simgos,allergies,8,recorded_by,"bigint unsigned",NO,MUL,
simgos,allergies,9,created_by,"bigint unsigned",YES,MUL,
simgos,allergies,10,created_at,timestamp,YES,,
simgos,allergies,11,updated_at,timestamp,YES,,
simgos,anal_examinations,1,id,"bigint unsigned",NO,PRI,auto_increment
simgos,anal_examinations,2,visit_id,"bigint unsigned",NO,,
simgos,anal_examinations,3,inspection,text,YES,,
simgos,anal_examinations,4,palpation,text,YES,,
simgos,anal_examinations,5,sphincter_tone,varchar(255),YES,,
simgos,anal_examinations,6,rectal_toucher_findings,text,YES,,
simgos,anal_examinations,7,ampulla_recti,varchar(255),YES,,
simgos,anal_examinations,8,findings,text,YES,,
simgos,anal_examinations,9,examined_at,timestamp,YES,,
simgos,anal_examinations,10,created_at,timestamp,YES,,
simgos,anal_examinations,11,updated_at,timestamp,YES,,
simgos,anal_examinations,12,deleted_at,timestamp,YES,,
simgos,anamneses,1,id,"bigint unsigned",NO,PRI,auto_increment
simgos,anamneses,2,visit_id,"bigint unsigned",NO,MUL,
simgos,anamneses,3,present_illness_history,text,YES,,
simgos,anamneses,4,past_medical_history,text,YES,,
simgos,anamneses,5,family_medical_history,text,YES,,
simgos,anamneses,6,allergy_history,text,YES,,
simgos,anamneses,7,social_history,text,YES,,
simgos,anamneses,8,recorded_by,"bigint unsigned",NO,MUL,
simgos,anamneses,9,recorded_at,datetime,NO,,
simgos,anamneses,10,created_at,timestamp,YES,,
simgos,anamneses,11,updated_at,timestamp,YES,,
simgos,anamnesis_sources,1,id,"bigint unsigned",NO,PRI,auto_increment
simgos,anamnesis_sources,2,anamnesis_id,"bigint unsigned",NO,MUL,
simgos,anamnesis_sources,3,source_type,varchar(50),NO,,
simgos,anamnesis_sources,4,source_name,varchar(150),YES,,
simgos,anamnesis_sources,5,relationship,varchar(100),YES,,
simgos,anamnesis_sources,6,notes,text,YES,,
simgos,anamnesis_sources,7,created_at,timestamp,YES,,
simgos,anamnesis_sources,8,updated_at,timestamp,YES,,
simgos,anatomy_templates,1,id,"bigint unsigned",NO,PRI,auto_increment
simgos,anatomy_templates,2,code,varchar(255),YES,,
simgos,anatomy_templates,3,name,varchar(255),NO,,
simgos,anatomy_templates,4,description,text,YES,,
simgos,anatomy_templates,5,is_active,tinyint(1),NO,,
simgos,anatomy_templates,6,created_at,timestamp,YES,,
simgos,anatomy_templates,7,updated_at,timestamp,YES,,
simgos,anesthesia_preparations,1,id,"bigint unsigned",NO,PRI,auto_increment
simgos,anesthesia_preparations,2,visit_id,"bigint unsigned",NO,MUL,
simgos,anesthesia_preparations,3,prepared_by,"bigint unsigned",NO,MUL,
simgos,anesthesia_preparations,4,created_by,"bigint unsigned",YES,MUL,
simgos,anesthesia_preparations,5,fasting_hours,"tinyint unsigned",YES,,
simgos,anesthesia_preparations,6,allergy_checked,tinyint(1),NO,,
simgos,anesthesia_preparations,7,mallampati_score,"tinyint unsigned",YES,,
simgos,anesthesia_preparations,8,consent_confirmed,tinyint(1),NO,,
simgos,anesthesia_preparations,9,equipment_checklist,text,YES,,
simgos,anesthesia_preparations,10,prepared_at,datetime,NO,,
simgos,anesthesia_preparations,11,created_at,timestamp,YES,,
simgos,anesthesia_preparations,12,updated_at,timestamp,YES,,
simgos,antibiotic_bacteria_mappings,1,id,"bigint unsigned",NO,PRI,auto_increment
simgos,antibiotic_bacteria_mappings,2,antibiotic_name,varchar(255),NO,MUL,
simgos,antibiotic_bacteria_mappings,3,bacteria_name,varchar(255),NO,,
simgos,antibiotic_bacteria_mappings,4,sensitivity_category,varchar(1),YES,,
simgos,antibiotic_bacteria_mappings,5,is_active,tinyint(1),NO,,
simgos,antibiotic_bacteria_mappings,6,created_at,timestamp,YES,,
simgos,antibiotic_bacteria_mappings,7,updated_at,timestamp,YES,,
simgos,antibiotic_restrictions,1,id,"bigint unsigned",NO,PRI,auto_increment
simgos,antibiotic_restrictions,2,antibiotic_name,varchar(255),NO,UNI,
simgos,antibiotic_restrictions,3,aware_category,varchar(255),NO,,
simgos,antibiotic_restrictions,4,requires_pra_approval,tinyint(1),NO,,
simgos,antibiotic_restrictions,5,restriction_condition,text,YES,,
simgos,antibiotic_restrictions,6,is_active,tinyint(1),NO,,
simgos,antibiotic_restrictions,7,created_at,timestamp,YES,,
simgos,antibiotic_restrictions,8,updated_at,timestamp,YES,,
simgos,antimicrobial_stewardship_approvals,1,id,"bigint unsigned",NO,PRI,auto_increment
simgos,antimicrobial_stewardship_approvals,2,antimicrobial_stewardship_form_id,"bigint unsigned",NO,MUL,
simgos,antimicrobial_stewardship_approvals,3,approved_by,"bigint unsigned",YES,MUL,
simgos,antimicrobial_stewardship_approvals,4,decision,varchar(255),NO,,
simgos,antimicrobial_stewardship_approvals,5,decision_note,text,YES,,
simgos,antimicrobial_stewardship_approvals,6,decided_at,datetime,NO,,
simgos,antimicrobial_stewardship_approvals,7,created_at,timestamp,YES,,
simgos,antimicrobial_stewardship_approvals,8,updated_at,timestamp,YES,,
simgos,antimicrobial_stewardship_form_items,1,id,"bigint unsigned",NO,PRI,auto_increment
simgos,antimicrobial_stewardship_form_items,2,antimicrobial_stewardship_form_id,"bigint unsigned",NO,MUL,
simgos,antimicrobial_stewardship_form_items,3,item_id,"bigint unsigned",YES,MUL,
simgos,antimicrobial_stewardship_form_items,4,dose,varchar(255),NO,,
simgos,antimicrobial_stewardship_form_items,5,route,varchar(255),NO,,
simgos,antimicrobial_stewardship_form_items,6,frequency,varchar(255),NO,,
simgos,antimicrobial_stewardship_form_items,7,planned_duration_days,int,YES,,
simgos,antimicrobial_stewardship_form_items,8,created_at,timestamp,YES,,
simgos,antimicrobial_stewardship_form_items,9,updated_at,timestamp,YES,,
simgos,antimicrobial_stewardship_forms,1,id,"bigint unsigned",NO,PRI,auto_increment
simgos,antimicrobial_stewardship_forms,2,visit_id,"bigint unsigned",NO,MUL,
simgos,antimicrobial_stewardship_forms,3,patient_id,"bigint unsigned",NO,MUL,
simgos,antimicrobial_stewardship_forms,4,requesting_doctor_id,"bigint unsigned",YES,MUL,
simgos,antimicrobial_stewardship_forms,5,antibiotic_restriction_id,"bigint unsigned",YES,MUL,
simgos,antimicrobial_stewardship_forms,6,indication,text,NO,,
simgos,antimicrobial_stewardship_forms,7,status,varchar(255),NO,,
simgos,antimicrobial_stewardship_forms,8,submitted_at,datetime,YES,,
simgos,antimicrobial_stewardship_forms,9,created_at,timestamp,YES,,
simgos,antimicrobial_stewardship_forms,10,updated_at,timestamp,YES,,
simgos,antimicrobial_stewardship_general_examinations,1,id,"bigint unsigned",NO,PRI,auto_increment
simgos,antimicrobial_stewardship_general_examinations,2,antimicrobial_stewardship_form_id,"bigint unsigned",NO,MUL,
simgos,antimicrobial_stewardship_general_examinations,3,temperature,"decimal(4,1)",YES,,
simgos,antimicrobial_stewardship_general_examinations,4,pulse,int,YES,,
simgos,antimicrobial_stewardship_general_examinations,5,respiration_rate,int,YES,,
simgos,antimicrobial_stewardship_general_examinations,6,blood_pressure,varchar(255),YES,,
simgos,antimicrobial_stewardship_general_examinations,7,weight_kg,"decimal(5,2)",YES,,
simgos,antimicrobial_stewardship_general_examinations,8,height_cm,"decimal(5,2)",YES,,
simgos,antimicrobial_stewardship_general_examinations,9,examined_at,datetime,NO,,
simgos,antimicrobial_stewardship_general_examinations,10,created_at,timestamp,YES,,
simgos,antimicrobial_stewardship_general_examinations,11,updated_at,timestamp,YES,,
simgos,antimicrobial_stewardship_lab_results,1,id,"bigint unsigned",NO,PRI,auto_increment
simgos,antimicrobial_stewardship_lab_results,2,antimicrobial_stewardship_form_id,"bigint unsigned",NO,MUL,
simgos,antimicrobial_stewardship_lab_results,3,lab_result_id,"bigint unsigned",YES,MUL,
simgos,antimicrobial_stewardship_lab_results,4,examination_name,varchar(255),NO,,
simgos,antimicrobial_stewardship_lab_results,5,result_value,varchar(255),NO,,
simgos,antimicrobial_stewardship_lab_results,6,examined_at,datetime,NO,,
simgos,antimicrobial_stewardship_lab_results,7,created_at,timestamp,YES,,
simgos,antimicrobial_stewardship_lab_results,8,updated_at,timestamp,YES,,
simgos,antimicrobial_stewardship_microbiology_results,1,id,"bigint unsigned",NO,PRI,auto_increment
simgos,antimicrobial_stewardship_microbiology_results,2,antimicrobial_stewardship_form_id,"bigint unsigned",NO,MUL,
simgos,antimicrobial_stewardship_microbiology_results,3,specimen_type,varchar(255),NO,,
simgos,antimicrobial_stewardship_microbiology_results,4,organism_found,varchar(255),YES,,
simgos,antimicrobial_stewardship_microbiology_results,5,sensitivity_result,text,YES,,
simgos,antimicrobial_stewardship_microbiology_results,6,examined_at,datetime,NO,,
simgos,antimicrobial_stewardship_microbiology_results,7,created_at,timestamp,YES,,
simgos,antimicrobial_stewardship_microbiology_results,8,updated_at,timestamp,YES,,
simgos,antimicrobial_stewardship_other_support_results,1,id,"bigint unsigned",NO,PRI,auto_increment
simgos,antimicrobial_stewardship_other_support_results,2,antimicrobial_stewardship_form_id,"bigint unsigned",NO,MUL,
simgos,antimicrobial_stewardship_other_support_results,3,examination_name,varchar(255),NO,,
simgos,antimicrobial_stewardship_other_support_results,4,result_value,text,NO,,
simgos,antimicrobial_stewardship_other_support_results,5,examined_at,datetime,NO,,
simgos,antimicrobial_stewardship_other_support_results,6,created_at,timestamp,YES,,
simgos,antimicrobial_stewardship_other_support_results,7,updated_at,timestamp,YES,,
simgos,antimicrobial_stewardship_prior_histories,1,id,"bigint unsigned",NO,PRI,auto_increment
simgos,antimicrobial_stewardship_prior_histories,2,antimicrobial_stewardship_form_id,"bigint unsigned",NO,MUL,
simgos,antimicrobial_stewardship_prior_histories,3,previous_antibiotic,varchar(255),NO,,
simgos,antimicrobial_stewardship_prior_histories,4,start_date,date,YES,,
simgos,antimicrobial_stewardship_prior_histories,5,end_date,date,YES,,
simgos,antimicrobial_stewardship_prior_histories,6,outcome,varchar(255),YES,,
simgos,antimicrobial_stewardship_prior_histories,7,notes,text,YES,,
simgos,antimicrobial_stewardship_prior_histories,8,created_at,timestamp,YES,,
simgos,antimicrobial_stewardship_prior_histories,9,updated_at,timestamp,YES,,
simgos,antimicrobial_stewardship_radiology_results,1,id,"bigint unsigned",NO,PRI,auto_increment
simgos,antimicrobial_stewardship_radiology_results,2,antimicrobial_stewardship_form_id,"bigint unsigned",NO,MUL,
simgos,antimicrobial_stewardship_radiology_results,3,examination_name,varchar(255),NO,,
simgos,antimicrobial_stewardship_radiology_results,4,findings,text,NO,,
simgos,antimicrobial_stewardship_radiology_results,5,examined_at,datetime,NO,,
simgos,antimicrobial_stewardship_radiology_results,6,created_at,timestamp,YES,,
simgos,antimicrobial_stewardship_radiology_results,7,updated_at,timestamp,YES,,
simgos,antrean_fktp_antrean_waktus,1,id,"bigint unsigned",NO,PRI,auto_increment
simgos,antrean_fktp_antrean_waktus,2,antrean_id,"bigint unsigned",NO,MUL,
simgos,antrean_fktp_antrean_waktus,3,task_id,"tinyint unsigned",NO,,
simgos,antrean_fktp_antrean_waktus,4,waktu,datetime,NO,,
simgos,antrean_fktp_antrean_waktus,5,jenis_resep,varchar(255),YES,,
simgos,antrean_fktp_antrean_waktus,6,bpjs_sync_status,varchar(255),NO,,
simgos,antrean_fktp_antrean_waktus,7,bpjs_error,text,YES,,
simgos,antrean_fktp_antrean_waktus,8,created_at,timestamp,YES,,
simgos,antrean_fktp_antrean_waktus,9,updated_at,timestamp,YES,,
simgos,antrean_fktp_antreans,1,id,"bigint unsigned",NO,PRI,auto_increment
simgos,antrean_fktp_antreans,2,kodebooking,varchar(255),NO,UNI,
simgos,antrean_fktp_antreans,3,visit_id,"bigint unsigned",YES,MUL,
simgos,antrean_fktp_antreans,4,jenispasien,varchar(255),NO,,
simgos,antrean_fktp_antreans,5,nomorkartu,varchar(255),YES,,
simgos,antrean_fktp_antreans,6,nik,varchar(255),YES,,
simgos,antrean_fktp_antreans,7,nohp,varchar(255),YES,,
simgos,antrean_fktp_antreans,8,kodepoli,varchar(255),NO,,
simgos,antrean_fktp_antreans,9,namapoli,varchar(255),YES,,
simgos,antrean_fktp_antreans,10,pasienbaru,tinyint(1),NO,,
simgos,antrean_fktp_antreans,11,norm,varchar(255),YES,,
simgos,antrean_fktp_antreans,12,tanggalperiksa,date,NO,,
simgos,antrean_fktp_antreans,13,kodedokter,"bigint unsigned",NO,,
simgos,antrean_fktp_antreans,14,namadokter,varchar(255),YES,,
simgos,antrean_fktp_antreans,15,jampraktek,varchar(255),YES,,
simgos,antrean_fktp_antreans,16,jeniskunjungan,"tinyint unsigned",NO,,
simgos,antrean_fktp_antreans,17,nomorreferensi,varchar(255),YES,,
simgos,antrean_fktp_antreans,18,nomorantrean,varchar(255),YES,,
simgos,antrean_fktp_antreans,19,angkaantrean,"int unsigned",YES,,
simgos,antrean_fktp_antreans,20,estimasidilayani,datetime,YES,,
simgos,antrean_fktp_antreans,21,sisakuotajkn,"int unsigned",YES,,
simgos,antrean_fktp_antreans,22,kuotajkn,"int unsigned",YES,,
simgos,antrean_fktp_antreans,23,sisakuotanonjkn,"int unsigned",YES,,
simgos,antrean_fktp_antreans,24,kuotanonjkn,"int unsigned",YES,,
simgos,antrean_fktp_antreans,25,keterangan,text,YES,,
simgos,antrean_fktp_antreans,26,status,varchar(255),NO,,
simgos,antrean_fktp_antreans,27,request_payload,json,YES,,
simgos,antrean_fktp_antreans,28,bpjs_sync_status,varchar(255),NO,,
simgos,antrean_fktp_antreans,29,bpjs_error,text,YES,,
simgos,antrean_fktp_antreans,30,created_by,"bigint unsigned",YES,MUL,
simgos,antrean_fktp_antreans,31,created_at,timestamp,YES,,
simgos,antrean_fktp_antreans,32,updated_at,timestamp,YES,,
simgos,antrean_fktp_mobile_jkn_tokens,1,id,"bigint unsigned",NO,PRI,auto_increment
simgos,antrean_fktp_mobile_jkn_tokens,2,username,varchar(255),NO,MUL,
simgos,antrean_fktp_mobile_jkn_tokens,3,token,varchar(255),NO,UNI,
simgos,antrean_fktp_mobile_jkn_tokens,4,expires_at,datetime,NO,,
simgos,antrean_fktp_mobile_jkn_tokens,5,created_at,timestamp,YES,,
simgos,antrean_fktp_mobile_jkn_tokens,6,updated_at,timestamp,YES,,
simgos,antrean_rs_antrean_waktus,1,id,"bigint unsigned",NO,PRI,auto_increment
simgos,antrean_rs_antrean_waktus,2,antrean_id,"bigint unsigned",NO,MUL,
simgos,antrean_rs_antrean_waktus,3,task_id,"tinyint unsigned",NO,,
simgos,antrean_rs_antrean_waktus,4,waktu,datetime,NO,,
simgos,antrean_rs_antrean_waktus,5,jenis_resep,varchar(255),YES,,
simgos,antrean_rs_antrean_waktus,6,bpjs_sync_status,varchar(255),NO,,
simgos,antrean_rs_antrean_waktus,7,bpjs_error,text,YES,,
simgos,antrean_rs_antrean_waktus,8,created_at,timestamp,YES,,
simgos,antrean_rs_antrean_waktus,9,updated_at,timestamp,YES,,
simgos,antrean_rs_antreans,1,id,"bigint unsigned",NO,PRI,auto_increment
simgos,antrean_rs_antreans,2,kodebooking,varchar(255),NO,UNI,
simgos,antrean_rs_antreans,3,visit_id,"bigint unsigned",YES,MUL,
simgos,antrean_rs_antreans,4,jenispasien,varchar(255),NO,,
simgos,antrean_rs_antreans,5,nomorkartu,varchar(255),YES,,
simgos,antrean_rs_antreans,6,nik,varchar(255),YES,,
simgos,antrean_rs_antreans,7,nohp,varchar(255),YES,,
simgos,antrean_rs_antreans,8,kodepoli,varchar(255),NO,,
simgos,antrean_rs_antreans,9,namapoli,varchar(255),YES,,
simgos,antrean_rs_antreans,10,pasienbaru,tinyint(1),NO,,
simgos,antrean_rs_antreans,11,norm,varchar(255),YES,,
simgos,antrean_rs_antreans,12,tanggalperiksa,date,NO,,
simgos,antrean_rs_antreans,13,kodedokter,"bigint unsigned",NO,,
simgos,antrean_rs_antreans,14,namadokter,varchar(255),YES,,
simgos,antrean_rs_antreans,15,jampraktek,varchar(255),YES,,
simgos,antrean_rs_antreans,16,jeniskunjungan,"tinyint unsigned",NO,,
simgos,antrean_rs_antreans,17,nomorreferensi,varchar(255),YES,,
simgos,antrean_rs_antreans,18,nomorantrean,varchar(255),YES,,
simgos,antrean_rs_antreans,19,angkaantrean,"int unsigned",YES,,
simgos,antrean_rs_antreans,20,estimasidilayani,datetime,YES,,
simgos,antrean_rs_antreans,21,sisakuotajkn,"int unsigned",YES,,
simgos,antrean_rs_antreans,22,kuotajkn,"int unsigned",YES,,
simgos,antrean_rs_antreans,23,sisakuotanonjkn,"int unsigned",YES,,
simgos,antrean_rs_antreans,24,kuotanonjkn,"int unsigned",YES,,
simgos,antrean_rs_antreans,25,keterangan,text,YES,,
simgos,antrean_rs_antreans,26,status,varchar(255),NO,,
simgos,antrean_rs_antreans,27,request_payload,json,YES,,
simgos,antrean_rs_antreans,28,bpjs_sync_status,varchar(255),NO,,
simgos,antrean_rs_antreans,29,bpjs_error,text,YES,,
simgos,antrean_rs_antreans,30,created_by,"bigint unsigned",YES,MUL,
simgos,antrean_rs_antreans,31,created_at,timestamp,YES,,
simgos,antrean_rs_antreans,32,updated_at,timestamp,YES,,
simgos,antrean_rs_mobile_jkn_tokens,1,id,"bigint unsigned",NO,PRI,auto_increment
simgos,antrean_rs_mobile_jkn_tokens,2,username,varchar(255),NO,MUL,
simgos,antrean_rs_mobile_jkn_tokens,3,token,varchar(255),NO,UNI,
simgos,antrean_rs_mobile_jkn_tokens,4,expires_at,datetime,NO,,
simgos,antrean_rs_mobile_jkn_tokens,5,created_at,timestamp,YES,,
simgos,antrean_rs_mobile_jkn_tokens,6,updated_at,timestamp,YES,,
simgos,aplicares_room_syncs,1,id,"bigint unsigned",NO,PRI,auto_increment
simgos,aplicares_room_syncs,2,room_id,"bigint unsigned",NO,UNI,
simgos,aplicares_room_syncs,3,bpjs_room_id,varchar(255),YES,,
simgos,aplicares_room_syncs,4,bed_count,"int unsigned",NO,,
simgos,aplicares_room_syncs,5,available_count,"int unsigned",NO,,
simgos,aplicares_room_syncs,6,sync_status,varchar(255),NO,,
simgos,aplicares_room_syncs,7,sync_message,text,YES,,
simgos,aplicares_room_syncs,8,last_synced_at,datetime,YES,,
simgos,aplicares_room_syncs,9,created_at,timestamp,YES,,
simgos,aplicares_room_syncs,10,updated_at,timestamp,YES,,
simgos,apotek_pelayanan_obats,1,id,"bigint unsigned",NO,PRI,auto_increment
simgos,apotek_pelayanan_obats,2,resep_id,"bigint unsigned",NO,MUL,
simgos,apotek_pelayanan_obats,3,no_sep,varchar(255),NO,,
simgos,apotek_pelayanan_obats,4,tanggal_pelayanan,date,NO,,
simgos,apotek_pelayanan_obats,5,bpjs_no_pelayanan,varchar(255),YES,,
simgos,apotek_pelayanan_obats,6,status,varchar(255),NO,,
simgos,apotek_pelayanan_obats,7,bpjs_message,text,YES,,
simgos,apotek_pelayanan_obats,8,is_locked,tinyint(1),NO,,
simgos,apotek_pelayanan_obats,9,submitted_at,datetime,YES,,
simgos,apotek_pelayanan_obats,10,deleted_at_bpjs,datetime,YES,,
simgos,apotek_pelayanan_obats,11,created_at,timestamp,YES,,
simgos,apotek_pelayanan_obats,12,updated_at,timestamp,YES,,
simgos,apotek_penyimpanan_obat_items,1,id,"bigint unsigned",NO,PRI,auto_increment
simgos,apotek_penyimpanan_obat_items,2,penyimpanan_obat_id,"bigint unsigned",NO,MUL,
simgos,apotek_penyimpanan_obat_items,3,kode_obat,varchar(255),NO,,
simgos,apotek_penyimpanan_obat_items,4,nama_obat,varchar(255),NO,,
simgos,apotek_penyimpanan_obat_items,5,jumlah,"decimal(10,2)",NO,,
simgos,apotek_penyimpanan_obat_items,6,created_at,timestamp,YES,,
simgos,apotek_penyimpanan_obat_items,7,updated_at,timestamp,YES,,
simgos,apotek_penyimpanan_obats,1,id,"bigint unsigned",NO,PRI,auto_increment
simgos,apotek_penyimpanan_obats,2,pelayanan_id,"bigint unsigned",NO,MUL,
simgos,apotek_penyimpanan_obats,3,jenis,varchar(255),NO,,
simgos,apotek_penyimpanan_obats,4,kode_obat,varchar(255),YES,,
simgos,apotek_penyimpanan_obats,5,nama_obat,varchar(255),YES,,
simgos,apotek_penyimpanan_obats,6,nama_racikan,varchar(255),YES,,
simgos,apotek_penyimpanan_obats,7,jumlah,"decimal(10,2)",NO,,
simgos,apotek_penyimpanan_obats,8,aturan_pakai,varchar(255),YES,,
simgos,apotek_penyimpanan_obats,9,signa1,"int unsigned",YES,,
simgos,apotek_penyimpanan_obats,10,signa2,"int unsigned",YES,,
simgos,apotek_penyimpanan_obats,11,jumlah_hari,"int unsigned",YES,,
simgos,apotek_penyimpanan_obats,12,harga,"decimal(12,2)",YES,,
simgos,apotek_penyimpanan_obats,13,bpjs_no_pelayanan_obat,varchar(255),YES,,
simgos,apotek_penyimpanan_obats,14,status,varchar(255),NO,,
simgos,apotek_penyimpanan_obats,15,bpjs_message,text,YES,,
simgos,apotek_penyimpanan_obats,16,submitted_at,datetime,YES,,
simgos,apotek_penyimpanan_obats,17,created_at,timestamp,YES,,
simgos,apotek_penyimpanan_obats,18,updated_at,timestamp,YES,,
simgos,apotek_reseps,1,id,"bigint unsigned",NO,PRI,auto_increment
simgos,apotek_reseps,2,visit_id,"bigint unsigned",NO,MUL,
simgos,apotek_reseps,3,prescription_id,"bigint unsigned",YES,MUL,
simgos,apotek_reseps,4,no_sep,varchar(255),NO,,
simgos,apotek_reseps,5,no_kartu,varchar(255),NO,,
simgos,apotek_reseps,6,tanggal_resep,date,NO,,
simgos,apotek_reseps,7,tanggal_input,date,NO,,
simgos,apotek_reseps,8,poli_kode,varchar(255),YES,,
simgos,apotek_reseps,9,request_payload,json,YES,,
simgos,apotek_reseps,10,bpjs_no_resep,varchar(255),YES,,
simgos,apotek_reseps,11,status,varchar(255),NO,,
simgos,apotek_reseps,12,bpjs_message,text,YES,,
simgos,apotek_reseps,13,submitted_at,datetime,YES,,
simgos,apotek_reseps,14,created_by,"bigint unsigned",YES,MUL,
simgos,apotek_reseps,15,created_at,timestamp,YES,,
simgos,apotek_reseps,16,updated_at,timestamp,YES,,
simgos,applicants,1,id,"bigint unsigned",NO,PRI,auto_increment
simgos,applicants,2,registration_id,"bigint unsigned",NO,MUL,
simgos,applicants,3,full_name,varchar(255),NO,,
simgos,applicants,4,relationship_to_patient,varchar(255),NO,,
simgos,applicants,5,identity_number,varchar(255),YES,,
simgos,applicants,6,phone_number,varchar(255),YES,,
simgos,applicants,7,address,varchar(255),YES,,
simgos,applicants,8,application_type,varchar(255),NO,,
simgos,applicants,9,application_date,datetime,NO,,
simgos,applicants,10,notes,text,YES,,
simgos,applicants,11,created_by,"bigint unsigned",YES,MUL,
simgos,applicants,12,status,varchar(255),NO,,
simgos,applicants,13,created_at,timestamp,YES,,
simgos,applicants,14,updated_at,timestamp,YES,,
simgos,attending_physicians,1,id,"bigint unsigned",NO,PRI,auto_increment
simgos,attending_physicians,2,visit_id,"bigint unsigned",NO,MUL,
simgos,attending_physicians,3,employee_id,"bigint unsigned",NO,MUL,
simgos,attending_physicians,4,assigned_at,datetime,NO,,DEFAULT_GENERATED
simgos,attending_physicians,5,is_primary,tinyint(1),NO,,
simgos,attending_physicians,6,created_at,timestamp,YES,,
simgos,attending_physicians,7,updated_at,timestamp,YES,,
simgos,audio_attachments,1,id,"bigint unsigned",NO,PRI,auto_increment
simgos,audio_attachments,2,patient_id,"bigint unsigned",YES,MUL,
simgos,audio_attachments,3,visit_id,"bigint unsigned",YES,MUL,
simgos,audio_attachments,4,title,varchar(255),NO,,
simgos,audio_attachments,5,file_path,varchar(255),NO,,
simgos,audio_attachments,6,mime_type,varchar(255),YES,,
simgos,audio_attachments,7,duration_seconds,int,YES,,
simgos,audio_attachments,8,recorded_by,"bigint unsigned",YES,MUL,
simgos,audio_attachments,9,notes,text,YES,,
simgos,audio_attachments,10,is_active,tinyint(1),NO,,
simgos,audio_attachments,11,created_at,timestamp,YES,,
simgos,audio_attachments,12,updated_at,timestamp,YES,,
simgos,back_examinations,1,id,"bigint unsigned",NO,PRI,auto_increment
simgos,back_examinations,2,visit_id,"bigint unsigned",NO,,
simgos,back_examinations,3,spine_alignment,varchar(100),YES,,
simgos,back_examinations,4,scoliosis,tinyint(1),NO,,
simgos,back_examinations,5,kyphosis,tinyint(1),NO,,
simgos,back_examinations,6,lordosis,tinyint(1),NO,,
simgos,back_examinations,7,tenderness,tinyint(1),NO,,
simgos,back_examinations,8,findings,text,YES,,
simgos,back_examinations,9,examined_at,timestamp,YES,,
simgos,back_examinations,10,created_at,timestamp,YES,,
simgos,back_examinations,11,updated_at,timestamp,YES,,
simgos,baep_anxiety_details,1,id,"bigint unsigned",NO,PRI,auto_increment
simgos,baep_anxiety_details,2,baep_protocol_id,"bigint unsigned",NO,MUL,
simgos,baep_anxiety_details,3,scale_used,varchar(40),NO,,
simgos,baep_anxiety_details,4,score,"tinyint unsigned",NO,,
simgos,baep_anxiety_details,5,severity_level,varchar(20),YES,,
simgos,baep_anxiety_details,6,created_at,timestamp,YES,,
simgos,baep_anxiety_details,7,updated_at,timestamp,YES,,
simgos,baep_cognitive_details,1,id,"bigint unsigned",NO,PRI,auto_increment
simgos,baep_cognitive_details,2,baep_protocol_id,"bigint unsigned",NO,MUL,
simgos,baep_cognitive_details,3,scale_used,varchar(40),NO,,
simgos,baep_cognitive_details,4,score,"tinyint unsigned",NO,,
simgos,baep_cognitive_details,5,domains_affected,varchar(255),YES,,
simgos,baep_cognitive_details,6,created_at,timestamp,YES,,
simgos,baep_cognitive_details,7,updated_at,timestamp,YES,,
simgos,baep_depression_details,1,id,"bigint unsigned",NO,PRI,auto_increment
simgos,baep_depression_details,2,baep_protocol_id,"bigint unsigned",NO,MUL,
simgos,baep_depression_details,3,scale_used,varchar(40),NO,,
simgos,baep_depression_details,4,score,"tinyint unsigned",NO,,
simgos,baep_depression_details,5,severity_level,varchar(20),YES,,
simgos,baep_depression_details,6,symptoms_observed,text,YES,,
simgos,baep_depression_details,7,created_at,timestamp,YES,,
simgos,baep_depression_details,8,updated_at,timestamp,YES,,
simgos,baep_dysphagia_details,1,id,"bigint unsigned",NO,PRI,auto_increment
simgos,baep_dysphagia_details,2,baep_protocol_id,"bigint unsigned",NO,MUL,
simgos,baep_dysphagia_details,3,swallowing_test_used,varchar(40),NO,,
simgos,baep_dysphagia_details,4,severity_level,varchar(20),YES,,
simgos,baep_dysphagia_details,5,aspiration_risk,tinyint(1),NO,,
simgos,baep_dysphagia_details,6,diet_texture_recommendation,varchar(255),YES,,
simgos,baep_dysphagia_details,7,created_at,timestamp,YES,,
simgos,baep_dysphagia_details,8,updated_at,timestamp,YES,,
simgos,baep_insomnia_details,1,id,"bigint unsigned",NO,PRI,auto_increment
simgos,baep_insomnia_details,2,baep_protocol_id,"bigint unsigned",NO,MUL,
simgos,baep_insomnia_details,3,scale_used,varchar(40),NO,,
simgos,baep_insomnia_details,4,score,"tinyint unsigned",NO,,
simgos,baep_insomnia_details,5,sleep_onset_latency_minutes,"smallint unsigned",YES,,
simgos,baep_insomnia_details,6,sleep_efficiency_percent,"tinyint unsigned",YES,,
simgos,baep_insomnia_details,7,created_at,timestamp,YES,,
simgos,baep_insomnia_details,8,updated_at,timestamp,YES,,
simgos,baep_intervention_protocols,1,id,"bigint unsigned",NO,PRI,auto_increment
simgos,baep_intervention_protocols,2,visit_id,"bigint unsigned",NO,MUL,
simgos,baep_intervention_protocols,3,performed_by,"bigint unsigned",NO,MUL,
simgos,baep_intervention_protocols,4,created_by,"bigint unsigned",YES,MUL,
simgos,baep_intervention_protocols,5,indication,text,YES,,
simgos,baep_intervention_protocols,6,stimulation_ear,varchar(10),NO,,
simgos,baep_intervention_protocols,7,click_rate_hz,"decimal(6,2)",YES,,
simgos,baep_intervention_protocols,8,stimulus_intensity_db,"smallint unsigned",YES,,
simgos,baep_intervention_protocols,9,wave_i_latency_ms,"decimal(5,2)",YES,,
simgos,baep_intervention_protocols,10,wave_iii_latency_ms,"decimal(5,2)",YES,,
simgos,baep_intervention_protocols,11,wave_v_latency_ms,"decimal(5,2)",YES,,
simgos,baep_intervention_protocols,12,interpretation,text,YES,,
simgos,baep_intervention_protocols,13,status,varchar(20),NO,,
simgos,baep_intervention_protocols,14,performed_at,datetime,NO,,
simgos,baep_intervention_protocols,15,created_at,timestamp,YES,,
simgos,baep_intervention_protocols,16,updated_at,timestamp,YES,,
simgos,baep_motor_details,1,id,"bigint unsigned",NO,PRI,auto_increment
simgos,baep_motor_details,2,baep_protocol_id,"bigint unsigned",NO,MUL,
simgos,baep_motor_details,3,muscle_strength_score,"tinyint unsigned",YES,,
simgos,baep_motor_details,4,spasticity_level,varchar(10),YES,,
simgos,baep_motor_details,5,gait_status,varchar(255),YES,,
simgos,baep_motor_details,6,created_at,timestamp,YES,,
simgos,baep_motor_details,7,updated_at,timestamp,YES,,
simgos,baep_sensory_details,1,id,"bigint unsigned",NO,PRI,auto_increment
simgos,baep_sensory_details,2,baep_protocol_id,"bigint unsigned",NO,MUL,
simgos,baep_sensory_details,3,sensory_modality,varchar(30),NO,,
simgos,baep_sensory_details,4,sensory_score,"tinyint unsigned",YES,,
simgos,baep_sensory_details,5,affected_region,varchar(255),YES,,
simgos,baep_sensory_details,6,created_at,timestamp,YES,,
simgos,baep_sensory_details,7,updated_at,timestamp,YES,,
simgos,baep_stimulation_protocol_details,1,id,"bigint unsigned",NO,PRI,auto_increment
simgos,baep_stimulation_protocol_details,2,baep_protocol_id,"bigint unsigned",NO,MUL,
simgos,baep_stimulation_protocol_details,3,stimulation_site,varchar(255),NO,,
simgos,baep_stimulation_protocol_details,4,stimulation_frequency_hz,"decimal(6,2)",YES,,
simgos,baep_stimulation_protocol_details,5,stimulation_duration_minutes,"smallint unsigned",YES,,
simgos,baep_stimulation_protocol_details,6,intensity_ma,"decimal(5,2)",YES,,
simgos,baep_stimulation_protocol_details,7,number_of_sessions,"smallint unsigned",YES,,
simgos,baep_stimulation_protocol_details,8,created_at,timestamp,YES,,
simgos,baep_stimulation_protocol_details,9,updated_at,timestamp,YES,,
simgos,bank_accounts,1,id,"bigint unsigned",NO,PRI,auto_increment
simgos,bank_accounts,2,bank_name,varchar(255),NO,,
simgos,bank_accounts,3,account_number,varchar(255),NO,UNI,
simgos,bank_accounts,4,account_holder,varchar(255),NO,,
simgos,bank_accounts,5,account_type,varchar(255),YES,,
simgos,bank_accounts,6,is_active,tinyint(1),NO,,
simgos,bank_accounts,7,created_at,timestamp,YES,,
simgos,bank_accounts,8,updated_at,timestamp,YES,,
simgos,bank_transfers,1,id,"bigint unsigned",NO,PRI,auto_increment
simgos,bank_transfers,2,payment_id,"bigint unsigned",NO,MUL,
simgos,bank_transfers,3,transfer_reference_number,varchar(255),NO,UNI,
simgos,bank_transfers,4,source_bank_name,varchar(255),NO,,
simgos,bank_transfers,5,destination_account_number,varchar(255),NO,,
simgos,bank_transfers,6,destination_account_name,varchar(255),NO,,
simgos,bank_transfers,7,amount,"decimal(15,2)",NO,,
simgos,bank_transfers,8,transferred_at,datetime,NO,,
simgos,bank_transfers,9,proof_file_path,varchar(255),YES,,
simgos,bank_transfers,10,status,varchar(255),NO,,
simgos,bank_transfers,11,created_at,timestamp,YES,,
simgos,bank_transfers,12,updated_at,timestamp,YES,,
simgos,barthel_index_assessments,1,id,"bigint unsigned",NO,PRI,auto_increment
simgos,barthel_index_assessments,2,visit_id,"bigint unsigned",NO,,
simgos,barthel_index_assessments,3,feeding,"tinyint unsigned",NO,,
simgos,barthel_index_assessments,4,bathing,"tinyint unsigned",NO,,
simgos,barthel_index_assessments,5,grooming,"tinyint unsigned",NO,,
simgos,barthel_index_assessments,6,dressing,"tinyint unsigned",NO,,
simgos,barthel_index_assessments,7,bowel_control,"tinyint unsigned",NO,,
simgos,barthel_index_assessments,8,bladder_control,"tinyint unsigned",NO,,
simgos,barthel_index_assessments,9,toilet_use,"tinyint unsigned",NO,,
simgos,barthel_index_assessments,10,transfers,"tinyint unsigned",NO,,
simgos,barthel_index_assessments,11,mobility,"tinyint unsigned",NO,,
simgos,barthel_index_assessments,12,stairs,"tinyint unsigned",NO,,
simgos,barthel_index_assessments,13,total_score,"tinyint unsigned",NO,,
simgos,barthel_index_assessments,14,interpretation,varchar(30),YES,,
simgos,barthel_index_assessments,15,assessed_at,timestamp,YES,,
simgos,barthel_index_assessments,16,created_at,timestamp,YES,,
simgos,barthel_index_assessments,17,updated_at,timestamp,YES,,
simgos,bed_queues,1,id,"bigint unsigned",NO,PRI,auto_increment
simgos,bed_queues,2,bed_id,"bigint unsigned",NO,MUL,
simgos,bed_queues,3,patient_id,"bigint unsigned",NO,MUL,
simgos,bed_queues,4,queue_number,"int unsigned",NO,,
simgos,bed_queues,5,status,varchar(255),NO,,
simgos,bed_queues,6,created_at,timestamp,YES,,
simgos,bed_queues,7,updated_at,timestamp,YES,,
simgos,beds,1,id,"bigint unsigned",NO,PRI,auto_increment
simgos,beds,2,room_id,"bigint unsigned",NO,MUL,
simgos,beds,3,bed_number,varchar(255),NO,,
simgos,beds,4,is_active,tinyint(1),NO,,
simgos,beds,5,created_at,timestamp,YES,,
simgos,beds,6,updated_at,timestamp,YES,,
simgos,birth_certificate_letters,1,id,"bigint unsigned",NO,PRI,auto_increment
simgos,birth_certificate_letters,2,letter_number,varchar(255),NO,UNI,
simgos,birth_certificate_letters,3,patient_id,"bigint unsigned",NO,MUL,
simgos,birth_certificate_letters,4,mother_patient_id,"bigint unsigned",YES,MUL,
simgos,birth_certificate_letters,5,visit_id,"bigint unsigned",NO,MUL,
simgos,birth_certificate_letters,6,doctor_id,"bigint unsigned",NO,MUL,
simgos,birth_certificate_letters,7,issue_date,date,NO,,
simgos,birth_certificate_letters,8,child_name,varchar(255),YES,,
simgos,birth_certificate_letters,9,birth_date_time,datetime,YES,,
simgos,birth_certificate_letters,10,birth_weight_grams,int,YES,,
simgos,birth_certificate_letters,11,birth_length_cm,"decimal(5,2)",YES,,
simgos,birth_certificate_letters,12,gender,varchar(255),YES,,
simgos,birth_certificate_letters,13,remarks,text,YES,,
simgos,birth_certificate_letters,14,created_by,"bigint unsigned",YES,MUL,
simgos,birth_certificate_letters,15,created_at,timestamp,YES,,
simgos,birth_certificate_letters,16,updated_at,timestamp,YES,,
simgos,birth_records,1,id,"bigint unsigned",NO,PRI,auto_increment
simgos,birth_records,2,visit_id,"bigint unsigned",NO,MUL,
simgos,birth_records,3,mother_patient_id,"bigint unsigned",NO,MUL,
simgos,birth_records,4,baby_name,varchar(255),YES,,
simgos,birth_records,5,gender_id,"bigint unsigned",YES,MUL,
simgos,birth_records,6,birth_date,datetime,NO,,
simgos,birth_records,7,birth_weight_grams,int,YES,,
simgos,birth_records,8,birth_length_cm,"decimal(4,1)",YES,,
simgos,birth_records,9,delivery_method,varchar(255),NO,,
simgos,birth_records,10,attending_doctor_id,"bigint unsigned",YES,MUL,
simgos,birth_records,11,notes,text,YES,,
simgos,birth_records,12,created_at,timestamp,YES,,
simgos,birth_records,13,updated_at,timestamp,YES,,
simgos,birthplaces,1,id,"bigint unsigned",NO,PRI,auto_increment
simgos,birthplaces,2,name,varchar(255),NO,UNI,
simgos,birthplaces,3,village_id,int,YES,,
simgos,birthplaces,4,is_active,tinyint(1),NO,,
simgos,birthplaces,5,created_at,timestamp,YES,,
simgos,birthplaces,6,updated_at,timestamp,YES,,
simgos,blood_request_items,1,id,"bigint unsigned",NO,PRI,auto_increment
simgos,blood_request_items,2,blood_transfusion_id,"bigint unsigned",NO,MUL,
simgos,blood_request_items,3,blood_component,varchar(50),NO,,
simgos,blood_request_items,4,blood_type,varchar(10),YES,,
simgos,blood_request_items,5,bag_quantity,"int unsigned",NO,,
simgos,blood_request_items,6,cross_match_result,varchar(50),YES,,
simgos,blood_request_items,7,status,varchar(255),NO,,
simgos,blood_request_items,8,notes,text,YES,,
simgos,blood_request_items,9,created_at,timestamp,YES,,
simgos,blood_request_items,10,updated_at,timestamp,YES,,
simgos,blood_transfusion_details,1,id,"bigint unsigned",NO,PRI,auto_increment
simgos,blood_transfusion_details,2,transfusion_id,"bigint unsigned",NO,MUL,
simgos,blood_transfusion_details,3,blood_bag_number,varchar(255),NO,,
simgos,blood_transfusion_details,4,blood_type,varchar(255),YES,,
simgos,blood_transfusion_details,5,volume_ml,int,NO,,
simgos,blood_transfusion_details,6,start_time,datetime,YES,,
simgos,blood_transfusion_details,7,end_time,datetime,YES,,
simgos,blood_transfusion_details,8,reaction_observed,text,YES,,
simgos,blood_transfusion_details,9,status,varchar(255),YES,,
simgos,blood_transfusion_details,10,created_by,"bigint unsigned",YES,MUL,
simgos,blood_transfusion_details,11,created_at,timestamp,YES,,
simgos,blood_transfusion_details,12,updated_at,timestamp,YES,,
simgos,blood_transfusion_observations,1,id,"bigint unsigned",NO,PRI,auto_increment
simgos,blood_transfusion_observations,2,blood_transfusion_id,"bigint unsigned",NO,,
simgos,blood_transfusion_observations,3,observed_at,timestamp,NO,,
simgos,blood_transfusion_observations,4,temperature_c,"decimal(4,1)",YES,,
simgos,blood_transfusion_observations,5,pulse_rate,"smallint unsigned",YES,,
simgos,blood_transfusion_observations,6,blood_pressure,varchar(20),YES,,
simgos,blood_transfusion_observations,7,reaction_signs,varchar(150),YES,,
simgos,blood_transfusion_observations,8,volume_transfused_ml,"int unsigned",YES,,
simgos,blood_transfusion_observations,9,notes,text,YES,,
simgos,blood_transfusion_observations,10,created_at,timestamp,YES,,
simgos,blood_transfusion_observations,11,updated_at,timestamp,YES,,
simgos,blood_transfusions,1,id,"bigint unsigned",NO,PRI,auto_increment
simgos,blood_transfusions,2,visit_id,"bigint unsigned",NO,MUL,
simgos,blood_transfusions,3,blood_type_id,"bigint unsigned",NO,MUL,
simgos,blood_transfusions,4,volume_ml,"smallint unsigned",YES,,
simgos,blood_transfusions,5,started_at,datetime,NO,,
simgos,blood_transfusions,6,ended_at,datetime,YES,,
simgos,blood_transfusions,7,administered_by,"bigint unsigned",NO,MUL,
simgos,blood_transfusions,8,reaction_notes,text,YES,,
simgos,blood_transfusions,9,status,varchar(255),NO,,
simgos,blood_transfusions,10,created_by,"bigint unsigned",YES,MUL,
simgos,blood_transfusions,11,created_at,timestamp,YES,,
simgos,blood_transfusions,12,updated_at,timestamp,YES,,
simgos,bpjs_outpatient_verifications,1,id,"bigint unsigned",NO,PRI,auto_increment
simgos,bpjs_outpatient_verifications,2,correlation_id,char(36),NO,UNI,
simgos,bpjs_outpatient_verifications,3,patient_id,"bigint unsigned",NO,MUL,
simgos,bpjs_outpatient_verifications,4,registration_id,"bigint unsigned",YES,MUL,
simgos,bpjs_outpatient_verifications,5,service_date,date,NO,,
simgos,bpjs_outpatient_verifications,6,no_kartu,varchar(255),NO,MUL,
simgos,bpjs_outpatient_verifications,7,no_rujukan,varchar(255),YES,,
simgos,bpjs_outpatient_verifications,8,is_emergency,tinyint(1),NO,,
simgos,bpjs_outpatient_verifications,9,status,varchar(255),NO,,
simgos,bpjs_outpatient_verifications,10,failure_reason,varchar(255),YES,,
simgos,bpjs_outpatient_verifications,11,participant_code,varchar(255),YES,,
simgos,bpjs_outpatient_verifications,12,participant_message,varchar(255),YES,,
simgos,bpjs_outpatient_verifications,13,participant_name,varchar(255),YES,,
simgos,bpjs_outpatient_verifications,14,participant_status,varchar(255),YES,,
simgos,bpjs_outpatient_verifications,15,class_code,varchar(255),YES,,
simgos,bpjs_outpatient_verifications,16,class_name,varchar(255),YES,,
simgos,bpjs_outpatient_verifications,17,referral_code,varchar(255),YES,,
simgos,bpjs_outpatient_verifications,18,referral_message,varchar(255),YES,,
simgos,bpjs_outpatient_verifications,19,referral_date,date,YES,,
simgos,bpjs_outpatient_verifications,20,referring_facility_code,varchar(255),YES,,
simgos,bpjs_outpatient_verifications,21,referring_facility_name,varchar(255),YES,,
simgos,bpjs_outpatient_verifications,22,referral_clinic_code,varchar(255),YES,,
simgos,bpjs_outpatient_verifications,23,referral_clinic_name,varchar(255),YES,,
simgos,bpjs_outpatient_verifications,24,diagnosis_code,varchar(255),YES,,
simgos,bpjs_outpatient_verifications,25,diagnosis_name,varchar(255),YES,,
simgos,bpjs_outpatient_verifications,26,checked_at,timestamp,NO,,
simgos,bpjs_outpatient_verifications,27,checked_by,"bigint unsigned",YES,MUL,
simgos,bpjs_outpatient_verifications,28,created_at,timestamp,YES,,
simgos,bpjs_outpatient_verifications,29,updated_at,timestamp,YES,,
simgos,breast_examinations,1,id,"bigint unsigned",NO,PRI,auto_increment
simgos,breast_examinations,2,visit_id,"bigint unsigned",NO,,
simgos,breast_examinations,3,side,varchar(20),YES,,
simgos,breast_examinations,4,inspection,text,YES,,
simgos,breast_examinations,5,palpation,text,YES,,
simgos,breast_examinations,6,lump_present,tinyint(1),NO,,
simgos,breast_examinations,7,nipple_discharge,varchar(100),YES,,
simgos,breast_examinations,8,findings,text,YES,,
simgos,breast_examinations,9,examined_at,timestamp,YES,,
simgos,breast_examinations,10,created_at,timestamp,YES,,
simgos,breast_examinations,11,updated_at,timestamp,YES,,
simgos,cache,1,key,varchar(255),NO,PRI,
simgos,cache,2,value,mediumtext,NO,,
simgos,cache,3,expiration,bigint,NO,MUL,
simgos,cache_locks,1,key,varchar(255),NO,PRI,
simgos,cache_locks,2,owner,varchar(255),NO,,
simgos,cache_locks,3,expiration,bigint,NO,MUL,
simgos,case_manager_assessments,1,id,"bigint unsigned",NO,PRI,auto_increment
simgos,case_manager_assessments,2,visit_id,"bigint unsigned",NO,,
simgos,case_manager_assessments,3,case_manager_id,"bigint unsigned",YES,,
simgos,case_manager_assessments,4,screening_criteria,text,YES,,
simgos,case_manager_assessments,5,risk_level,varchar(10),NO,,
simgos,case_manager_assessments,6,care_plan,text,YES,,
simgos,case_manager_assessments,7,follow_up_needed,tinyint(1),NO,,
simgos,case_manager_assessments,8,assessed_at,timestamp,YES,,
simgos,case_manager_assessments,9,created_at,timestamp,YES,,
simgos,case_manager_assessments,10,updated_at,timestamp,YES,,
simgos,cashier_sessions,1,id,"bigint unsigned",NO,PRI,auto_increment
simgos,cashier_sessions,2,cashier_id,"bigint unsigned",NO,MUL,
simgos,cashier_sessions,3,opened_by,"bigint unsigned",NO,MUL,
simgos,cashier_sessions,4,closed_by,"bigint unsigned",YES,MUL,
simgos,cashier_sessions,5,opened_at,datetime,NO,,
simgos,cashier_sessions,6,closed_at,datetime,YES,,
simgos,cashier_sessions,7,opening_balance,"decimal(15,2)",NO,,
simgos,cashier_sessions,8,closing_balance,"decimal(15,2)",YES,,
simgos,cashier_sessions,9,status,varchar(255),NO,,
simgos,cashier_sessions,10,open_key,varchar(255),YES,UNI,
simgos,cashier_sessions,11,notes,text,YES,,
simgos,cashier_sessions,12,created_at,timestamp,YES,,
simgos,cashier_sessions,13,updated_at,timestamp,YES,,
simgos,cashier_transactions,1,id,"bigint unsigned",NO,PRI,auto_increment
simgos,cashier_transactions,2,cashier_id,"bigint unsigned",NO,MUL,
simgos,cashier_transactions,3,invoice_id,"bigint unsigned",NO,MUL,
simgos,cashier_transactions,4,amount,"decimal(15,2)",NO,,
simgos,cashier_transactions,5,transaction_type,varchar(255),NO,,
simgos,cashier_transactions,6,transacted_at,datetime,NO,,
simgos,cashier_transactions,7,created_at,timestamp,YES,,
simgos,cashier_transactions,8,updated_at,timestamp,YES,,
simgos,cashiers,1,id,"bigint unsigned",NO,PRI,auto_increment
simgos,cashiers,2,employee_id,"bigint unsigned",NO,MUL,
simgos,cashiers,3,cashier_code,varchar(255),NO,UNI,
simgos,cashiers,4,shift,varchar(255),NO,,
simgos,cashiers,5,is_active,tinyint(1),NO,,
simgos,cashiers,6,created_at,timestamp,YES,,
simgos,cashiers,7,updated_at,timestamp,YES,,
simgos,cat_clams_examinations,1,id,"bigint unsigned",NO,PRI,auto_increment
simgos,cat_clams_examinations,2,visit_id,"bigint unsigned",NO,,
simgos,cat_clams_examinations,3,patient_id,"bigint unsigned",NO,,
simgos,cat_clams_examinations,4,cat_score,double,YES,,
simgos,cat_clams_examinations,5,clams_score,double,YES,,
simgos,cat_clams_examinations,6,developmental_quotient,double,YES,,
simgos,cat_clams_examinations,7,developmental_age_months,double,YES,,
simgos,cat_clams_examinations,8,interpretation,text,YES,,
simgos,cat_clams_examinations,9,examined_at,timestamp,YES,,
simgos,cat_clams_examinations,10,created_at,timestamp,YES,,
simgos,cat_clams_examinations,11,updated_at,timestamp,YES,,
simgos,cat_clams_examinations,12,deleted_at,timestamp,YES,,
simgos,chest_examinations,1,id,"bigint unsigned",NO,PRI,auto_increment
simgos,chest_examinations,2,visit_id,"bigint unsigned",NO,,
simgos,chest_examinations,3,inspection,text,YES,,
simgos,chest_examinations,4,palpation,text,YES,,
simgos,chest_examinations,5,percussion,text,YES,,
simgos,chest_examinations,6,auscultation_breath_sounds,varchar(255),YES,,
simgos,chest_examinations,7,auscultation_heart_sounds,varchar(255),YES,,
simgos,chest_examinations,8,findings,text,YES,,
simgos,chest_examinations,9,examined_at,timestamp,YES,,
simgos,chest_examinations,10,created_at,timestamp,YES,,
simgos,chest_examinations,11,updated_at,timestamp,YES,,
simgos,chest_examinations,12,deleted_at,timestamp,YES,,
simgos,chief_complaints,1,id,"bigint unsigned",NO,PRI,auto_increment
simgos,chief_complaints,2,visit_id,"bigint unsigned",NO,MUL,
simgos,chief_complaints,3,complaint,text,YES,,
simgos,chief_complaints,4,onset,varchar(100),YES,,
simgos,chief_complaints,5,duration,varchar(100),YES,,
simgos,chief_complaints,6,recorded_by,"bigint unsigned",NO,MUL,
simgos,chief_complaints,7,recorded_at,datetime,NO,,
simgos,chief_complaints,8,created_at,timestamp,YES,,
simgos,chief_complaints,9,updated_at,timestamp,YES,,
simgos,claim_completeness,1,id,"bigint unsigned",NO,PRI,auto_increment
simgos,claim_completeness,2,claim_file_id,"bigint unsigned",NO,MUL,
simgos,claim_completeness,3,checklist_item,varchar(255),NO,,
simgos,claim_completeness,4,is_complete,tinyint(1),NO,,
simgos,claim_completeness,5,checked_by,varchar(255),YES,,
simgos,claim_completeness,6,checked_at,datetime,YES,,
simgos,claim_completeness,7,created_at,timestamp,YES,,
simgos,claim_completeness,8,updated_at,timestamp,YES,,
simgos,claim_completeness_comments,1,id,"bigint unsigned",NO,PRI,auto_increment
simgos,claim_completeness_comments,2,claim_completeness_id,"bigint unsigned",NO,MUL,
simgos,claim_completeness_comments,3,comment,text,NO,,
simgos,claim_completeness_comments,4,commented_by,varchar(255),YES,,
simgos,claim_completeness_comments,5,commented_at,datetime,YES,,
simgos,claim_completeness_comments,6,created_at,timestamp,YES,,
simgos,claim_completeness_comments,7,updated_at,timestamp,YES,,
simgos,claim_drivers,1,id,"bigint unsigned",NO,PRI,auto_increment
simgos,claim_drivers,2,code,varchar(20),NO,UNI,
simgos,claim_drivers,3,name,varchar(255),NO,,
simgos,claim_drivers,4,description,varchar(255),YES,,
simgos,claim_drivers,5,is_active,tinyint(1),NO,,
simgos,claim_drivers,6,created_at,timestamp,YES,,
simgos,claim_drivers,7,updated_at,timestamp,YES,,
simgos,claim_files,1,id,"bigint unsigned",NO,PRI,auto_increment
simgos,claim_files,2,visit_id,"bigint unsigned",NO,UNI,
simgos,claim_files,3,registration_id,"bigint unsigned",NO,MUL,
simgos,claim_files,4,invoice_id,"bigint unsigned",NO,UNI,
simgos,claim_files,5,sep_id,"bigint unsigned",NO,MUL,
simgos,claim_files,6,guarantor_id,"bigint unsigned",NO,MUL,
simgos,claim_files,7,claim_number,varchar(255),NO,UNI,
simgos,claim_files,8,submitted_at,datetime,YES,,
simgos,claim_files,9,status,varchar(255),NO,MUL,
simgos,claim_files,10,handed_off_by,"bigint unsigned",NO,MUL,
simgos,claim_files,11,handed_off_at,datetime,NO,,
simgos,claim_files,12,snapshot,json,NO,,
simgos,claim_files,13,snapshot_checksum,varchar(64),NO,,
simgos,claim_files,14,integrity_status,varchar(255),NO,,
simgos,claim_files,15,integrity_checked_checksum,varchar(64),YES,,
simgos,claim_files,16,integrity_checked_at,datetime,YES,,
simgos,claim_files,17,created_at,timestamp,YES,,
simgos,claim_files,18,updated_at,timestamp,YES,,
simgos,claim_invoices,1,id,"bigint unsigned",NO,PRI,auto_increment
simgos,claim_invoices,2,claim_number,varchar(255),YES,UNI,
simgos,claim_invoices,3,invoice_id,"bigint unsigned",NO,MUL,
simgos,claim_invoices,4,guarantor_id,"bigint unsigned",YES,MUL,
simgos,claim_invoices,5,claim_amount,"decimal(15,2)",NO,,
simgos,claim_invoices,6,verified_amount,"decimal(15,2)",YES,,
simgos,claim_invoices,7,submitted_at,datetime,YES,,
simgos,claim_invoices,8,status,varchar(255),NO,,
simgos,claim_invoices,9,rejection_reason,text,YES,,
simgos,claim_invoices,10,created_at,timestamp,YES,,
simgos,claim_invoices,11,updated_at,timestamp,YES,,
simgos,clinical_lab_claim_items,1,id,"bigint unsigned",NO,PRI,auto_increment
simgos,clinical_lab_claim_items,2,clinical_lab_claim_id,"bigint unsigned",NO,MUL,
simgos,clinical_lab_claim_items,3,test_name,varchar(255),NO,,
simgos,clinical_lab_claim_items,4,amount,"decimal(15,2)",NO,,
simgos,clinical_lab_claim_items,5,created_at,timestamp,YES,,
simgos,clinical_lab_claim_items,6,updated_at,timestamp,YES,,
simgos,clinical_lab_claims,1,id,"bigint unsigned",NO,PRI,auto_increment
simgos,clinical_lab_claims,2,claim_file_id,"bigint unsigned",NO,MUL,
simgos,clinical_lab_claims,3,order_id,"bigint unsigned",YES,MUL,
simgos,clinical_lab_claims,4,submitted_at,datetime,YES,,
simgos,clinical_lab_claims,5,status,varchar(255),NO,,
simgos,clinical_lab_claims,6,created_at,timestamp,YES,,
simgos,clinical_lab_claims,7,updated_at,timestamp,YES,,
simgos,clinical_note_co_managements,1,id,"bigint unsigned",NO,PRI,auto_increment
simgos,clinical_note_co_managements,2,clinical_note_id,"bigint unsigned",NO,MUL,
simgos,clinical_note_co_managements,3,medical_department_id,"bigint unsigned",NO,MUL,
simgos,clinical_note_co_managements,4,notes,text,YES,,
simgos,clinical_note_co_managements,5,author_id,"bigint unsigned",NO,MUL,
simgos,clinical_note_co_managements,6,recorded_at,datetime,NO,,
simgos,clinical_note_co_managements,7,created_at,timestamp,YES,,
simgos,clinical_note_co_managements,8,updated_at,timestamp,YES,,
simgos,clinical_note_verifications,1,id,"bigint unsigned",NO,PRI,auto_increment
simgos,clinical_note_verifications,2,clinical_note_id,"bigint unsigned",NO,MUL,
simgos,clinical_note_verifications,3,verifier_doctor_id,"bigint unsigned",NO,MUL,
simgos,clinical_note_verifications,4,verification_status,varchar(255),NO,,
simgos,clinical_note_verifications,5,verified_at,datetime,NO,,
simgos,clinical_note_verifications,6,notes,text,YES,,
simgos,clinical_note_verifications,7,created_by,"bigint unsigned",YES,MUL,
simgos,clinical_note_verifications,8,created_at,timestamp,YES,,
simgos,clinical_note_verifications,9,updated_at,timestamp,YES,,
simgos,clinical_notes,1,id,"bigint unsigned",NO,PRI,auto_increment
simgos,clinical_notes,2,visit_id,"bigint unsigned",NO,MUL,
simgos,clinical_notes,3,recorded_at,datetime,NO,,
simgos,clinical_notes,4,subjective,text,YES,,
simgos,clinical_notes,5,objective,text,YES,,
simgos,clinical_notes,6,assessment,text,YES,,
simgos,clinical_notes,7,planning,text,YES,,
simgos,clinical_notes,8,instructions,text,YES,,
simgos,clinical_notes,9,note_type,varchar(255),YES,,
simgos,clinical_notes,10,author_id,"bigint unsigned",NO,MUL,
simgos,clinical_notes,11,sub_division,varchar(255),YES,,
simgos,clinical_notes,12,has_discharge_plan,tinyint(1),NO,,
simgos,clinical_notes,13,discharge_plan_date,date,YES,,
simgos,clinical_notes,14,created_by,"bigint unsigned",YES,MUL,
simgos,clinical_notes,15,status,varchar(255),NO,,
simgos,clinical_notes,16,created_at,timestamp,YES,,
simgos,clinical_notes,17,updated_at,timestamp,YES,,
simgos,co_managements,1,id,"bigint unsigned",NO,PRI,auto_increment
simgos,co_managements,2,visit_id,"bigint unsigned",NO,MUL,
simgos,co_managements,3,employee_id,"bigint unsigned",NO,MUL,
simgos,co_managements,4,started_at,datetime,NO,,
simgos,co_managements,5,notes,text,YES,,
simgos,co_managements,6,created_at,timestamp,YES,,
simgos,co_managements,7,updated_at,timestamp,YES,,
simgos,consultation_answers,1,id,"bigint unsigned",NO,PRI,auto_increment
simgos,consultation_answers,2,consultation_id,"bigint unsigned",NO,MUL,
simgos,consultation_answers,3,answered_by,"bigint unsigned",NO,MUL,
simgos,consultation_answers,4,answered_at,datetime,NO,,
simgos,consultation_answers,5,answer,text,YES,,
simgos,consultation_answers,6,created_at,timestamp,YES,,
simgos,consultation_answers,7,updated_at,timestamp,YES,,
simgos,consultation_rooms,1,id,"bigint unsigned",NO,PRI,auto_increment
simgos,consultation_rooms,2,ward_id,"bigint unsigned",NO,MUL,
simgos,consultation_rooms,3,consultation_type,varchar(255),NO,,
simgos,consultation_rooms,4,is_active,tinyint(1),NO,,
simgos,consultation_rooms,5,created_at,timestamp,YES,,
simgos,consultation_rooms,6,updated_at,timestamp,YES,,
simgos,consultations,1,id,"bigint unsigned",NO,PRI,auto_increment
simgos,consultations,2,visit_id,"bigint unsigned",NO,MUL,
simgos,consultations,3,requesting_department_id,"bigint unsigned",NO,MUL,
simgos,consultations,4,consulted_department_id,"bigint unsigned",NO,MUL,
simgos,consultations,5,requested_at,datetime,NO,,
simgos,consultations,6,question,text,YES,,
simgos,consultations,7,created_at,timestamp,YES,,
simgos,consultations,8,updated_at,timestamp,YES,,
simgos,control_schedules,1,id,"bigint unsigned",NO,PRI,auto_increment
simgos,control_schedules,2,patient_id,"bigint unsigned",NO,MUL,
simgos,control_schedules,3,visit_id,"bigint unsigned",YES,MUL,
simgos,control_schedules,4,medical_department_id,"bigint unsigned",YES,MUL,
simgos,control_schedules,5,scheduled_date,date,NO,,
simgos,control_schedules,6,purpose,text,YES,,
simgos,control_schedules,7,scheduled_by,"bigint unsigned",NO,MUL,
simgos,control_schedules,8,status,varchar(255),NO,,
simgos,control_schedules,9,notes,text,YES,,
simgos,control_schedules,10,created_at,timestamp,YES,,
simgos,control_schedules,11,updated_at,timestamp,YES,,
simgos,corporate_receivable_settlements,1,id,"bigint unsigned",NO,PRI,auto_increment
simgos,corporate_receivable_settlements,2,corporate_receivable_id,"bigint unsigned",NO,MUL,
simgos,corporate_receivable_settlements,3,paid_amount,"decimal(15,2)",NO,,
simgos,corporate_receivable_settlements,4,paid_at,datetime,NO,,
simgos,corporate_receivable_settlements,5,received_by,"bigint unsigned",NO,MUL,
simgos,corporate_receivable_settlements,6,created_at,timestamp,YES,,
simgos,corporate_receivable_settlements,7,updated_at,timestamp,YES,,
simgos,corporate_receivables,1,id,"bigint unsigned",NO,PRI,auto_increment
simgos,corporate_receivables,2,invoice_id,"bigint unsigned",NO,MUL,
simgos,corporate_receivables,3,guarantor_id,"bigint unsigned",NO,MUL,
simgos,corporate_receivables,4,amount,"decimal(15,2)",NO,,
simgos,corporate_receivables,5,due_date,date,NO,,
simgos,corporate_receivables,6,status,varchar(255),NO,,
simgos,corporate_receivables,7,created_at,timestamp,YES,,
simgos,corporate_receivables,8,updated_at,timestamp,YES,,
simgos,cough_assessments,1,id,"bigint unsigned",NO,PRI,auto_increment
simgos,cough_assessments,2,visit_id,"bigint unsigned",NO,MUL,
simgos,cough_assessments,3,has_cough,tinyint(1),NO,,
simgos,cough_assessments,4,duration_weeks,"int unsigned",YES,,
simgos,cough_assessments,5,cough_type,varchar(50),YES,,
simgos,cough_assessments,6,other_symptoms,text,YES,,
simgos,cough_assessments,7,is_referred_tb_screening,tinyint(1),NO,,
simgos,cough_assessments,8,assessed_by,"bigint unsigned",NO,MUL,
simgos,cough_assessments,9,assessed_at,datetime,NO,,
simgos,cough_assessments,10,created_at,timestamp,YES,,
simgos,cough_assessments,11,updated_at,timestamp,YES,,
simgos,countries,1,id,"bigint unsigned",NO,PRI,auto_increment
simgos,countries,2,name,varchar(255),NO,UNI,
simgos,countries,3,code,varchar(10),YES,UNI,
simgos,countries,4,is_active,tinyint(1),NO,,
simgos,countries,5,created_at,timestamp,YES,,
simgos,countries,6,updated_at,timestamp,YES,,
simgos,critical_lab_values,1,id,"bigint unsigned",NO,PRI,auto_increment
simgos,critical_lab_values,2,lab_order_id,"bigint unsigned",NO,MUL,
simgos,critical_lab_values,3,parameter_name,varchar(255),NO,,
simgos,critical_lab_values,4,critical_value,varchar(255),NO,,
simgos,critical_lab_values,5,notified_to,varchar(255),YES,,
simgos,critical_lab_values,6,notified_at,datetime,YES,,
simgos,critical_lab_values,7,acknowledged,tinyint(1),NO,,
simgos,critical_lab_values,8,created_at,timestamp,YES,,
simgos,critical_lab_values,9,updated_at,timestamp,YES,,
simgos,dental_examinations,1,id,"bigint unsigned",NO,PRI,auto_increment
simgos,dental_examinations,2,visit_id,"bigint unsigned",NO,,
simgos,dental_examinations,3,decayed_teeth_count,int,NO,,
simgos,dental_examinations,4,missing_teeth_count,int,NO,,
simgos,dental_examinations,5,filled_teeth_count,int,NO,,
simgos,dental_examinations,6,odontogram_json,json,YES,,
simgos,dental_examinations,7,occlusion_status,varchar(255),YES,,
simgos,dental_examinations,8,notes,text,YES,,
simgos,dental_examinations,9,examined_at,timestamp,YES,,
simgos,dental_examinations,10,created_at,timestamp,YES,,
simgos,dental_examinations,11,updated_at,timestamp,YES,,
simgos,dental_examinations,12,deleted_at,timestamp,YES,,
simgos,deposit_refunds,1,id,"bigint unsigned",NO,PRI,auto_increment
simgos,deposit_refunds,2,deposit_id,"bigint unsigned",NO,MUL,
simgos,deposit_refunds,3,refunded_amount,"decimal(15,2)",NO,,
simgos,deposit_refunds,4,refunded_at,datetime,NO,,
simgos,deposit_refunds,5,refunded_by,"bigint unsigned",NO,MUL,
simgos,deposit_refunds,6,created_at,timestamp,YES,,
simgos,deposit_refunds,7,updated_at,timestamp,YES,,
simgos,deposits,1,id,"bigint unsigned",NO,PRI,auto_increment
simgos,deposits,2,deposit_number,varchar(255),NO,UNI,
simgos,deposits,3,visit_id,"bigint unsigned",NO,MUL,
simgos,deposits,4,amount,"decimal(15,2)",NO,,
simgos,deposits,5,paid_at,datetime,NO,,
simgos,deposits,6,received_by,"bigint unsigned",NO,MUL,
simgos,deposits,7,notes,text,YES,,
simgos,deposits,8,status,varchar(255),NO,,
simgos,deposits,9,created_at,timestamp,YES,,
simgos,deposits,10,updated_at,timestamp,YES,,
simgos,diagnoses,1,id,"bigint unsigned",NO,PRI,auto_increment
simgos,diagnoses,2,visit_id,"bigint unsigned",NO,MUL,
simgos,diagnoses,3,diagnosis_code_id,"bigint unsigned",NO,MUL,
simgos,diagnoses,4,is_primary,tinyint(1),NO,,
simgos,diagnoses,5,recorded_at,datetime,NO,,
simgos,diagnoses,6,recorded_by,"bigint unsigned",YES,MUL,
simgos,diagnoses,7,status,varchar(255),NO,,
simgos,diagnoses,8,created_at,timestamp,YES,,
simgos,diagnoses,9,updated_at,timestamp,YES,,
simgos,diagnosis_codes,1,id,"bigint unsigned",NO,PRI,auto_increment
simgos,diagnosis_codes,2,code,varchar(255),NO,UNI,
simgos,diagnosis_codes,3,name,varchar(255),NO,,
simgos,diagnosis_codes,4,is_active,tinyint(1),NO,,
simgos,diagnosis_codes,5,created_at,timestamp,YES,,
simgos,diagnosis_codes,6,updated_at,timestamp,YES,,
simgos,diagnosis_indicator_mappings,1,id,"bigint unsigned",NO,PRI,auto_increment
simgos,diagnosis_indicator_mappings,2,diagnosis_id,"bigint unsigned",NO,,
simgos,diagnosis_indicator_mappings,3,indicator_code,varchar(255),NO,,
simgos,diagnosis_indicator_mappings,4,indicator_name,varchar(255),NO,,
simgos,diagnosis_indicator_mappings,5,target_score,varchar(255),YES,,
simgos,diagnosis_indicator_mappings,6,description,text,YES,,
simgos,diagnosis_indicator_mappings,7,is_active,tinyint(1),NO,,
simgos,diagnosis_indicator_mappings,8,created_at,timestamp,YES,,
simgos,diagnosis_indicator_mappings,9,updated_at,timestamp,YES,,
simgos,diagnosis_indicator_mappings,10,deleted_at,timestamp,YES,,
simgos,diagnosis_restrictions,1,id,"bigint unsigned",NO,PRI,auto_increment
simgos,diagnosis_restrictions,2,diagnosis_code_id,"bigint unsigned",NO,MUL,
simgos,diagnosis_restrictions,3,restricted_antibiotic_name,varchar(255),NO,,
simgos,diagnosis_restrictions,4,requires_justification,tinyint(1),NO,,
simgos,diagnosis_restrictions,5,notes,text,YES,,
simgos,diagnosis_restrictions,6,is_active,tinyint(1),NO,,
simgos,diagnosis_restrictions,7,created_at,timestamp,YES,,
simgos,diagnosis_restrictions,8,updated_at,timestamp,YES,,
simgos,differential_diagnoses,1,id,"bigint unsigned",NO,PRI,auto_increment
simgos,differential_diagnoses,2,visit_id,"bigint unsigned",NO,MUL,
simgos,differential_diagnoses,3,diagnosis_code_id,"bigint unsigned",YES,MUL,
simgos,differential_diagnoses,4,description,varchar(255),NO,,
simgos,differential_diagnoses,5,rank,"int unsigned",YES,,
simgos,differential_diagnoses,6,recorded_by,"bigint unsigned",NO,MUL,
simgos,differential_diagnoses,7,recorded_at,datetime,NO,,
simgos,differential_diagnoses,8,status,varchar(255),NO,,
simgos,differential_diagnoses,9,created_at,timestamp,YES,,
simgos,differential_diagnoses,10,updated_at,timestamp,YES,,
simgos,discharge_medication_reconciliation_items,1,id,"bigint unsigned",NO,PRI,auto_increment
simgos,discharge_medication_reconciliation_items,2,reconciliation_id,"bigint unsigned",NO,MUL,
simgos,discharge_medication_reconciliation_items,3,drug_name,varchar(255),NO,,
simgos,discharge_medication_reconciliation_items,4,dose,varchar(50),YES,,
simgos,discharge_medication_reconciliation_items,5,frequency,varchar(50),YES,,
simgos,discharge_medication_reconciliation_items,6,route,varchar(30),YES,,
simgos,discharge_medication_reconciliation_items,7,action,varchar(20),NO,,
simgos,discharge_medication_reconciliation_items,8,reason,varchar(255),YES,,
simgos,discharge_medication_reconciliation_items,9,patient_education_given,tinyint(1),NO,,
simgos,discharge_medication_reconciliation_items,10,created_at,timestamp,YES,,
simgos,discharge_medication_reconciliation_items,11,updated_at,timestamp,YES,,
simgos,discharge_medication_reconciliations,1,id,"bigint unsigned",NO,PRI,auto_increment
simgos,discharge_medication_reconciliations,2,visit_id,"bigint unsigned",NO,MUL,
simgos,discharge_medication_reconciliations,3,reconciled_by,"bigint unsigned",NO,MUL,
simgos,discharge_medication_reconciliations,4,created_by,"bigint unsigned",YES,MUL,
simgos,discharge_medication_reconciliations,5,source_of_medication_list,varchar(255),YES,,
simgos,discharge_medication_reconciliations,6,notes,text,YES,,
simgos,discharge_medication_reconciliations,7,status,varchar(20),NO,,
simgos,discharge_medication_reconciliations,8,reconciled_at,datetime,NO,,
simgos,discharge_medication_reconciliations,9,created_at,timestamp,YES,,
simgos,discharge_medication_reconciliations,10,updated_at,timestamp,YES,,
simgos,discharge_methods,1,id,"bigint unsigned",NO,PRI,auto_increment
simgos,discharge_methods,2,name,varchar(255),NO,UNI,
simgos,discharge_methods,3,code,varchar(10),YES,UNI,
simgos,discharge_methods,4,is_active,tinyint(1),NO,,
simgos,discharge_methods,5,created_at,timestamp,YES,,
simgos,discharge_methods,6,updated_at,timestamp,YES,,
simgos,discharge_planning_risk_factors,1,id,"bigint unsigned",NO,PRI,auto_increment
simgos,discharge_planning_risk_factors,2,visit_id,"bigint unsigned",NO,MUL,
simgos,discharge_planning_risk_factors,3,risk_factor,varchar(150),NO,,
simgos,discharge_planning_risk_factors,4,score,"int unsigned",YES,,
simgos,discharge_planning_risk_factors,5,assessed_by,"bigint unsigned",NO,MUL,
simgos,discharge_planning_risk_factors,6,assessed_at,datetime,NO,,
simgos,discharge_planning_risk_factors,7,created_at,timestamp,YES,,
simgos,discharge_planning_risk_factors,8,updated_at,timestamp,YES,,
simgos,discharge_planning_screenings,1,id,"bigint unsigned",NO,PRI,auto_increment
simgos,discharge_planning_screenings,2,visit_id,"bigint unsigned",NO,MUL,
simgos,discharge_planning_screenings,3,screening_criteria,text,YES,,
simgos,discharge_planning_screenings,4,total_score,"int unsigned",YES,,
simgos,discharge_planning_screenings,5,requires_planning,tinyint(1),NO,,
simgos,discharge_planning_screenings,6,screened_by,"bigint unsigned",NO,MUL,
simgos,discharge_planning_screenings,7,screened_at,datetime,NO,,
simgos,discharge_planning_screenings,8,created_at,timestamp,YES,,
simgos,discharge_planning_screenings,9,updated_at,timestamp,YES,,
simgos,discharge_summaries,1,id,"bigint unsigned",NO,PRI,auto_increment
simgos,discharge_summaries,2,visit_id,"bigint unsigned",NO,MUL,
simgos,discharge_summaries,3,admission_diagnosis_id,"bigint unsigned",YES,MUL,
simgos,discharge_summaries,4,discharge_diagnosis_id,"bigint unsigned",YES,MUL,
simgos,discharge_summaries,5,treatment_summary,text,YES,,
simgos,discharge_summaries,6,condition_at_discharge,text,YES,,
simgos,discharge_summaries,7,follow_up_plan,text,YES,,
simgos,discharge_summaries,8,discharge_medication,text,YES,,
simgos,discharge_summaries,9,authored_by,"bigint unsigned",NO,MUL,
simgos,discharge_summaries,10,authored_at,datetime,NO,,
simgos,discharge_summaries,11,created_by,"bigint unsigned",YES,MUL,
simgos,discharge_summaries,12,created_at,timestamp,YES,,
simgos,discharge_summaries,13,updated_at,timestamp,YES,,
simgos,discounts,1,id,"bigint unsigned",NO,PRI,auto_increment
simgos,discounts,2,code,varchar(255),NO,UNI,
simgos,discounts,3,name,varchar(255),NO,,
simgos,discounts,4,discount_type,varchar(255),NO,,
simgos,discounts,5,value,"decimal(10,2)",NO,,
simgos,discounts,6,is_active,tinyint(1),NO,,
simgos,discounts,7,created_at,timestamp,YES,,
simgos,discounts,8,updated_at,timestamp,YES,,
simgos,doctor_discounts,1,id,"bigint unsigned",NO,PRI,auto_increment
simgos,doctor_discounts,2,discount_id,"bigint unsigned",NO,MUL,
simgos,doctor_discounts,3,employee_id,"bigint unsigned",NO,MUL,
simgos,doctor_discounts,4,percentage,"decimal(5,2)",NO,,
simgos,doctor_discounts,5,created_at,timestamp,YES,,
simgos,doctor_discounts,6,updated_at,timestamp,YES,,
simgos,doctor_medical_departments,1,id,"bigint unsigned",NO,PRI,auto_increment
simgos,doctor_medical_departments,2,doctor_id,"bigint unsigned",NO,MUL,
simgos,doctor_medical_departments,3,medical_department_id,"bigint unsigned",NO,MUL,
simgos,doctor_medical_departments,4,is_head,tinyint(1),NO,,
simgos,doctor_medical_departments,5,created_at,timestamp,YES,,
simgos,doctor_medical_departments,6,updated_at,timestamp,YES,,
simgos,doctor_procedure_consents,1,id,"bigint unsigned",NO,PRI,auto_increment
simgos,doctor_procedure_consents,2,visit_id,"bigint unsigned",NO,MUL,
simgos,doctor_procedure_consents,3,doctor_id,"bigint unsigned",NO,MUL,
simgos,doctor_procedure_consents,4,created_by,"bigint unsigned",YES,MUL,
simgos,doctor_procedure_consents,5,procedure_name,varchar(255),NO,,
simgos,doctor_procedure_consents,6,indication,text,YES,,
simgos,doctor_procedure_consents,7,consent_decision,varchar(10),NO,,
simgos,doctor_procedure_consents,8,signed_at,datetime,YES,,
simgos,doctor_procedure_consents,9,created_at,timestamp,YES,,
simgos,doctor_procedure_consents,10,updated_at,timestamp,YES,,
simgos,doctor_ward_assignments,1,id,"bigint unsigned",NO,PRI,auto_increment
simgos,doctor_ward_assignments,2,doctor_id,"bigint unsigned",NO,MUL,
simgos,doctor_ward_assignments,3,ward_id,"bigint unsigned",NO,MUL,
simgos,doctor_ward_assignments,4,assigned_at,timestamp,YES,,
simgos,doctor_ward_assignments,5,schedule_day,varchar(255),YES,,
simgos,doctor_ward_assignments,6,is_active,tinyint(1),NO,,
simgos,doctor_ward_assignments,7,created_at,timestamp,YES,,
simgos,doctor_ward_assignments,8,updated_at,timestamp,YES,,
simgos,doctors,1,id,"bigint unsigned",NO,PRI,auto_increment
simgos,doctors,2,employee_id,"bigint unsigned",NO,MUL,
simgos,doctors,3,specialization,varchar(255),YES,,
simgos,doctors,4,sip_number,varchar(255),YES,,
simgos,doctors,5,bpjs_dpjp_code,varchar(255),YES,MUL,
simgos,doctors,6,is_active,tinyint(1),NO,,
simgos,doctors,7,created_at,timestamp,YES,,
simgos,doctors,8,updated_at,timestamp,YES,,
simgos,document_cancellations,1,id,"bigint unsigned",NO,PRI,auto_increment
simgos,document_cancellations,2,document_id,varchar(255),NO,,
simgos,document_cancellations,3,document_type,varchar(255),NO,,
simgos,document_cancellations,4,cancellation_number,varchar(255),NO,UNI,
simgos,document_cancellations,5,reason,text,NO,,
simgos,document_cancellations,6,cancellation_date,datetime,NO,,
simgos,document_cancellations,7,requested_by,varchar(255),NO,,
simgos,document_cancellations,8,status,varchar(255),NO,,
simgos,document_cancellations,9,created_at,timestamp,YES,,
simgos,document_cancellations,10,updated_at,timestamp,YES,,
simgos,document_uploads,1,id,"bigint unsigned",NO,PRI,auto_increment
simgos,document_uploads,2,patient_id,"bigint unsigned",NO,MUL,
simgos,document_uploads,3,visit_id,"bigint unsigned",YES,MUL,
simgos,document_uploads,4,document_name,varchar(255),NO,,
simgos,document_uploads,5,document_type,varchar(255),YES,,
simgos,document_uploads,6,file_path,varchar(255),NO,,
simgos,document_uploads,7,file_size_bytes,bigint,YES,,
simgos,document_uploads,8,uploaded_at,datetime,NO,,
simgos,document_uploads,9,notes,text,YES,,
simgos,document_uploads,10,created_by,"bigint unsigned",YES,MUL,
simgos,document_uploads,11,created_at,timestamp,YES,,
simgos,document_uploads,12,updated_at,timestamp,YES,,
simgos,duration_restrictions,1,id,"bigint unsigned",NO,PRI,auto_increment
simgos,duration_restrictions,2,antibiotic_name,varchar(255),NO,UNI,
simgos,duration_restrictions,3,max_days,"tinyint unsigned",NO,,
simgos,duration_restrictions,4,min_days,"tinyint unsigned",YES,,
simgos,duration_restrictions,5,requires_reevaluation,tinyint(1),NO,,
simgos,duration_restrictions,6,notes,text,YES,,
simgos,duration_restrictions,7,is_active,tinyint(1),NO,,
simgos,duration_restrictions,8,created_at,timestamp,YES,,
simgos,duration_restrictions,9,updated_at,timestamp,YES,,
simgos,ear_examinations,1,id,"bigint unsigned",NO,PRI,auto_increment
simgos,ear_examinations,2,visit_id,"bigint unsigned",NO,,
simgos,ear_examinations,3,side,varchar(20),YES,,
simgos,ear_examinations,4,otoscopy,text,YES,,
simgos,ear_examinations,5,tympanic_membrane,varchar(100),YES,,
simgos,ear_examinations,6,hearing_test_result,varchar(100),YES,,
simgos,ear_examinations,7,discharge,tinyint(1),NO,,
simgos,ear_examinations,8,findings,text,YES,,
simgos,ear_examinations,9,examined_at,timestamp,YES,,
simgos,ear_examinations,10,created_at,timestamp,YES,,
simgos,ear_examinations,11,updated_at,timestamp,YES,,
simgos,edc_transactions,1,id,"bigint unsigned",NO,PRI,auto_increment
simgos,edc_transactions,2,payment_id,"bigint unsigned",NO,MUL,
simgos,edc_transactions,3,edc_reference_number,varchar(255),NO,UNI,
simgos,edc_transactions,4,bank_name,varchar(255),NO,,
simgos,edc_transactions,5,card_type,varchar(255),NO,,
simgos,edc_transactions,6,card_last_four,varchar(4),YES,,
simgos,edc_transactions,7,approval_code,varchar(255),YES,,
simgos,edc_transactions,8,amount,"decimal(15,2)",NO,,
simgos,edc_transactions,9,transaction_at,datetime,NO,,
simgos,edc_transactions,10,status,varchar(255),NO,,
simgos,edc_transactions,11,created_at,timestamp,YES,,
simgos,edc_transactions,12,updated_at,timestamp,YES,,
simgos,eeg_examinations,1,id,"bigint unsigned",NO,PRI,auto_increment
simgos,eeg_examinations,2,visit_id,"bigint unsigned",NO,,
simgos,eeg_examinations,3,patient_id,"bigint unsigned",NO,,
simgos,eeg_examinations,4,background_rhythm,varchar(255),YES,,
simgos,eeg_examinations,5,epileptiform_discharges,tinyint(1),NO,,
simgos,eeg_examinations,6,abnormality_type,varchar(255),YES,,
simgos,eeg_examinations,7,clinical_correlation,text,YES,,
simgos,eeg_examinations,8,conclusion,text,YES,,
simgos,eeg_examinations,9,examined_at,timestamp,YES,,
simgos,eeg_examinations,10,created_at,timestamp,YES,,
simgos,eeg_examinations,11,updated_at,timestamp,YES,,
simgos,eeg_examinations,12,deleted_at,timestamp,YES,,
simgos,ekg_examinations,1,id,"bigint unsigned",NO,PRI,auto_increment
simgos,ekg_examinations,2,visit_id,"bigint unsigned",NO,,
simgos,ekg_examinations,3,patient_id,"bigint unsigned",NO,,
simgos,ekg_examinations,4,heart_rate_bpm,int,YES,,
simgos,ekg_examinations,5,rhythm,varchar(255),YES,,
simgos,ekg_examinations,6,p_wave,varchar(255),YES,,
simgos,ekg_examinations,7,pr_interval_ms,int,YES,,
simgos,ekg_examinations,8,qrs_duration_ms,int,YES,,
simgos,ekg_examinations,9,st_segment,varchar(255),YES,,
simgos,ekg_examinations,10,t_wave,varchar(255),YES,,
simgos,ekg_examinations,11,conclusion,text,YES,,
simgos,ekg_examinations,12,examined_at,timestamp,YES,,
simgos,ekg_examinations,13,created_at,timestamp,YES,,
simgos,ekg_examinations,14,updated_at,timestamp,YES,,
simgos,ekg_examinations,15,deleted_at,timestamp,YES,,
simgos,eklaim_calls,1,id,"bigint unsigned",NO,PRI,auto_increment
simgos,eklaim_calls,2,method,varchar(255),NO,,
simgos,eklaim_calls,3,request_data,json,YES,,
simgos,eklaim_calls,4,response_data,json,YES,,
simgos,eklaim_calls,5,status,varchar(255),NO,,
simgos,eklaim_calls,6,error_message,text,YES,,
simgos,eklaim_calls,7,created_at,timestamp,YES,,
simgos,eklaim_calls,8,updated_at,timestamp,YES,,
simgos,emergency_educations,1,id,"bigint unsigned",NO,PRI,auto_increment
simgos,emergency_educations,2,visit_id,"bigint unsigned",NO,MUL,
simgos,emergency_educations,3,topic,varchar(150),NO,,
simgos,emergency_educations,4,method,varchar(50),YES,,
simgos,emergency_educations,5,understanding_level,varchar(50),YES,,
simgos,emergency_educations,6,educator_id,"bigint unsigned",NO,MUL,
simgos,emergency_educations,7,educated_at,datetime,NO,,
simgos,emergency_educations,8,notes,text,YES,,
simgos,emergency_educations,9,created_at,timestamp,YES,,
simgos,emergency_educations,10,updated_at,timestamp,YES,,
simgos,emg_examinations,1,id,"bigint unsigned",NO,PRI,auto_increment
simgos,emg_examinations,2,visit_id,"bigint unsigned",NO,,
simgos,emg_examinations,3,patient_id,"bigint unsigned",NO,,
simgos,emg_examinations,4,nerve_conduction_velocity,double,YES,,
simgos,emg_examinations,5,spontaneous_activity,varchar(255),YES,,
simgos,emg_examinations,6,motor_unit_potentials,varchar(255),YES,,
simgos,emg_examinations,7,recruitment_pattern,varchar(255),YES,,
simgos,emg_examinations,8,conclusion,text,YES,,
simgos,emg_examinations,9,examined_at,timestamp,YES,,
simgos,emg_examinations,10,created_at,timestamp,YES,,
simgos,emg_examinations,11,updated_at,timestamp,YES,,
simgos,emg_examinations,12,deleted_at,timestamp,YES,,
simgos,employee_contacts,1,id,"bigint unsigned",NO,PRI,auto_increment
simgos,employee_contacts,2,employee_id,"bigint unsigned",NO,MUL,
simgos,employee_contacts,3,contact_type,varchar(255),NO,,
simgos,employee_contacts,4,value,varchar(255),NO,,
simgos,employee_contacts,5,created_at,timestamp,YES,,
simgos,employee_contacts,6,updated_at,timestamp,YES,,
simgos,employee_identity_cards,1,id,"bigint unsigned",NO,PRI,auto_increment
simgos,employee_identity_cards,2,employee_id,"bigint unsigned",NO,MUL,
simgos,employee_identity_cards,3,id_type,varchar(255),NO,,
simgos,employee_identity_cards,4,id_number,varchar(255),NO,,
simgos,employee_identity_cards,5,issued_at,date,YES,,
simgos,employee_identity_cards,6,created_at,timestamp,YES,,
simgos,employee_identity_cards,7,updated_at,timestamp,YES,,
simgos,employee_photos,1,id,"bigint unsigned",NO,PRI,auto_increment
simgos,employee_photos,2,employee_id,"bigint unsigned",NO,MUL,
simgos,employee_photos,3,file_path,varchar(255),NO,,
simgos,employee_photos,4,taken_at,datetime,NO,,
simgos,employee_photos,5,created_at,timestamp,YES,,
simgos,employee_photos,6,updated_at,timestamp,YES,,
simgos,employees,1,id,"bigint unsigned",NO,PRI,auto_increment
simgos,employees,2,user_id,"bigint unsigned",YES,MUL,
simgos,employees,3,employee_number,varchar(255),YES,UNI,
simgos,employees,4,nip,varchar(255),YES,UNI,
simgos,employees,5,name,varchar(255),NO,,
simgos,employees,6,nickname,varchar(255),YES,,
simgos,employees,7,title_prefix,varchar(255),YES,,
simgos,employees,8,title_suffix,varchar(255),YES,,
simgos,employees,9,birth_place,varchar(255),YES,,
simgos,employees,10,birth_place_id,varchar(10),YES,,
simgos,employees,11,birth_date,date,YES,,
simgos,employees,12,religion_id,"bigint unsigned",YES,MUL,
simgos,employees,13,gender_id,"bigint unsigned",YES,MUL,
simgos,employees,14,profession_id,"bigint unsigned",YES,MUL,
simgos,employees,15,smf_id,"bigint unsigned",YES,MUL,
simgos,employees,16,address,varchar(255),YES,,
simgos,employees,17,rt,varchar(5),YES,,
simgos,employees,18,rw,varchar(5),YES,,
simgos,employees,19,postal_code,varchar(10),YES,,
simgos,employees,20,village_id,"bigint unsigned",YES,MUL,
simgos,employees,21,is_non_employee,tinyint(1),NO,,
simgos,employees,22,is_active,tinyint(1),NO,,
simgos,employees,23,created_at,timestamp,YES,,
simgos,employees,24,updated_at,timestamp,YES,,
simgos,end_of_life_educations,1,id,"bigint unsigned",NO,PRI,auto_increment
simgos,end_of_life_educations,2,visit_id,"bigint unsigned",NO,MUL,
simgos,end_of_life_educations,3,topic,varchar(150),NO,,
simgos,end_of_life_educations,4,participants,text,YES,,
simgos,end_of_life_educations,5,decision_summary,text,YES,,
simgos,end_of_life_educations,6,educator_id,"bigint unsigned",NO,MUL,
simgos,end_of_life_educations,7,educated_at,datetime,NO,,
simgos,end_of_life_educations,8,created_at,timestamp,YES,,
simgos,end_of_life_educations,9,updated_at,timestamp,YES,,
simgos,end_of_life_psychosocial_relationships,1,id,"bigint unsigned",NO,PRI,auto_increment
simgos,end_of_life_psychosocial_relationships,2,visit_id,"bigint unsigned",NO,MUL,
simgos,end_of_life_psychosocial_relationships,3,relationship_type,varchar(100),YES,,
simgos,end_of_life_psychosocial_relationships,4,support_system,text,YES,,
simgos,end_of_life_psychosocial_relationships,5,spiritual_needs,text,YES,,
simgos,end_of_life_psychosocial_relationships,6,emotional_state,varchar(100),YES,,
simgos,end_of_life_psychosocial_relationships,7,assessed_by,"bigint unsigned",NO,MUL,
simgos,end_of_life_psychosocial_relationships,8,assessed_at,datetime,NO,,
simgos,end_of_life_psychosocial_relationships,9,created_at,timestamp,YES,,
simgos,end_of_life_psychosocial_relationships,10,updated_at,timestamp,YES,,
simgos,epfra_assessments,1,id,"bigint unsigned",NO,PRI,auto_increment
simgos,epfra_assessments,2,visit_id,"bigint unsigned",NO,,
simgos,epfra_assessments,3,assessor_id,"bigint unsigned",YES,,
simgos,epfra_assessments,4,criteria_notes,text,YES,,
simgos,epfra_assessments,5,score,"tinyint unsigned",NO,,
simgos,epfra_assessments,6,risk_level,varchar(10),YES,,
simgos,epfra_assessments,7,assessed_at,timestamp,YES,,
simgos,epfra_assessments,8,created_at,timestamp,YES,,
simgos,epfra_assessments,9,updated_at,timestamp,YES,,
simgos,episode_closure_outboxes,1,id,"bigint unsigned",NO,PRI,auto_increment
simgos,episode_closure_outboxes,2,registration_id,"bigint unsigned",NO,UNI,
simgos,episode_closure_outboxes,3,episode_closure_id,varchar(26),NO,UNI,
simgos,episode_closure_outboxes,4,status,varchar(255),NO,MUL,
simgos,episode_closure_outboxes,5,payload,json,NO,,
simgos,episode_closure_outboxes,6,payload_checksum,varchar(64),NO,,
simgos,episode_closure_outboxes,7,created_by,"bigint unsigned",NO,MUL,
simgos,episode_closure_outboxes,8,queued_at,datetime,YES,,
simgos,episode_closure_outboxes,9,processing_at,datetime,YES,,
simgos,episode_closure_outboxes,10,sent_at,datetime,YES,,
simgos,episode_closure_outboxes,11,failed_at,datetime,YES,,
simgos,episode_closure_outboxes,12,attempts,"int unsigned",NO,,
simgos,episode_closure_outboxes,13,last_error,text,YES,,
simgos,episode_closure_outboxes,14,created_at,timestamp,YES,,
simgos,episode_closure_outboxes,15,updated_at,timestamp,YES,,
simgos,episode_closure_sync_attempts,1,id,"bigint unsigned",NO,PRI,auto_increment
simgos,episode_closure_sync_attempts,2,operation_id,"bigint unsigned",NO,MUL,
simgos,episode_closure_sync_attempts,3,attempt_number,"int unsigned",NO,,
simgos,episode_closure_sync_attempts,4,lease_token,varchar(64),NO,MUL,
simgos,episode_closure_sync_attempts,5,kind,varchar(255),NO,,
simgos,episode_closure_sync_attempts,6,evidence,json,YES,,
simgos,episode_closure_sync_attempts,7,claimed_at,datetime,NO,,
simgos,episode_closure_sync_attempts,8,completed_at,datetime,YES,,
simgos,episode_closure_sync_attempts,9,created_at,timestamp,YES,,
simgos,episode_closure_sync_attempts,10,updated_at,timestamp,YES,,
simgos,episode_closure_sync_operations,1,id,"bigint unsigned",NO,PRI,auto_increment
simgos,episode_closure_sync_operations,2,episode_closure_outbox_id,"bigint unsigned",NO,MUL,
simgos,episode_closure_sync_operations,3,operation_key,varchar(191),NO,,
simgos,episode_closure_sync_operations,4,operation_type,varchar(255),NO,,
simgos,episode_closure_sync_operations,5,visit_id,"bigint unsigned",YES,,
simgos,episode_closure_sync_operations,6,sequence,"tinyint unsigned",NO,,
simgos,episode_closure_sync_operations,7,method,varchar(12),YES,,
simgos,episode_closure_sync_operations,8,resource_type,varchar(255),NO,,
simgos,episode_closure_sync_operations,9,depends_on,json,NO,,
simgos,episode_closure_sync_operations,10,status,varchar(255),NO,MUL,
simgos,episode_closure_sync_operations,11,dependency_state,json,NO,,
simgos,episode_closure_sync_operations,12,dependency_checksum,varchar(64),NO,,
simgos,episode_closure_sync_operations,13,payload,json,NO,,
simgos,episode_closure_sync_operations,14,payload_checksum,varchar(64),NO,,
simgos,episode_closure_sync_operations,15,template_checksum,varchar(64),NO,,
simgos,episode_closure_sync_operations,16,materialized_request,json,YES,,
simgos,episode_closure_sync_operations,17,materialized_request_checksum,varchar(64),YES,,
simgos,episode_closure_sync_operations,18,remote_id,varchar(255),YES,,
simgos,episode_closure_sync_operations,19,attempts,"int unsigned",NO,,
simgos,episode_closure_sync_operations,20,last_attempt_at,datetime,YES,,
simgos,episode_closure_sync_operations,21,next_attempt_at,datetime,YES,,
simgos,episode_closure_sync_operations,22,provenance,json,YES,,
simgos,episode_closure_sync_operations,23,error,json,YES,,
simgos,episode_closure_sync_operations,24,operation_outcome,json,YES,,
simgos,episode_closure_sync_operations,25,queued_at,datetime,YES,,
simgos,episode_closure_sync_operations,26,processing_at,datetime,YES,,
simgos,episode_closure_sync_operations,27,lease_token,varchar(64),YES,,
simgos,episode_closure_sync_operations,28,lease_expires_at,datetime,YES,,
simgos,episode_closure_sync_operations,29,sent_at,datetime,YES,,
simgos,episode_closure_sync_operations,30,failed_at,datetime,YES,,
simgos,episode_closure_sync_operations,31,reconciled_at,datetime,YES,,
simgos,episode_closure_sync_operations,32,reconciled_by,"bigint unsigned",YES,MUL,
simgos,episode_closure_sync_operations,33,created_at,timestamp,YES,,
simgos,episode_closure_sync_operations,34,updated_at,timestamp,YES,,
simgos,episode_sync_hardening_042_meta,1,added_column,tinyint(1),NO,,
simgos,episode_sync_hardening_042_meta,2,added_index,tinyint(1),NO,,
simgos,examination_group_mappings,1,id,"bigint unsigned",NO,PRI,auto_increment
simgos,examination_group_mappings,2,examination_group_id,"bigint unsigned",NO,MUL,
simgos,examination_group_mappings,3,mapping_category,varchar(255),NO,,
simgos,examination_group_mappings,4,external_code,varchar(255),YES,,
simgos,examination_group_mappings,5,is_active,tinyint(1),NO,,
simgos,examination_group_mappings,6,created_at,timestamp,YES,,
simgos,examination_group_mappings,7,updated_at,timestamp,YES,,
simgos,examination_groups,1,id,"bigint unsigned",NO,PRI,auto_increment
simgos,examination_groups,2,name,varchar(255),NO,UNI,
simgos,examination_groups,3,code,varchar(10),YES,UNI,
simgos,examination_groups,4,is_active,tinyint(1),NO,,
simgos,examination_groups,5,created_at,timestamp,YES,,
simgos,examination_groups,6,updated_at,timestamp,YES,,
simgos,examination_result_statuses,1,id,"bigint unsigned",NO,PRI,auto_increment
simgos,examination_result_statuses,2,visit_id,"bigint unsigned",NO,MUL,
simgos,examination_result_statuses,3,examination_type,varchar(100),NO,,
simgos,examination_result_statuses,4,status,varchar(255),NO,,
simgos,examination_result_statuses,5,verified_by,"bigint unsigned",YES,MUL,
simgos,examination_result_statuses,6,verified_at,datetime,YES,,
simgos,examination_result_statuses,7,notes,text,YES,,
simgos,examination_result_statuses,8,created_at,timestamp,YES,,
simgos,examination_result_statuses,9,updated_at,timestamp,YES,,
simgos,examination_types,1,id,"bigint unsigned",NO,PRI,auto_increment
simgos,examination_types,2,name,varchar(150),NO,UNI,
simgos,examination_types,3,category,varchar(100),YES,,
simgos,examination_types,4,description,text,YES,,
simgos,examination_types,5,is_active,tinyint(1),NO,,
simgos,examination_types,6,created_at,timestamp,YES,,
simgos,examination_types,7,updated_at,timestamp,YES,,
simgos,external_risk_factors,1,id,"bigint unsigned",NO,PRI,auto_increment
simgos,external_risk_factors,2,visit_id,"bigint unsigned",NO,MUL,
simgos,external_risk_factors,3,factor_type,varchar(100),NO,,
simgos,external_risk_factors,4,description,text,YES,,
simgos,external_risk_factors,5,impact_level,varchar(20),YES,,
simgos,external_risk_factors,6,recorded_by,"bigint unsigned",NO,MUL,
simgos,external_risk_factors,7,recorded_at,datetime,NO,,
simgos,external_risk_factors,8,created_at,timestamp,YES,,
simgos,external_risk_factors,9,updated_at,timestamp,YES,,
simgos,eye_exam_document_uploads,1,id,"bigint unsigned",NO,PRI,auto_increment
simgos,eye_exam_document_uploads,2,patient_id,"bigint unsigned",NO,MUL,
simgos,eye_exam_document_uploads,3,visit_id,"bigint unsigned",NO,MUL,
simgos,eye_exam_document_uploads,4,doctor_id,"bigint unsigned",YES,MUL,
simgos,eye_exam_document_uploads,5,exam_date,datetime,NO,,
simgos,eye_exam_document_uploads,6,file_path,varchar(255),NO,,
simgos,eye_exam_document_uploads,7,eye_side,varchar(255),YES,,
simgos,eye_exam_document_uploads,8,findings,text,YES,,
simgos,eye_exam_document_uploads,9,created_by,"bigint unsigned",YES,MUL,
simgos,eye_exam_document_uploads,10,created_at,timestamp,YES,,
simgos,eye_exam_document_uploads,11,updated_at,timestamp,YES,,
simgos,eye_examinations,1,id,"bigint unsigned",NO,PRI,auto_increment
simgos,eye_examinations,2,visit_id,"bigint unsigned",NO,,
simgos,eye_examinations,3,side,varchar(20),YES,,
simgos,eye_examinations,4,visual_acuity,varchar(20),YES,,
simgos,eye_examinations,5,pupil_size_mm,"decimal(4,1)",YES,,
simgos,eye_examinations,6,pupil_reflex,varchar(50),YES,,
simgos,eye_examinations,7,conjunctiva,varchar(100),YES,,
simgos,eye_examinations,8,sclera,varchar(100),YES,,
simgos,eye_examinations,9,findings,text,YES,,
simgos,eye_examinations,10,examined_at,timestamp,YES,,
simgos,eye_examinations,11,created_at,timestamp,YES,,
simgos,eye_examinations,12,updated_at,timestamp,YES,,
simgos,facility_memberships,1,id,"bigint unsigned",NO,PRI,auto_increment
simgos,facility_memberships,2,user_id,"bigint unsigned",NO,MUL,
simgos,facility_memberships,3,facility_id,"bigint unsigned",NO,MUL,
simgos,facility_memberships,4,is_active,tinyint(1),NO,,
simgos,facility_memberships,5,starts_on,date,NO,,
simgos,facility_memberships,6,is_permanent,tinyint(1),NO,,
simgos,facility_memberships,7,ends_on,date,YES,,
simgos,facility_memberships,8,created_at,timestamp,YES,,
simgos,facility_memberships,9,updated_at,timestamp,YES,,
simgos,failed_jobs,1,id,"bigint unsigned",NO,PRI,auto_increment
simgos,failed_jobs,2,uuid,varchar(255),NO,UNI,
simgos,failed_jobs,3,connection,varchar(255),NO,MUL,
simgos,failed_jobs,4,queue,varchar(255),NO,,
simgos,failed_jobs,5,payload,longtext,NO,,
simgos,failed_jobs,6,exception,longtext,NO,,
simgos,failed_jobs,7,failed_at,timestamp,NO,,DEFAULT_GENERATED
simgos,family_medical_histories,1,id,"bigint unsigned",NO,PRI,auto_increment
simgos,family_medical_histories,2,visit_id,"bigint unsigned",NO,MUL,
simgos,family_medical_histories,3,created_by,"bigint unsigned",YES,MUL,
simgos,family_medical_histories,4,relation,varchar(255),NO,,
simgos,family_medical_histories,5,condition,varchar(255),NO,,
simgos,family_medical_histories,6,diagnosed_age,"tinyint unsigned",YES,,
simgos,family_medical_histories,7,notes,text,YES,,
simgos,family_medical_histories,8,created_at,timestamp,YES,,
simgos,family_medical_histories,9,updated_at,timestamp,YES,,
simgos,family_planning_obstetrics,1,id,"bigint unsigned",NO,PRI,auto_increment
simgos,family_planning_obstetrics,2,visit_id,"bigint unsigned",NO,,
simgos,family_planning_obstetrics,3,patient_id,"bigint unsigned",NO,,
simgos,family_planning_obstetrics,4,contraceptive_method,varchar(255),NO,,
simgos,family_planning_obstetrics,5,installation_date,date,YES,,
simgos,family_planning_obstetrics,6,removal_date,date,YES,,
simgos,family_planning_obstetrics,7,side_effects,text,YES,,
simgos,family_planning_obstetrics,8,action_taken,text,YES,,
simgos,family_planning_obstetrics,9,next_visit_date,date,YES,,
simgos,family_planning_obstetrics,10,created_at,timestamp,YES,,
simgos,family_planning_obstetrics,11,updated_at,timestamp,YES,,
simgos,family_planning_obstetrics,12,deleted_at,timestamp,YES,,
simgos,fibroscan_results,1,id,"bigint unsigned",NO,PRI,auto_increment
simgos,fibroscan_results,2,visit_id,"bigint unsigned",NO,MUL,
simgos,fibroscan_results,3,examination_date,date,NO,,
simgos,fibroscan_results,4,liver_stiffness_kpa,"decimal(5,2)",YES,,
simgos,fibroscan_results,5,cap_score,"decimal(6,2)",YES,,
simgos,fibroscan_results,6,fibrosis_stage,varchar(20),YES,,
simgos,fibroscan_results,7,examined_by,"bigint unsigned",NO,MUL,
simgos,fibroscan_results,8,notes,text,YES,,
simgos,fibroscan_results,9,created_at,timestamp,YES,,
simgos,fibroscan_results,10,updated_at,timestamp,YES,,
simgos,final_result_cancellations,1,id,"bigint unsigned",NO,PRI,auto_increment
simgos,final_result_cancellations,2,visit_id,"bigint unsigned",NO,MUL,
simgos,final_result_cancellations,3,cancellation_number,varchar(255),NO,UNI,
simgos,final_result_cancellations,4,reason,text,NO,,
simgos,final_result_cancellations,5,cancellation_date,datetime,NO,,
simgos,final_result_cancellations,6,requested_by,varchar(255),NO,,
simgos,final_result_cancellations,7,status,varchar(255),NO,,
simgos,final_result_cancellations,8,created_at,timestamp,YES,,
simgos,final_result_cancellations,9,updated_at,timestamp,YES,,
simgos,finger_examinations,1,id,"bigint unsigned",NO,PRI,auto_increment
simgos,finger_examinations,2,visit_id,"bigint unsigned",NO,,
simgos,finger_examinations,3,hand_side,varchar(255),NO,,
simgos,finger_examinations,4,clubbing,tinyint(1),NO,,
simgos,finger_examinations,5,cyanosis,tinyint(1),NO,,
simgos,finger_examinations,6,capillary_refill_seconds,double,YES,,
simgos,finger_examinations,7,range_of_motion,varchar(255),YES,,
simgos,finger_examinations,8,notes,text,YES,,
simgos,finger_examinations,9,examined_at,timestamp,YES,,
simgos,finger_examinations,10,created_at,timestamp,YES,,
simgos,finger_examinations,11,updated_at,timestamp,YES,,
simgos,finger_examinations,12,deleted_at,timestamp,YES,,
simgos,fingernail_examinations,1,id,"bigint unsigned",NO,PRI,auto_increment
simgos,fingernail_examinations,2,visit_id,"bigint unsigned",NO,,
simgos,fingernail_examinations,3,color,varchar(50),YES,,
simgos,fingernail_examinations,4,capillary_refill_seconds,"tinyint unsigned",YES,,
simgos,fingernail_examinations,5,clubbing,tinyint(1),NO,,
simgos,fingernail_examinations,6,cyanosis,tinyint(1),NO,,
simgos,fingernail_examinations,7,lesions,varchar(150),YES,,
simgos,fingernail_examinations,8,findings,text,YES,,
simgos,fingernail_examinations,9,examined_at,timestamp,YES,,
simgos,fingernail_examinations,10,created_at,timestamp,YES,,
simgos,fingernail_examinations,11,updated_at,timestamp,YES,,
simgos,fluid_balance_assessment_details,1,id,"bigint unsigned",NO,PRI,auto_increment
simgos,fluid_balance_assessment_details,2,fluid_balance_assessment_id,"bigint unsigned",NO,MUL,
simgos,fluid_balance_assessment_details,3,type,varchar(10),NO,,
simgos,fluid_balance_assessment_details,4,category,varchar(50),NO,,
simgos,fluid_balance_assessment_details,5,amount_ml,"decimal(7,2)",NO,,
simgos,fluid_balance_assessment_details,6,recorded_at,timestamp,YES,,
simgos,fluid_balance_assessment_details,7,created_at,timestamp,YES,,
simgos,fluid_balance_assessment_details,8,updated_at,timestamp,YES,,
simgos,fluid_balance_assessments,1,id,"bigint unsigned",NO,PRI,auto_increment
simgos,fluid_balance_assessments,2,visit_id,"bigint unsigned",NO,,
simgos,fluid_balance_assessments,3,shift,varchar(10),YES,,
simgos,fluid_balance_assessments,4,assessed_at,timestamp,NO,,
simgos,fluid_balance_assessments,5,total_intake_ml,"decimal(8,2)",NO,,
simgos,fluid_balance_assessments,6,total_output_ml,"decimal(8,2)",NO,,
simgos,fluid_balance_assessments,7,balance_ml,"decimal(8,2)",YES,,
simgos,fluid_balance_assessments,8,created_at,timestamp,YES,,
simgos,fluid_balance_assessments,9,updated_at,timestamp,YES,,
simgos,fluid_final_balances,1,id,"bigint unsigned",NO,PRI,auto_increment
simgos,fluid_final_balances,2,visit_id,"bigint unsigned",NO,MUL,
simgos,fluid_final_balances,3,period_date,date,NO,,
simgos,fluid_final_balances,4,total_intake_ml,"decimal(8,2)",NO,,
simgos,fluid_final_balances,5,total_output_ml,"decimal(8,2)",NO,,
simgos,fluid_final_balances,6,balance_ml,"decimal(8,2)",YES,,
simgos,fluid_final_balances,7,recorded_by,"bigint unsigned",NO,MUL,
simgos,fluid_final_balances,8,recorded_at,datetime,NO,,
simgos,fluid_final_balances,9,created_at,timestamp,YES,,
simgos,fluid_final_balances,10,updated_at,timestamp,YES,,
simgos,food_allergen_examinations,1,id,"bigint unsigned",NO,PRI,auto_increment
simgos,food_allergen_examinations,2,visit_id,"bigint unsigned",NO,,
simgos,food_allergen_examinations,3,patient_id,"bigint unsigned",NO,,
simgos,food_allergen_examinations,4,food_item,varchar(255),NO,,
simgos,food_allergen_examinations,5,reaction_grade,varchar(255),YES,,
simgos,food_allergen_examinations,6,wheal_diameter_mm,double,YES,,
simgos,food_allergen_examinations,7,symptoms_observed,text,YES,,
simgos,food_allergen_examinations,8,interpretation,text,YES,,
simgos,food_allergen_examinations,9,examined_at,timestamp,YES,,
simgos,food_allergen_examinations,10,created_at,timestamp,YES,,
simgos,food_allergen_examinations,11,updated_at,timestamp,YES,,
simgos,food_allergen_examinations,12,deleted_at,timestamp,YES,,
simgos,forearm_examinations,1,id,"bigint unsigned",NO,PRI,auto_increment
simgos,forearm_examinations,2,visit_id,"bigint unsigned",NO,,
simgos,forearm_examinations,3,side,varchar(20),YES,,
simgos,forearm_examinations,4,muscle_strength,varchar(10),YES,,
simgos,forearm_examinations,5,range_of_motion,varchar(100),YES,,
simgos,forearm_examinations,6,deformity,tinyint(1),NO,,
simgos,forearm_examinations,7,findings,text,YES,,
simgos,forearm_examinations,8,examined_at,timestamp,YES,,
simgos,forearm_examinations,9,created_at,timestamp,YES,,
simgos,forearm_examinations,10,updated_at,timestamp,YES,,
simgos,formulary_restrictions,1,id,"bigint unsigned",NO,PRI,auto_increment
simgos,formulary_restrictions,2,drug_name,varchar(255),NO,UNI,
simgos,formulary_restrictions,3,formulary_category,varchar(255),NO,,
simgos,formulary_restrictions,4,requires_substitution,tinyint(1),NO,,
simgos,formulary_restrictions,5,substitution_drug_name,varchar(255),YES,,
simgos,formulary_restrictions,6,notes,text,YES,,
simgos,formulary_restrictions,7,is_active,tinyint(1),NO,,
simgos,formulary_restrictions,8,created_at,timestamp,YES,,
simgos,formulary_restrictions,9,updated_at,timestamp,YES,,
simgos,functional_assessments,1,id,"bigint unsigned",NO,PRI,auto_increment
simgos,functional_assessments,2,visit_id,"bigint unsigned",NO,MUL,
simgos,functional_assessments,3,assessment_date,date,NO,,
simgos,functional_assessments,4,mobility_status,varchar(100),YES,,
simgos,functional_assessments,5,adl_score,"int unsigned",YES,,
simgos,functional_assessments,6,assistive_device,varchar(100),YES,,
simgos,functional_assessments,7,assessed_by,"bigint unsigned",NO,MUL,
simgos,functional_assessments,8,notes,text,YES,,
simgos,functional_assessments,9,created_at,timestamp,YES,,
simgos,functional_assessments,10,updated_at,timestamp,YES,,
simgos,functional_status_assessments,1,id,"bigint unsigned",NO,PRI,auto_increment
simgos,functional_status_assessments,2,visit_id,"bigint unsigned",NO,MUL,
simgos,functional_status_assessments,3,assessed_by,"bigint unsigned",NO,MUL,
simgos,functional_status_assessments,4,created_by,"bigint unsigned",YES,MUL,
simgos,functional_status_assessments,5,bathing_status,varchar(20),NO,,
simgos,functional_status_assessments,6,dressing_status,varchar(20),NO,,
simgos,functional_status_assessments,7,toileting_status,varchar(20),NO,,
simgos,functional_status_assessments,8,transferring_status,varchar(20),NO,,
simgos,functional_status_assessments,9,feeding_status,varchar(20),NO,,
simgos,functional_status_assessments,10,total_score,"tinyint unsigned",YES,,
simgos,functional_status_assessments,11,assessed_at,datetime,NO,,
simgos,functional_status_assessments,12,created_at,timestamp,YES,,
simgos,functional_status_assessments,13,updated_at,timestamp,YES,,
simgos,general_examinations,1,id,"bigint unsigned",NO,PRI,auto_increment
simgos,general_examinations,2,visit_id,"bigint unsigned",NO,,
simgos,general_examinations,3,general_appearance,varchar(150),YES,,
simgos,general_examinations,4,consciousness_level,varchar(50),YES,,
simgos,general_examinations,5,nutritional_status,varchar(50),YES,,
simgos,general_examinations,6,posture,varchar(50),YES,,
simgos,general_examinations,7,gait,varchar(50),YES,,
simgos,general_examinations,8,examined_at,timestamp,YES,,
simgos,general_examinations,9,created_at,timestamp,YES,,
simgos,general_examinations,10,updated_at,timestamp,YES,,
simgos,genital_examinations,1,id,"bigint unsigned",NO,PRI,auto_increment
simgos,genital_examinations,2,visit_id,"bigint unsigned",NO,,
simgos,genital_examinations,3,external_genitalia,text,YES,,
simgos,genital_examinations,4,discharge_characteristics,varchar(255),YES,,
simgos,genital_examinations,5,lesions_or_masses,text,YES,,
simgos,genital_examinations,6,notes,text,YES,,
simgos,genital_examinations,7,examined_at,timestamp,YES,,
simgos,genital_examinations,8,created_at,timestamp,YES,,
simgos,genital_examinations,9,updated_at,timestamp,YES,,
simgos,genital_examinations,10,deleted_at,timestamp,YES,,
simgos,get_up_and_go_test_assessments,1,id,"bigint unsigned",NO,PRI,auto_increment
simgos,get_up_and_go_test_assessments,2,visit_id,"bigint unsigned",NO,,
simgos,get_up_and_go_test_assessments,3,time_seconds,"decimal(5,1)",NO,,
simgos,get_up_and_go_test_assessments,4,assistive_device,varchar(50),YES,,
simgos,get_up_and_go_test_assessments,5,fall_risk,varchar(10),YES,,
simgos,get_up_and_go_test_assessments,6,notes,text,YES,,
simgos,get_up_and_go_test_assessments,7,assessed_at,timestamp,YES,,
simgos,get_up_and_go_test_assessments,8,created_at,timestamp,YES,,
simgos,get_up_and_go_test_assessments,9,updated_at,timestamp,YES,,
simgos,goods_receipt_cancellations,1,id,"bigint unsigned",NO,PRI,auto_increment
simgos,goods_receipt_cancellations,2,cancellation_number,varchar(255),NO,UNI,
simgos,goods_receipt_cancellations,3,goods_receipt_id,"bigint unsigned",NO,MUL,
simgos,goods_receipt_cancellations,4,reason,text,NO,,
simgos,goods_receipt_cancellations,5,cancelled_by,"bigint unsigned",YES,MUL,
simgos,goods_receipt_cancellations,6,cancelled_at,datetime,NO,,
simgos,goods_receipt_cancellations,7,created_at,timestamp,YES,,
simgos,goods_receipt_cancellations,8,updated_at,timestamp,YES,,
simgos,goods_receipts,1,id,"bigint unsigned",NO,PRI,auto_increment
simgos,goods_receipts,2,receipt_number,varchar(255),NO,UNI,
simgos,goods_receipts,3,supplier_id,"bigint unsigned",NO,MUL,
simgos,goods_receipts,4,item_id,"bigint unsigned",NO,MUL,
simgos,goods_receipts,5,quantity,"int unsigned",NO,,
simgos,goods_receipts,6,unit_price,"decimal(15,2)",YES,,
simgos,goods_receipts,7,received_by,"bigint unsigned",NO,MUL,
simgos,goods_receipts,8,received_at,datetime,NO,,
simgos,goods_receipts,9,notes,text,YES,,
simgos,goods_receipts,10,created_at,timestamp,YES,,
simgos,goods_receipts,11,updated_at,timestamp,YES,,
simgos,goods_return_items,1,id,"bigint unsigned",NO,PRI,auto_increment
simgos,goods_return_items,2,goods_return_id,"bigint unsigned",NO,MUL,
simgos,goods_return_items,3,item_id,"bigint unsigned",NO,MUL,
simgos,goods_return_items,4,quantity,"int unsigned",NO,,
simgos,goods_return_items,5,unit_price,"decimal(15,2)",YES,,
simgos,goods_return_items,6,reason,varchar(255),YES,,
simgos,goods_return_items,7,created_at,timestamp,YES,,
simgos,goods_return_items,8,updated_at,timestamp,YES,,
simgos,goods_returns,1,id,"bigint unsigned",NO,PRI,auto_increment
simgos,goods_returns,2,return_number,varchar(255),NO,UNI,
simgos,goods_returns,3,supplier_id,"bigint unsigned",NO,MUL,
simgos,goods_returns,4,returned_by,"bigint unsigned",NO,MUL,
simgos,goods_returns,5,returned_at,datetime,NO,,
simgos,goods_returns,6,reason,text,NO,,
simgos,goods_returns,7,status,varchar(255),NO,,
simgos,goods_returns,8,created_at,timestamp,YES,,
simgos,goods_returns,9,updated_at,timestamp,YES,,
simgos,grace_risk_score_assessments,1,id,"bigint unsigned",NO,PRI,auto_increment
simgos,grace_risk_score_assessments,2,visit_id,"bigint unsigned",NO,,
simgos,grace_risk_score_assessments,3,age,"tinyint unsigned",NO,,
simgos,grace_risk_score_assessments,4,heart_rate,"smallint unsigned",NO,,
simgos,grace_risk_score_assessments,5,systolic_bp,"smallint unsigned",NO,,
simgos,grace_risk_score_assessments,6,creatinine_mg_dl,"decimal(4,2)",NO,,
simgos,grace_risk_score_assessments,7,cardiac_arrest_at_admission,tinyint(1),NO,,
simgos,grace_risk_score_assessments,8,st_segment_deviation,tinyint(1),NO,,
simgos,grace_risk_score_assessments,9,elevated_cardiac_enzymes,tinyint(1),NO,,
simgos,grace_risk_score_assessments,10,killip_class,"tinyint unsigned",NO,,
simgos,grace_risk_score_assessments,11,total_score,"smallint unsigned",NO,,
simgos,grace_risk_score_assessments,12,risk_category,varchar(20),YES,,
simgos,grace_risk_score_assessments,13,assessed_at,timestamp,YES,,
simgos,grace_risk_score_assessments,14,created_at,timestamp,YES,,
simgos,grace_risk_score_assessments,15,updated_at,timestamp,YES,,
simgos,guarantor_item_category_mappings,1,id,"bigint unsigned",NO,PRI,auto_increment
simgos,guarantor_item_category_mappings,2,guarantor_id,"bigint unsigned",NO,MUL,
simgos,guarantor_item_category_mappings,3,item_category_id,"bigint unsigned",NO,MUL,
simgos,guarantor_item_category_mappings,4,is_covered,tinyint(1),NO,,
simgos,guarantor_item_category_mappings,5,coverage_percentage,"decimal(5,2)",NO,,
simgos,guarantor_item_category_mappings,6,notes,text,YES,,
simgos,guarantor_item_category_mappings,7,created_at,timestamp,YES,,
simgos,guarantor_item_category_mappings,8,updated_at,timestamp,YES,,
simgos,guarantor_participant_types,1,id,"bigint unsigned",NO,PRI,auto_increment
simgos,guarantor_participant_types,2,name,varchar(255),NO,UNI,
simgos,guarantor_participant_types,3,code,varchar(20),YES,UNI,
simgos,guarantor_participant_types,4,payer_type,varchar(255),NO,,
simgos,guarantor_participant_types,5,requires_verification,tinyint(1),NO,,
simgos,guarantor_participant_types,6,is_active,tinyint(1),NO,,
simgos,guarantor_participant_types,7,created_at,timestamp,YES,,
simgos,guarantor_participant_types,8,updated_at,timestamp,YES,,
simgos,guarantor_subspecialties,1,id,"bigint unsigned",NO,PRI,auto_increment
simgos,guarantor_subspecialties,2,guarantor_id,"bigint unsigned",NO,MUL,
simgos,guarantor_subspecialties,3,subspecialty_name,varchar(255),NO,,
simgos,guarantor_subspecialties,4,is_covered,tinyint(1),NO,,
simgos,guarantor_subspecialties,5,coverage_note,text,YES,,
simgos,guarantor_subspecialties,6,created_at,timestamp,YES,,
simgos,guarantor_subspecialties,7,updated_at,timestamp,YES,,
simgos,guarantor_ward_accesses,1,id,"bigint unsigned",NO,PRI,auto_increment
simgos,guarantor_ward_accesses,2,guarantor_id,"bigint unsigned",NO,MUL,
simgos,guarantor_ward_accesses,3,ward_id,"bigint unsigned",NO,MUL,
simgos,guarantor_ward_accesses,4,is_allowed,tinyint(1),NO,,
simgos,guarantor_ward_accesses,5,notes,text,YES,,
simgos,guarantor_ward_accesses,6,created_at,timestamp,YES,,
simgos,guarantor_ward_accesses,7,updated_at,timestamp,YES,,
simgos,guarantors,1,id,"bigint unsigned",NO,PRI,auto_increment
simgos,guarantors,2,registration_id,"bigint unsigned",NO,MUL,
simgos,guarantors,3,payer_type,varchar(255),NO,,
simgos,guarantors,4,member_number,varchar(255),YES,,
simgos,guarantors,5,room_class_id,"bigint unsigned",YES,MUL,
simgos,guarantors,6,reference_letter_number,varchar(255),YES,,
simgos,guarantors,7,notes,text,YES,,
simgos,guarantors,8,created_by,"bigint unsigned",YES,MUL,
simgos,guarantors,9,status,varchar(255),NO,,
simgos,guarantors,10,created_at,timestamp,YES,,
simgos,guarantors,11,updated_at,timestamp,YES,,
simgos,gynecology_histories,1,id,"bigint unsigned",NO,PRI,auto_increment
simgos,gynecology_histories,2,visit_id,"bigint unsigned",NO,MUL,
simgos,gynecology_histories,3,created_by,"bigint unsigned",YES,MUL,
simgos,gynecology_histories,4,menarche_age,"tinyint unsigned",YES,,
simgos,gynecology_histories,5,menstrual_cycle_pattern,varchar(255),YES,,
simgos,gynecology_histories,6,contraception_history,text,YES,,
simgos,gynecology_histories,7,gynecological_surgery_history,text,YES,,
simgos,gynecology_histories,8,notes,text,YES,,
simgos,gynecology_histories,9,created_at,timestamp,YES,,
simgos,gynecology_histories,10,updated_at,timestamp,YES,,
simgos,gynecology_ultrasounds,1,id,"bigint unsigned",NO,PRI,auto_increment
simgos,gynecology_ultrasounds,2,patient_id,"bigint unsigned",NO,MUL,
simgos,gynecology_ultrasounds,3,visit_id,"bigint unsigned",NO,MUL,
simgos,gynecology_ultrasounds,4,doctor_id,"bigint unsigned",YES,MUL,
simgos,gynecology_ultrasounds,5,exam_date,datetime,NO,,
simgos,gynecology_ultrasounds,6,uterus_findings,text,YES,,
simgos,gynecology_ultrasounds,7,right_ovary_findings,text,YES,,
simgos,gynecology_ultrasounds,8,left_ovary_findings,text,YES,,
simgos,gynecology_ultrasounds,9,endometrial_thickness_mm,"decimal(5,2)",YES,,
simgos,gynecology_ultrasounds,10,conclusion,text,YES,,
simgos,gynecology_ultrasounds,11,created_by,"bigint unsigned",YES,MUL,
simgos,gynecology_ultrasounds,12,created_at,timestamp,YES,,
simgos,gynecology_ultrasounds,13,updated_at,timestamp,YES,,
simgos,hair_examinations,1,id,"bigint unsigned",NO,PRI,auto_increment
simgos,hair_examinations,2,visit_id,"bigint unsigned",NO,,
simgos,hair_examinations,3,distribution,varchar(100),YES,,
simgos,hair_examinations,4,texture,varchar(50),YES,,
simgos,hair_examinations,5,color,varchar(50),YES,,
simgos,hair_examinations,6,hair_loss,tinyint(1),NO,,
simgos,hair_examinations,7,scalp_condition,varchar(100),YES,,
simgos,hair_examinations,8,findings,text,YES,,
simgos,hair_examinations,9,examined_at,timestamp,YES,,
simgos,hair_examinations,10,created_at,timestamp,YES,,
simgos,hair_examinations,11,updated_at,timestamp,YES,,
simgos,hand_joint_examinations,1,id,"bigint unsigned",NO,PRI,auto_increment
simgos,hand_joint_examinations,2,visit_id,"bigint unsigned",NO,,
simgos,hand_joint_examinations,3,joint,varchar(30),YES,,
simgos,hand_joint_examinations,4,range_of_motion,varchar(100),YES,,
simgos,hand_joint_examinations,5,swelling,tinyint(1),NO,,
simgos,hand_joint_examinations,6,tenderness,tinyint(1),NO,,
simgos,hand_joint_examinations,7,deformity,varchar(100),YES,,
simgos,hand_joint_examinations,8,findings,text,YES,,
simgos,hand_joint_examinations,9,examined_at,timestamp,YES,,
simgos,hand_joint_examinations,10,created_at,timestamp,YES,,
simgos,hand_joint_examinations,11,updated_at,timestamp,YES,,
simgos,head_examinations,1,id,"bigint unsigned",NO,PRI,auto_increment
simgos,head_examinations,2,visit_id,"bigint unsigned",NO,,
simgos,head_examinations,3,skull_shape,varchar(100),YES,,
simgos,head_examinations,4,hair_distribution,varchar(100),YES,,
simgos,head_examinations,5,facial_symmetry,varchar(50),YES,,
simgos,head_examinations,6,tenderness,tinyint(1),NO,,
simgos,head_examinations,7,findings,text,YES,,
simgos,head_examinations,8,examined_at,timestamp,YES,,
simgos,head_examinations,9,created_at,timestamp,YES,,
simgos,head_examinations,10,updated_at,timestamp,YES,,
simgos,health_certificates,1,id,"bigint unsigned",NO,PRI,auto_increment
simgos,health_certificates,2,letter_number,varchar(255),NO,UNI,
simgos,health_certificates,3,patient_id,"bigint unsigned",NO,MUL,
simgos,health_certificates,4,visit_id,"bigint unsigned",NO,MUL,
simgos,health_certificates,5,doctor_id,"bigint unsigned",NO,MUL,
simgos,health_certificates,6,issue_date,date,NO,,
simgos,health_certificates,7,physical_fitness_status,varchar(255),YES,,
simgos,health_certificates,8,purpose,varchar(255),YES,,
simgos,health_certificates,9,blood_pressure,varchar(255),YES,,
simgos,health_certificates,10,height_cm,"decimal(5,2)",YES,,
simgos,health_certificates,11,weight_kg,"decimal(5,2)",YES,,
simgos,health_certificates,12,remarks,text,YES,,
simgos,health_certificates,13,created_by,"bigint unsigned",YES,MUL,
simgos,health_certificates,14,created_at,timestamp,YES,,
simgos,health_certificates,15,updated_at,timestamp,YES,,
simgos,hemodialysis_letters,1,id,"bigint unsigned",NO,PRI,auto_increment
simgos,hemodialysis_letters,2,letter_number,varchar(255),NO,UNI,
simgos,hemodialysis_letters,3,patient_id,"bigint unsigned",NO,MUL,
simgos,hemodialysis_letters,4,visit_id,"bigint unsigned",NO,MUL,
simgos,hemodialysis_letters,5,doctor_id,"bigint unsigned",NO,MUL,
simgos,hemodialysis_letters,6,issue_date,date,NO,,
simgos,hemodialysis_letters,7,diagnosis,text,YES,,
simgos,hemodialysis_letters,8,hd_frequency_per_week,int,NO,,
simgos,hemodialysis_letters,9,vascular_access,varchar(255),YES,,
simgos,hemodialysis_letters,10,remarks,text,YES,,
simgos,hemodialysis_letters,11,created_by,"bigint unsigned",YES,MUL,
simgos,hemodialysis_letters,12,created_at,timestamp,YES,,
simgos,hemodialysis_letters,13,updated_at,timestamp,YES,,
simgos,hospitalization_certificates,1,id,"bigint unsigned",NO,PRI,auto_increment
simgos,hospitalization_certificates,2,letter_number,varchar(255),NO,UNI,
simgos,hospitalization_certificates,3,patient_id,"bigint unsigned",NO,MUL,
simgos,hospitalization_certificates,4,visit_id,"bigint unsigned",NO,MUL,
simgos,hospitalization_certificates,5,doctor_id,"bigint unsigned",NO,MUL,
simgos,hospitalization_certificates,6,issue_date,date,NO,,
simgos,hospitalization_certificates,7,admission_date,date,YES,,
simgos,hospitalization_certificates,8,estimated_duration_days,int,YES,,
simgos,hospitalization_certificates,9,ward_name,varchar(255),YES,,
simgos,hospitalization_certificates,10,diagnosis,text,YES,,
simgos,hospitalization_certificates,11,remarks,text,YES,,
simgos,hospitalization_certificates,12,created_by,"bigint unsigned",YES,MUL,
simgos,hospitalization_certificates,13,created_at,timestamp,YES,,
simgos,hospitalization_certificates,14,updated_at,timestamp,YES,,
simgos,humpty_dumpty_fall_scale_assessments,1,id,"bigint unsigned",NO,PRI,auto_increment
simgos,humpty_dumpty_fall_scale_assessments,2,visit_id,"bigint unsigned",NO,MUL,
simgos,humpty_dumpty_fall_scale_assessments,3,assessed_by,"bigint unsigned",NO,MUL,
simgos,humpty_dumpty_fall_scale_assessments,4,created_by,"bigint unsigned",YES,MUL,
simgos,humpty_dumpty_fall_scale_assessments,5,age_score,"tinyint unsigned",NO,,
simgos,humpty_dumpty_fall_scale_assessments,6,gender_score,"tinyint unsigned",NO,,
simgos,humpty_dumpty_fall_scale_assessments,7,diagnosis_score,"tinyint unsigned",NO,,
simgos,humpty_dumpty_fall_scale_assessments,8,cognitive_impairment_score,"tinyint unsigned",NO,,
simgos,humpty_dumpty_fall_scale_assessments,9,environmental_score,"tinyint unsigned",NO,,
simgos,humpty_dumpty_fall_scale_assessments,10,surgery_sedation_score,"tinyint unsigned",NO,,
simgos,humpty_dumpty_fall_scale_assessments,11,medication_score,"tinyint unsigned",NO,,
simgos,humpty_dumpty_fall_scale_assessments,12,total_score,"tinyint unsigned",NO,,
simgos,humpty_dumpty_fall_scale_assessments,13,risk_level,varchar(20),NO,,
simgos,humpty_dumpty_fall_scale_assessments,14,assessed_at,datetime,NO,,
simgos,humpty_dumpty_fall_scale_assessments,15,created_at,timestamp,YES,,
simgos,humpty_dumpty_fall_scale_assessments,16,updated_at,timestamp,YES,,
simgos,icd10_cause_of_death_codes,1,id,"bigint unsigned",NO,PRI,auto_increment
simgos,icd10_cause_of_death_codes,2,code,varchar(10),NO,UNI,
simgos,icd10_cause_of_death_codes,3,description,varchar(255),NO,,
simgos,icd10_cause_of_death_codes,4,category,varchar(50),YES,,
simgos,icd10_cause_of_death_codes,5,is_active,tinyint(1),NO,,
simgos,icd10_cause_of_death_codes,6,created_at,timestamp,YES,,
simgos,icd10_cause_of_death_codes,7,updated_at,timestamp,YES,,
simgos,icd10_codes,1,id,"bigint unsigned",NO,PRI,auto_increment
simgos,icd10_codes,2,code,varchar(10),NO,UNI,
simgos,icd10_codes,3,description,varchar(255),NO,,
simgos,icd10_codes,4,category,varchar(100),YES,,
simgos,icd10_codes,5,is_active,tinyint(1),NO,,
simgos,icd10_codes,6,created_at,timestamp,YES,,
simgos,icd10_codes,7,updated_at,timestamp,YES,,
simgos,icd9_cm_codes,1,id,"bigint unsigned",NO,PRI,auto_increment
simgos,icd9_cm_codes,2,code,varchar(10),NO,UNI,
simgos,icd9_cm_codes,3,description,varchar(255),NO,,
simgos,icd9_cm_codes,4,category,varchar(100),YES,,
simgos,icd9_cm_codes,5,is_active,tinyint(1),NO,,
simgos,icd9_cm_codes,6,created_at,timestamp,YES,,
simgos,icd9_cm_codes,7,updated_at,timestamp,YES,,
simgos,icd_o_morphologies,1,id,"bigint unsigned",NO,PRI,auto_increment
simgos,icd_o_morphologies,2,name,varchar(255),NO,UNI,
simgos,icd_o_morphologies,3,code,varchar(15),YES,UNI,
simgos,icd_o_morphologies,4,is_active,tinyint(1),NO,,
simgos,icd_o_morphologies,5,created_at,timestamp,YES,,
simgos,icd_o_morphologies,6,updated_at,timestamp,YES,,
simgos,icd_o_topographies,1,id,"bigint unsigned",NO,PRI,auto_increment
simgos,icd_o_topographies,2,name,varchar(255),NO,UNI,
simgos,icd_o_topographies,3,code,varchar(15),YES,UNI,
simgos,icd_o_topographies,4,is_active,tinyint(1),NO,,
simgos,icd_o_topographies,5,created_at,timestamp,YES,,
simgos,icd_o_topographies,6,updated_at,timestamp,YES,,
simgos,icd_snomed_ct_mappings,1,id,"bigint unsigned",NO,PRI,auto_increment
simgos,icd_snomed_ct_mappings,2,icd_code,varchar(20),NO,MUL,
simgos,icd_snomed_ct_mappings,3,snomed_code,varchar(20),NO,,
simgos,icd_snomed_ct_mappings,4,icd_description,varchar(255),YES,,
simgos,icd_snomed_ct_mappings,5,snomed_description,varchar(255),YES,,
simgos,icd_snomed_ct_mappings,6,is_active,tinyint(1),NO,,
simgos,icd_snomed_ct_mappings,7,created_at,timestamp,YES,,
simgos,icd_snomed_ct_mappings,8,updated_at,timestamp,YES,,
simgos,illness_progression_histories,1,id,"bigint unsigned",NO,PRI,auto_increment
simgos,illness_progression_histories,2,visit_id,"bigint unsigned",NO,MUL,
simgos,illness_progression_histories,3,created_by,"bigint unsigned",YES,MUL,
simgos,illness_progression_histories,4,symptom_onset_date,date,YES,,
simgos,illness_progression_histories,5,progression_description,text,NO,,
simgos,illness_progression_histories,6,prior_treatment,text,YES,,
simgos,illness_progression_histories,7,created_at,timestamp,YES,,
simgos,illness_progression_histories,8,updated_at,timestamp,YES,,
simgos,image_marker_points,1,id,"bigint unsigned",NO,PRI,auto_increment
simgos,image_marker_points,2,image_marker_id,"bigint unsigned",NO,MUL,
simgos,image_marker_points,3,x_coordinate,"decimal(6,2)",NO,,
simgos,image_marker_points,4,y_coordinate,"decimal(6,2)",NO,,
simgos,image_marker_points,5,label,varchar(100),YES,,
simgos,image_marker_points,6,description,text,YES,,
simgos,image_marker_points,7,created_at,timestamp,YES,,
simgos,image_marker_points,8,updated_at,timestamp,YES,,
simgos,image_markers,1,id,"bigint unsigned",NO,PRI,auto_increment
simgos,image_markers,2,visit_id,"bigint unsigned",NO,,
simgos,image_markers,3,image_path,varchar(255),NO,,
simgos,image_markers,4,template_name,varchar(100),YES,,
simgos,image_markers,5,notes,text,YES,,
simgos,image_markers,6,marked_at,timestamp,YES,,
simgos,image_markers,7,created_at,timestamp,YES,,
simgos,image_markers,8,updated_at,timestamp,YES,,
simgos,immunization_vaccinations,1,id,"bigint unsigned",NO,PRI,auto_increment
simgos,immunization_vaccinations,2,patient_id,"bigint unsigned",NO,MUL,
simgos,immunization_vaccinations,3,visit_id,"bigint unsigned",YES,MUL,
simgos,immunization_vaccinations,4,vaccine_name,varchar(150),NO,,
simgos,immunization_vaccinations,5,dose_number,"int unsigned",YES,,
simgos,immunization_vaccinations,6,batch_number,varchar(100),YES,,
simgos,immunization_vaccinations,7,administered_at,datetime,NO,,
simgos,immunization_vaccinations,8,administered_by,"bigint unsigned",NO,MUL,
simgos,immunization_vaccinations,9,site,varchar(100),YES,,
simgos,immunization_vaccinations,10,route,varchar(50),YES,,
simgos,immunization_vaccinations,11,adverse_reaction,text,YES,,
simgos,immunization_vaccinations,12,status,varchar(255),NO,,
simgos,immunization_vaccinations,13,created_at,timestamp,YES,,
simgos,immunization_vaccinations,14,updated_at,timestamp,YES,,
simgos,implementation_checklist_items,1,id,"bigint unsigned",NO,PRI,auto_increment
simgos,implementation_checklist_items,2,code,varchar(30),YES,UNI,
simgos,implementation_checklist_items,3,name,varchar(150),NO,,
simgos,implementation_checklist_items,4,category,varchar(100),YES,,
simgos,implementation_checklist_items,5,description,text,YES,,
simgos,implementation_checklist_items,6,is_active,tinyint(1),NO,,
simgos,implementation_checklist_items,7,created_at,timestamp,YES,,
simgos,implementation_checklist_items,8,updated_at,timestamp,YES,,
simgos,implementation_notes,1,id,"bigint unsigned",NO,PRI,auto_increment
simgos,implementation_notes,2,visit_id,"bigint unsigned",NO,MUL,
simgos,implementation_notes,3,note_type,varchar(100),YES,,
simgos,implementation_notes,4,content,text,YES,,
simgos,implementation_notes,5,recorded_by,"bigint unsigned",NO,MUL,
simgos,implementation_notes,6,recorded_at,datetime,NO,,
simgos,implementation_notes,7,created_at,timestamp,YES,,
simgos,implementation_notes,8,updated_at,timestamp,YES,,
simgos,implementations,1,id,"bigint unsigned",NO,PRI,auto_increment
simgos,implementations,2,visit_id,"bigint unsigned",NO,MUL,
simgos,implementations,3,order_reference,varchar(150),YES,,
simgos,implementations,4,description,text,YES,,
simgos,implementations,5,performed_by,"bigint unsigned",NO,MUL,
simgos,implementations,6,performed_at,datetime,NO,,
simgos,implementations,7,status,varchar(255),NO,,
simgos,implementations,8,created_at,timestamp,YES,,
simgos,implementations,9,updated_at,timestamp,YES,,
simgos,indonesia_cities,1,id,"bigint unsigned",NO,PRI,auto_increment
simgos,indonesia_cities,2,code,char(4),NO,UNI,
simgos,indonesia_cities,3,province_code,char(2),NO,MUL,
simgos,indonesia_cities,4,name,varchar(255),NO,,
simgos,indonesia_cities,5,meta,text,YES,,
simgos,indonesia_cities,6,created_at,timestamp,YES,,
simgos,indonesia_cities,7,updated_at,timestamp,YES,,
simgos,indonesia_districts,1,id,"bigint unsigned",NO,PRI,auto_increment
simgos,indonesia_districts,2,code,char(7),NO,UNI,
simgos,indonesia_districts,3,city_code,char(4),NO,MUL,
simgos,indonesia_districts,4,name,varchar(255),NO,,
simgos,indonesia_districts,5,meta,text,YES,,
simgos,indonesia_districts,6,created_at,timestamp,YES,,
simgos,indonesia_districts,7,updated_at,timestamp,YES,,
simgos,indonesia_provinces,1,id,"bigint unsigned",NO,PRI,auto_increment
simgos,indonesia_provinces,2,code,char(2),NO,UNI,
simgos,indonesia_provinces,3,name,varchar(255),NO,,
simgos,indonesia_provinces,4,meta,text,YES,,
simgos,indonesia_provinces,5,created_at,timestamp,YES,,
simgos,indonesia_provinces,6,updated_at,timestamp,YES,,
simgos,indonesia_villages,1,id,"bigint unsigned",NO,PRI,auto_increment
simgos,indonesia_villages,2,code,char(10),NO,UNI,
simgos,indonesia_villages,3,district_code,char(7),NO,MUL,
simgos,indonesia_villages,4,name,varchar(255),NO,,
simgos,indonesia_villages,5,meta,text,YES,,
simgos,indonesia_villages,6,created_at,timestamp,YES,,
simgos,indonesia_villages,7,updated_at,timestamp,YES,,
simgos,inhalant_allergen_examinations,1,id,"bigint unsigned",NO,PRI,auto_increment
simgos,inhalant_allergen_examinations,2,visit_id,"bigint unsigned",NO,,
simgos,inhalant_allergen_examinations,3,patient_id,"bigint unsigned",NO,,
simgos,inhalant_allergen_examinations,4,allergen_name,varchar(255),NO,,
simgos,inhalant_allergen_examinations,5,reaction_grade,varchar(255),YES,,
simgos,inhalant_allergen_examinations,6,wheal_diameter_mm,double,YES,,
simgos,inhalant_allergen_examinations,7,erythema_diameter_mm,double,YES,,
simgos,inhalant_allergen_examinations,8,interpretation,text,YES,,
simgos,inhalant_allergen_examinations,9,examined_at,timestamp,YES,,
simgos,inhalant_allergen_examinations,10,created_at,timestamp,YES,,
simgos,inhalant_allergen_examinations,11,updated_at,timestamp,YES,,
simgos,inhalant_allergen_examinations,12,deleted_at,timestamp,YES,,
simgos,inpatient_care_plans,1,id,"bigint unsigned",NO,PRI,auto_increment
simgos,inpatient_care_plans,2,visit_id,"bigint unsigned",NO,MUL,
simgos,inpatient_care_plans,3,planned_by,"bigint unsigned",NO,MUL,
simgos,inpatient_care_plans,4,created_by,"bigint unsigned",YES,MUL,
simgos,inpatient_care_plans,5,care_goals,text,NO,,
simgos,inpatient_care_plans,6,planned_length_of_stay_days,"smallint unsigned",YES,,
simgos,inpatient_care_plans,7,discharge_criteria,text,YES,,
simgos,inpatient_care_plans,8,status,varchar(20),NO,,
simgos,inpatient_care_plans,9,planned_at,datetime,NO,,
simgos,inpatient_care_plans,10,created_at,timestamp,YES,,
simgos,inpatient_care_plans,11,updated_at,timestamp,YES,,
simgos,institution_audits,1,id,"bigint unsigned",NO,PRI,auto_increment
simgos,institution_audits,2,institution_id,"bigint unsigned",NO,MUL,
simgos,institution_audits,3,user_id,"bigint unsigned",YES,MUL,
simgos,institution_audits,4,before,json,YES,,
simgos,institution_audits,5,after,json,NO,,
simgos,institution_audits,6,created_at,timestamp,NO,,DEFAULT_GENERATED
simgos,institutions,1,id,"bigint unsigned",NO,PRI,auto_increment
simgos,institutions,2,ppk_id,"bigint unsigned",YES,UNI,
simgos,institutions,3,email,varchar(255),YES,,
simgos,institutions,4,website,varchar(255),YES,,
simgos,institutions,5,created_at,timestamp,YES,,
simgos,institutions,6,updated_at,timestamp,YES,,
simgos,institutions,7,code,varchar(20),YES,UNI,
simgos,institutions,8,database_name,varchar(64),YES,UNI,
simgos,institutions,9,status,varchar(30),NO,MUL,
simgos,institutions,10,timezone,varchar(64),NO,,
simgos,institutions,11,lock_version,"int unsigned",NO,,
simgos,institutions,12,provisioning_checkpoint,varchar(40),YES,,
simgos,institutions,13,provisioning_error_code,varchar(80),YES,,
simgos,institutions,14,provisioning_error_message,varchar(500),YES,,
simgos,institutions,15,provisioning_command_id,char(36),YES,MUL,
simgos,institutions,16,provisioning_operator,varchar(255),YES,,
simgos,institutions,17,schema_version,varchar(255),YES,,
simgos,institutions,18,provisioning_started_at,timestamp,YES,,
simgos,institutions,19,provisioning_failed_at,timestamp,YES,,
simgos,institutions,20,provisioned_at,timestamp,YES,,
simgos,intervention_indicator_mappings,1,id,"bigint unsigned",NO,PRI,auto_increment
simgos,intervention_indicator_mappings,2,intervention_code,varchar(255),NO,,
simgos,intervention_indicator_mappings,3,intervention_name,varchar(255),NO,,
simgos,intervention_indicator_mappings,4,indicator_code,varchar(255),NO,,
simgos,intervention_indicator_mappings,5,indicator_name,varchar(255),NO,,
simgos,intervention_indicator_mappings,6,evaluation_criteria,text,YES,,
simgos,intervention_indicator_mappings,7,is_active,tinyint(1),NO,,
simgos,intervention_indicator_mappings,8,created_at,timestamp,YES,,
simgos,intervention_indicator_mappings,9,updated_at,timestamp,YES,,
simgos,intervention_indicator_mappings,10,deleted_at,timestamp,YES,,
simgos,intervention_protocol_details,1,id,"bigint unsigned",NO,PRI,auto_increment
simgos,intervention_protocol_details,2,protocol_id,"bigint unsigned",NO,MUL,
simgos,intervention_protocol_details,3,performed_by,"bigint unsigned",NO,MUL,
simgos,intervention_protocol_details,4,step_number,"smallint unsigned",NO,,
simgos,intervention_protocol_details,5,step_description,text,NO,,
simgos,intervention_protocol_details,6,result_notes,text,YES,,
simgos,intervention_protocol_details,7,performed_at,datetime,NO,,
simgos,intervention_protocol_details,8,created_at,timestamp,YES,,
simgos,intervention_protocol_details,9,updated_at,timestamp,YES,,
simgos,intervention_protocols,1,id,"bigint unsigned",NO,PRI,auto_increment
simgos,intervention_protocols,2,visit_id,"bigint unsigned",NO,MUL,
simgos,intervention_protocols,3,started_by,"bigint unsigned",NO,MUL,
simgos,intervention_protocols,4,created_by,"bigint unsigned",YES,MUL,
simgos,intervention_protocols,5,protocol_name,varchar(255),NO,,
simgos,intervention_protocols,6,indication,text,YES,,
simgos,intervention_protocols,7,status,varchar(20),NO,,
simgos,intervention_protocols,8,started_at,datetime,NO,,
simgos,intervention_protocols,9,created_at,timestamp,YES,,
simgos,intervention_protocols,10,updated_at,timestamp,YES,,
simgos,intervention_recommendations,1,id,"bigint unsigned",NO,PRI,auto_increment
simgos,intervention_recommendations,2,visit_id,"bigint unsigned",NO,MUL,
simgos,intervention_recommendations,3,source,varchar(100),YES,,
simgos,intervention_recommendations,4,recommendation,text,YES,,
simgos,intervention_recommendations,5,priority,varchar(20),YES,,
simgos,intervention_recommendations,6,recommended_by,"bigint unsigned",NO,MUL,
simgos,intervention_recommendations,7,recommended_at,datetime,NO,,
simgos,intervention_recommendations,8,status,varchar(255),NO,,
simgos,intervention_recommendations,9,created_at,timestamp,YES,,
simgos,intervention_recommendations,10,updated_at,timestamp,YES,,
simgos,intradialytic_hd_monitorings,1,id,"bigint unsigned",NO,PRI,auto_increment
simgos,intradialytic_hd_monitorings,2,visit_id,"bigint unsigned",NO,,
simgos,intradialytic_hd_monitorings,3,patient_id,"bigint unsigned",NO,,
simgos,intradialytic_hd_monitorings,4,dialysis_hour,int,NO,,
simgos,intradialytic_hd_monitorings,5,blood_pressure_systolic,int,YES,,
simgos,intradialytic_hd_monitorings,6,blood_pressure_diastolic,int,YES,,
simgos,intradialytic_hd_monitorings,7,blood_flow_rate,int,YES,,
simgos,intradialytic_hd_monitorings,8,dialysate_flow_rate,int,YES,,
simgos,intradialytic_hd_monitorings,9,ultrafiltration_rate,int,YES,,
simgos,intradialytic_hd_monitorings,10,venous_pressure,int,YES,,
simgos,intradialytic_hd_monitorings,11,transmembrane_pressure,int,YES,,
simgos,intradialytic_hd_monitorings,12,symptoms,text,YES,,
simgos,intradialytic_hd_monitorings,13,monitored_at,timestamp,YES,,
simgos,intradialytic_hd_monitorings,14,created_at,timestamp,YES,,
simgos,intradialytic_hd_monitorings,15,updated_at,timestamp,YES,,
simgos,intradialytic_hd_monitorings,16,deleted_at,timestamp,YES,,
simgos,invoice_cancellations,1,id,"bigint unsigned",NO,PRI,auto_increment
simgos,invoice_cancellations,2,invoice_id,"bigint unsigned",NO,MUL,
simgos,invoice_cancellations,3,cancelled_at,datetime,NO,,
simgos,invoice_cancellations,4,cancelled_by,"bigint unsigned",NO,MUL,
simgos,invoice_cancellations,5,reason,text,NO,,
simgos,invoice_cancellations,6,created_at,timestamp,YES,,
simgos,invoice_cancellations,7,updated_at,timestamp,YES,,
simgos,invoice_guarantors,1,id,"bigint unsigned",NO,PRI,auto_increment
simgos,invoice_guarantors,2,invoice_id,"bigint unsigned",NO,MUL,
simgos,invoice_guarantors,3,guarantor_id,"bigint unsigned",NO,MUL,
simgos,invoice_guarantors,4,covered_amount,"decimal(15,2)",NO,,
simgos,invoice_guarantors,5,coverage_percentage,"decimal(5,2)",YES,,
simgos,invoice_guarantors,6,verification_status,varchar(255),NO,,
simgos,invoice_guarantors,7,verified_by,"bigint unsigned",YES,MUL,
simgos,invoice_guarantors,8,verified_at,datetime,YES,,
simgos,invoice_guarantors,9,notes,text,YES,,
simgos,invoice_guarantors,10,created_at,timestamp,YES,,
simgos,invoice_guarantors,11,updated_at,timestamp,YES,,
simgos,invoice_items,1,id,"bigint unsigned",NO,PRI,auto_increment
simgos,invoice_items,2,invoice_id,"bigint unsigned",NO,MUL,
simgos,invoice_items,3,source_type,varchar(255),YES,MUL,
simgos,invoice_items,4,source_id,"bigint unsigned",YES,,
simgos,invoice_items,5,service_id,"bigint unsigned",YES,MUL,
simgos,invoice_items,6,description,varchar(255),NO,,
simgos,invoice_items,7,category,varchar(255),YES,,
simgos,invoice_items,8,quantity,"int unsigned",NO,,
simgos,invoice_items,9,unit_price,"decimal(15,2)",NO,,
simgos,invoice_items,10,subtotal,"decimal(15,2)",NO,,
simgos,invoice_items,11,created_at,timestamp,YES,,
simgos,invoice_items,12,updated_at,timestamp,YES,,
simgos,invoice_merges,1,id,"bigint unsigned",NO,PRI,auto_increment
simgos,invoice_merges,2,merge_number,varchar(255),YES,,
simgos,invoice_merges,3,payment_id,"bigint unsigned",NO,MUL,
simgos,invoice_merges,4,invoice_id,"bigint unsigned",NO,MUL,
simgos,invoice_merges,5,allocated_amount,"decimal(15,2)",NO,,
simgos,invoice_merges,6,merged_by,"bigint unsigned",YES,MUL,
simgos,invoice_merges,7,merged_at,datetime,NO,,
simgos,invoice_merges,8,notes,text,YES,,
simgos,invoice_merges,9,created_at,timestamp,YES,,
simgos,invoice_merges,10,updated_at,timestamp,YES,,
simgos,invoice_number_sequences,1,year,"smallint unsigned",NO,PRI,
simgos,invoice_number_sequences,2,last_number,"bigint unsigned",NO,,
simgos,invoice_subsidies,1,id,"bigint unsigned",NO,PRI,auto_increment
simgos,invoice_subsidies,2,invoice_id,"bigint unsigned",NO,MUL,
simgos,invoice_subsidies,3,subsidy_source,varchar(255),NO,,
simgos,invoice_subsidies,4,subsidy_amount,"decimal(15,2)",NO,,
simgos,invoice_subsidies,5,approved_by,"bigint unsigned",YES,MUL,
simgos,invoice_subsidies,6,approved_at,datetime,YES,,
simgos,invoice_subsidies,7,status,varchar(255),NO,,
simgos,invoice_subsidies,8,notes,text,YES,,
simgos,invoice_subsidies,9,created_at,timestamp,YES,,
simgos,invoice_subsidies,10,updated_at,timestamp,YES,,
simgos,invoices,1,id,"bigint unsigned",NO,PRI,auto_increment
simgos,invoices,2,invoice_number,varchar(255),YES,UNI,
simgos,invoices,3,visit_id,"bigint unsigned",NO,UNI,
simgos,invoices,4,invoice_date,datetime,NO,,
simgos,invoices,5,subtotal,"decimal(15,2)",NO,,
simgos,invoices,6,rounding_adjustment,"decimal(15,2)",NO,,
simgos,invoices,7,total_amount,"decimal(15,2)",NO,,
simgos,invoices,8,patient_responsibility,"decimal(15,2)",NO,,
simgos,invoices,9,guarantor_responsibility,"decimal(15,2)",NO,,
simgos,invoices,10,is_locked,tinyint(1),NO,,
simgos,invoices,11,cashier_session_id,"bigint unsigned",YES,MUL,
simgos,invoices,12,finalized_by,"bigint unsigned",YES,MUL,
simgos,invoices,13,finalized_at,datetime,YES,,
simgos,invoices,14,created_by,"bigint unsigned",YES,MUL,
simgos,invoices,15,status,varchar(255),NO,,
simgos,invoices,16,created_at,timestamp,YES,,
simgos,invoices,17,updated_at,timestamp,YES,,
simgos,item_categories,1,id,"bigint unsigned",NO,PRI,auto_increment
simgos,item_categories,2,name,varchar(255),NO,UNI,
simgos,item_categories,3,code,varchar(10),YES,UNI,
simgos,item_categories,4,is_active,tinyint(1),NO,,
simgos,item_categories,5,created_at,timestamp,YES,,
simgos,item_categories,6,updated_at,timestamp,YES,,
simgos,item_classifications,1,id,"bigint unsigned",NO,PRI,auto_increment
simgos,item_classifications,2,name,varchar(255),NO,UNI,
simgos,item_classifications,3,code,varchar(10),YES,UNI,
simgos,item_classifications,4,is_active,tinyint(1),NO,,
simgos,item_classifications,5,created_at,timestamp,YES,,
simgos,item_classifications,6,updated_at,timestamp,YES,,
simgos,item_prices,1,id,"bigint unsigned",NO,PRI,auto_increment
simgos,item_prices,2,item_id,"bigint unsigned",NO,MUL,
simgos,item_prices,3,price,"decimal(15,2)",NO,,
simgos,item_prices,4,effective_date,date,NO,,
simgos,item_prices,5,is_active,tinyint(1),NO,,
simgos,item_prices,6,created_at,timestamp,YES,,
simgos,item_prices,7,updated_at,timestamp,YES,,
simgos,item_serial_numbers,1,id,"bigint unsigned",NO,PRI,auto_increment
simgos,item_serial_numbers,2,ward_item_stock_id,"bigint unsigned",NO,MUL,
simgos,item_serial_numbers,3,serial_number,varchar(255),NO,UNI,
simgos,item_serial_numbers,4,expiry_date,date,YES,,
simgos,item_serial_numbers,5,created_at,timestamp,YES,,
simgos,item_serial_numbers,6,updated_at,timestamp,YES,,
simgos,items,1,id,"bigint unsigned",NO,PRI,auto_increment
simgos,items,2,code,varchar(255),YES,UNI,
simgos,items,3,name,varchar(255),NO,,
simgos,items,4,category,varchar(255),YES,,
simgos,items,5,unit,varchar(255),NO,,
simgos,items,6,brand,varchar(255),YES,,
simgos,items,7,is_generic,tinyint(1),NO,,
simgos,items,8,is_formulary,tinyint(1),NO,,
simgos,items,9,buy_price,"decimal(15,2)",NO,,
simgos,items,10,sell_price,"decimal(15,2)",NO,,
simgos,items,11,stock_quantity,int,NO,,
simgos,items,12,is_active,tinyint(1),NO,,
simgos,items,13,created_at,timestamp,YES,,
simgos,items,14,updated_at,timestamp,YES,,
simgos,job_batches,1,id,varchar(255),NO,PRI,
simgos,job_batches,2,name,varchar(255),NO,,
simgos,job_batches,3,total_jobs,int,NO,,
simgos,job_batches,4,pending_jobs,int,NO,,
simgos,job_batches,5,failed_jobs,int,NO,,
simgos,job_batches,6,failed_job_ids,longtext,NO,,
simgos,job_batches,7,options,mediumtext,YES,,
simgos,job_batches,8,cancelled_at,int,YES,,
simgos,job_batches,9,created_at,int,NO,,
simgos,job_batches,10,finished_at,int,YES,,
simgos,jobs,1,id,"bigint unsigned",NO,PRI,auto_increment
simgos,jobs,2,queue,varchar(255),NO,MUL,
simgos,jobs,3,payload,longtext,NO,,
simgos,jobs,4,attempts,"smallint unsigned",NO,,
simgos,jobs,5,reserved_at,"int unsigned",YES,,
simgos,jobs,6,available_at,"int unsigned",NO,,
simgos,jobs,7,created_at,"int unsigned",NO,,
simgos,kaps,1,id,"bigint unsigned",NO,PRI,auto_increment
simgos,kaps,2,patient_norm,varchar(255),NO,MUL,
simgos,kaps,3,card_type,varchar(255),NO,,
simgos,kaps,4,card_number,varchar(255),NO,,
simgos,kaps,5,created_at,timestamp,YES,,
simgos,kaps,6,updated_at,timestamp,YES,,
simgos,killip_class_assessments,1,id,"bigint unsigned",NO,PRI,auto_increment
simgos,killip_class_assessments,2,visit_id,"bigint unsigned",NO,MUL,
simgos,killip_class_assessments,3,assessed_by,"bigint unsigned",NO,MUL,
simgos,killip_class_assessments,4,created_by,"bigint unsigned",YES,MUL,
simgos,killip_class_assessments,5,killip_class,"tinyint unsigned",NO,,
simgos,killip_class_assessments,6,heart_rate,"smallint unsigned",YES,,
simgos,killip_class_assessments,7,respiratory_rate,"smallint unsigned",YES,,
simgos,killip_class_assessments,8,rales_present,tinyint(1),NO,,
simgos,killip_class_assessments,9,s3_gallop_present,tinyint(1),NO,,
simgos,killip_class_assessments,10,notes,text,YES,,
simgos,killip_class_assessments,11,assessed_at,datetime,NO,,
simgos,killip_class_assessments,12,created_at,timestamp,YES,,
simgos,killip_class_assessments,13,updated_at,timestamp,YES,,
simgos,kips,1,id,"bigint unsigned",NO,PRI,auto_increment
simgos,kips,2,patient_norm,varchar(255),NO,MUL,
simgos,kips,3,card_type,varchar(255),NO,,
simgos,kips,4,card_number,varchar(255),NO,,
simgos,kips,5,address,varchar(255),YES,,
simgos,kips,6,rt,varchar(3),YES,,
simgos,kips,7,rw,varchar(3),YES,,
simgos,kips,8,postal_code,varchar(5),YES,,
simgos,kips,9,region_code,varchar(10),YES,,
simgos,kips,10,created_at,timestamp,YES,,
simgos,kips,11,updated_at,timestamp,YES,,
simgos,klaim_submissions,1,id,"bigint unsigned",NO,PRI,auto_increment
simgos,klaim_submissions,2,encounter_local_id,"bigint unsigned",YES,,
simgos,klaim_submissions,3,use_case,varchar(255),NO,,
simgos,klaim_submissions,4,resource_type,varchar(255),NO,,
simgos,klaim_submissions,5,payload,json,NO,,
simgos,klaim_submissions,6,satu_sehat_staging_submission_id,"bigint unsigned",YES,MUL,
simgos,klaim_submissions,7,status,varchar(255),NO,,
simgos,klaim_submissions,8,error_message,text,YES,,
simgos,klaim_submissions,9,created_at,timestamp,YES,,
simgos,klaim_submissions,10,updated_at,timestamp,YES,,
simgos,klaims,1,id,char(36),NO,PRI,
simgos,klaims,2,no_sep,varchar(255),NO,MUL,
simgos,klaims,3,jenis_pelayanan_id,varchar(255),NO,,
simgos,klaims,4,bulan,varchar(255),NO,,
simgos,klaims,5,tahun,varchar(255),NO,,
simgos,klaims,6,dibuat_oleh,varchar(255),YES,,
simgos,klaims,7,dibuat_tanggal,datetime,YES,,
simgos,klaims,8,dikirim_oleh,varchar(255),YES,,
simgos,klaims,9,dikirim_tanggal,datetime,YES,,
simgos,klaims,10,status,varchar(255),NO,,
simgos,klaims,11,bpjs_response,json,YES,,
simgos,klaims,12,error_message,text,YES,,
simgos,klaims,13,created_at,timestamp,YES,,
simgos,klaims,14,updated_at,timestamp,YES,,
simgos,kunjungans,1,id,"bigint unsigned",NO,PRI,auto_increment
simgos,kunjungans,2,pendaftaran_id,"bigint unsigned",YES,MUL,
simgos,kunjungans,3,nomor_kunjungan,varchar(255),YES,,
simgos,kunjungans,4,no_kartu,varchar(20),NO,,
simgos,kunjungans,5,tanggal_kunjungan,date,NO,,
simgos,kunjungans,6,jenis_kunjungan,varchar(10),NO,,
simgos,kunjungans,7,kode_poli,varchar(10),NO,,
simgos,kunjungans,8,kode_dokter,varchar(10),YES,,
simgos,kunjungans,9,no_rujukan,varchar(20),YES,,
simgos,kunjungans,10,keluhan,text,YES,,
simgos,kunjungans,11,tensi_sistole,"smallint unsigned",YES,,
simgos,kunjungans,12,tensi_diastole,"smallint unsigned",YES,,
simgos,kunjungans,13,nadi,"smallint unsigned",YES,,
simgos,kunjungans,14,suhu,"decimal(4,1)",YES,,
simgos,kunjungans,15,pernafasan,"smallint unsigned",YES,,
simgos,kunjungans,16,tinggi_badan,"decimal(5,2)",YES,,
simgos,kunjungans,17,berat_badan,"decimal(5,2)",YES,,
simgos,kunjungans,18,kode_status_pulang,varchar(5),YES,,
simgos,kunjungans,19,bpjs_response,json,YES,,
simgos,kunjungans,20,bpjs_error,text,YES,,
simgos,kunjungans,21,created_at,timestamp,YES,,
simgos,kunjungans,22,updated_at,timestamp,YES,,
simgos,lab_culture_results,1,id,"bigint unsigned",NO,PRI,auto_increment
simgos,lab_culture_results,2,lab_order_id,"bigint unsigned",NO,MUL,
simgos,lab_culture_results,3,specimen_type,varchar(255),NO,,
simgos,lab_culture_results,4,organism_found,varchar(255),YES,,
simgos,lab_culture_results,5,colony_count,varchar(255),YES,,
simgos,lab_culture_results,6,examined_at,datetime,NO,,
simgos,lab_culture_results,7,result_status,varchar(255),NO,,
simgos,lab_culture_results,8,created_at,timestamp,YES,,
simgos,lab_culture_results,9,updated_at,timestamp,YES,,
simgos,lab_examination_results,1,id,"bigint unsigned",NO,PRI,auto_increment
simgos,lab_examination_results,2,lab_order_id,"bigint unsigned",NO,MUL,
simgos,lab_examination_results,3,parameter_name,varchar(255),NO,,
simgos,lab_examination_results,4,result_value,varchar(255),NO,,
simgos,lab_examination_results,5,unit,varchar(255),YES,,
simgos,lab_examination_results,6,reference_range,varchar(255),YES,,
simgos,lab_examination_results,7,is_abnormal,tinyint(1),NO,,
simgos,lab_examination_results,8,examined_at,datetime,NO,,
simgos,lab_examination_results,9,created_at,timestamp,YES,,
simgos,lab_examination_results,10,updated_at,timestamp,YES,,
simgos,lab_groups,1,id,"bigint unsigned",NO,PRI,auto_increment
simgos,lab_groups,2,name,varchar(255),NO,UNI,
simgos,lab_groups,3,code,varchar(10),YES,UNI,
simgos,lab_groups,4,is_active,tinyint(1),NO,,
simgos,lab_groups,5,created_at,timestamp,YES,,
simgos,lab_groups,6,updated_at,timestamp,YES,,
simgos,lab_microscopic_result_items,1,id,"bigint unsigned",NO,PRI,auto_increment
simgos,lab_microscopic_result_items,2,lab_microscopic_result_id,"bigint unsigned",NO,MUL,
simgos,lab_microscopic_result_items,3,parameter_name,varchar(255),NO,,
simgos,lab_microscopic_result_items,4,value,varchar(255),NO,,
simgos,lab_microscopic_result_items,5,created_at,timestamp,YES,,
simgos,lab_microscopic_result_items,6,updated_at,timestamp,YES,,
simgos,lab_microscopic_results,1,id,"bigint unsigned",NO,PRI,auto_increment
simgos,lab_microscopic_results,2,lab_order_id,"bigint unsigned",NO,MUL,
simgos,lab_microscopic_results,3,specimen_type,varchar(255),NO,,
simgos,lab_microscopic_results,4,findings,text,NO,,
simgos,lab_microscopic_results,5,examined_by,"bigint unsigned",YES,MUL,
simgos,lab_microscopic_results,6,examined_at,datetime,NO,,
simgos,lab_microscopic_results,7,created_at,timestamp,YES,,
simgos,lab_microscopic_results,8,updated_at,timestamp,YES,,
simgos,lab_order_items,1,id,"bigint unsigned",NO,PRI,auto_increment
simgos,lab_order_items,2,lab_order_id,"bigint unsigned",NO,MUL,
simgos,lab_order_items,3,examination_name,varchar(255),NO,,
simgos,lab_order_items,4,item_id,"bigint unsigned",YES,MUL,
simgos,lab_order_items,5,price,"decimal(10,2)",YES,,
simgos,lab_order_items,6,created_at,timestamp,YES,,
simgos,lab_order_items,7,updated_at,timestamp,YES,,
simgos,lab_orders,1,id,"bigint unsigned",NO,PRI,auto_increment
simgos,lab_orders,2,order_number,varchar(255),YES,UNI,
simgos,lab_orders,3,visit_id,"bigint unsigned",NO,MUL,
simgos,lab_orders,4,ordered_by,"bigint unsigned",NO,MUL,
simgos,lab_orders,5,ordered_at,datetime,NO,,
simgos,lab_orders,6,destination,varchar(255),YES,,
simgos,lab_orders,7,is_emergency,tinyint(1),NO,,
simgos,lab_orders,8,reason,text,YES,,
simgos,lab_orders,9,notes,text,YES,,
simgos,lab_orders,10,status,varchar(255),NO,,
simgos,lab_orders,11,created_at,timestamp,YES,,
simgos,lab_orders,12,updated_at,timestamp,YES,,
simgos,lab_pcr_results,1,id,"bigint unsigned",NO,PRI,auto_increment
simgos,lab_pcr_results,2,lab_order_id,"bigint unsigned",NO,MUL,
simgos,lab_pcr_results,3,target_gene,varchar(255),NO,,
simgos,lab_pcr_results,4,result,varchar(255),NO,,
simgos,lab_pcr_results,5,ct_value,"decimal(6,2)",YES,,
simgos,lab_pcr_results,6,examined_at,datetime,NO,,
simgos,lab_pcr_results,7,created_at,timestamp,YES,,
simgos,lab_pcr_results,8,updated_at,timestamp,YES,,
simgos,lab_reference_values,1,id,"bigint unsigned",NO,PRI,auto_increment
simgos,lab_reference_values,2,lab_service_parameter_id,"bigint unsigned",NO,MUL,
simgos,lab_reference_values,3,gender,"enum('male','female','all')",NO,,
simgos,lab_reference_values,4,min_age,"int unsigned",YES,,
simgos,lab_reference_values,5,max_age,"int unsigned",YES,,
simgos,lab_reference_values,6,min_value,"decimal(10,2)",YES,,
simgos,lab_reference_values,7,max_value,"decimal(10,2)",YES,,
simgos,lab_reference_values,8,unit,varchar(20),YES,,
simgos,lab_reference_values,9,note,varchar(255),YES,,
simgos,lab_reference_values,10,is_active,tinyint(1),NO,,
simgos,lab_reference_values,11,created_at,timestamp,YES,,
simgos,lab_reference_values,12,updated_at,timestamp,YES,,
simgos,lab_result_notes,1,id,"bigint unsigned",NO,PRI,auto_increment
simgos,lab_result_notes,2,lab_result_id,"bigint unsigned",NO,MUL,
simgos,lab_result_notes,3,note,text,NO,,
simgos,lab_result_notes,4,created_by,"bigint unsigned",YES,MUL,
simgos,lab_result_notes,5,created_at,timestamp,YES,,
simgos,lab_result_notes,6,updated_at,timestamp,YES,,
simgos,lab_result_summaries,1,id,"bigint unsigned",NO,PRI,auto_increment
simgos,lab_result_summaries,2,visit_id,"bigint unsigned",NO,MUL,
simgos,lab_result_summaries,3,summarized_by,"bigint unsigned",NO,MUL,
simgos,lab_result_summaries,4,created_by,"bigint unsigned",YES,MUL,
simgos,lab_result_summaries,5,overall_impression,text,YES,,
simgos,lab_result_summaries,6,summarized_at,datetime,NO,,
simgos,lab_result_summaries,7,created_at,timestamp,YES,,
simgos,lab_result_summaries,8,updated_at,timestamp,YES,,
simgos,lab_result_summary_items,1,id,"bigint unsigned",NO,PRI,auto_increment
simgos,lab_result_summary_items,2,summary_id,"bigint unsigned",NO,MUL,
simgos,lab_result_summary_items,3,lab_test_name,varchar(255),NO,,
simgos,lab_result_summary_items,4,result_value,varchar(50),NO,,
simgos,lab_result_summary_items,5,unit,varchar(20),YES,,
simgos,lab_result_summary_items,6,reference_range,varchar(50),YES,,
simgos,lab_result_summary_items,7,flag,varchar(10),NO,,
simgos,lab_result_summary_items,8,tested_at,datetime,YES,,
simgos,lab_result_summary_items,9,created_at,timestamp,YES,,
simgos,lab_result_summary_items,10,updated_at,timestamp,YES,,
simgos,lab_results,1,id,"bigint unsigned",NO,PRI,auto_increment
simgos,lab_results,2,lab_order_id,"bigint unsigned",NO,MUL,
simgos,lab_results,3,test_name,varchar(255),NO,,
simgos,lab_results,4,result_value,varchar(255),NO,,
simgos,lab_results,5,normal_range,varchar(255),YES,,
simgos,lab_results,6,unit,varchar(255),YES,,
simgos,lab_results,7,is_abnormal,tinyint(1),NO,,
simgos,lab_results,8,notes,text,YES,,
simgos,lab_results,9,recorded_at,datetime,NO,,
simgos,lab_results,10,recorded_by,"bigint unsigned",YES,MUL,
simgos,lab_results,11,status,varchar(255),NO,,
simgos,lab_results,12,created_at,timestamp,YES,,
simgos,lab_results,13,updated_at,timestamp,YES,,
simgos,lab_sensitivity_results,1,id,"bigint unsigned",NO,PRI,auto_increment
simgos,lab_sensitivity_results,2,lab_order_id,"bigint unsigned",NO,MUL,
simgos,lab_sensitivity_results,3,organism,varchar(255),NO,,
simgos,lab_sensitivity_results,4,antibiotic_name,varchar(255),NO,,
simgos,lab_sensitivity_results,5,sensitivity_result,varchar(255),NO,,
simgos,lab_sensitivity_results,6,examined_at,datetime,NO,,
simgos,lab_sensitivity_results,7,created_at,timestamp,YES,,
simgos,lab_sensitivity_results,8,updated_at,timestamp,YES,,
simgos,lab_service_groups,1,id,"bigint unsigned",NO,PRI,auto_increment
simgos,lab_service_groups,2,name,varchar(255),NO,UNI,
simgos,lab_service_groups,3,code,varchar(10),YES,UNI,
simgos,lab_service_groups,4,is_active,tinyint(1),NO,,
simgos,lab_service_groups,5,created_at,timestamp,YES,,
simgos,lab_service_groups,6,updated_at,timestamp,YES,,
simgos,lab_service_parameters,1,id,"bigint unsigned",NO,PRI,auto_increment
simgos,lab_service_parameters,2,lab_service_group_id,"bigint unsigned",YES,MUL,
simgos,lab_service_parameters,3,name,varchar(255),NO,UNI,
simgos,lab_service_parameters,4,code,varchar(10),YES,UNI,
simgos,lab_service_parameters,5,unit,varchar(20),YES,,
simgos,lab_service_parameters,6,is_active,tinyint(1),NO,,
simgos,lab_service_parameters,7,created_at,timestamp,YES,,
simgos,lab_service_parameters,8,updated_at,timestamp,YES,,
simgos,laboratory_rooms,1,id,"bigint unsigned",NO,PRI,auto_increment
simgos,laboratory_rooms,2,ward_id,"bigint unsigned",NO,MUL,
simgos,laboratory_rooms,3,lab_type,varchar(255),NO,,
simgos,laboratory_rooms,4,is_active,tinyint(1),NO,,
simgos,laboratory_rooms,5,created_at,timestamp,YES,,
simgos,laboratory_rooms,6,updated_at,timestamp,YES,,
simgos,leftover_medication_voucher_items,1,id,"bigint unsigned",NO,PRI,auto_increment
simgos,leftover_medication_voucher_items,2,leftover_medication_voucher_id,"bigint unsigned",NO,MUL,
simgos,leftover_medication_voucher_items,3,item_id,"bigint unsigned",NO,MUL,
simgos,leftover_medication_voucher_items,4,quantity,int,NO,,
simgos,leftover_medication_voucher_items,5,unit,varchar(255),YES,,
simgos,leftover_medication_voucher_items,6,created_at,timestamp,YES,,
simgos,leftover_medication_voucher_items,7,updated_at,timestamp,YES,,
simgos,leftover_medication_vouchers,1,id,"bigint unsigned",NO,PRI,auto_increment
simgos,leftover_medication_vouchers,2,voucher_number,varchar(255),NO,UNI,
simgos,leftover_medication_vouchers,3,visit_id,"bigint unsigned",NO,MUL,
simgos,leftover_medication_vouchers,4,patient_id,"bigint unsigned",NO,MUL,
simgos,leftover_medication_vouchers,5,prescription_id,"bigint unsigned",YES,MUL,
simgos,leftover_medication_vouchers,6,status,varchar(255),NO,,
simgos,leftover_medication_vouchers,7,issued_at,datetime,NO,,
simgos,leftover_medication_vouchers,8,redeemed_at,datetime,YES,,
simgos,leftover_medication_vouchers,9,notes,text,YES,,
simgos,leftover_medication_vouchers,10,created_at,timestamp,YES,,
simgos,leftover_medication_vouchers,11,updated_at,timestamp,YES,,
simgos,leg_joint_examinations,1,id,"bigint unsigned",NO,PRI,auto_increment
simgos,leg_joint_examinations,2,visit_id,"bigint unsigned",NO,,
simgos,leg_joint_examinations,3,joint,varchar(30),YES,,
simgos,leg_joint_examinations,4,range_of_motion,varchar(100),YES,,
simgos,leg_joint_examinations,5,swelling,tinyint(1),NO,,
simgos,leg_joint_examinations,6,tenderness,tinyint(1),NO,,
simgos,leg_joint_examinations,7,deformity,varchar(100),YES,,
simgos,leg_joint_examinations,8,findings,text,YES,,
simgos,leg_joint_examinations,9,examined_at,timestamp,YES,,
simgos,leg_joint_examinations,10,created_at,timestamp,YES,,
simgos,leg_joint_examinations,11,updated_at,timestamp,YES,,
simgos,lip_examinations,1,id,"bigint unsigned",NO,PRI,auto_increment
simgos,lip_examinations,2,visit_id,"bigint unsigned",NO,,
simgos,lip_examinations,3,color,varchar(255),YES,,
simgos,lip_examinations,4,symmetry,varchar(255),YES,,
simgos,lip_examinations,5,lesions,varchar(255),YES,,
simgos,lip_examinations,6,moisture,varchar(255),YES,,
simgos,lip_examinations,7,notes,text,YES,,
simgos,lip_examinations,8,examined_at,timestamp,YES,,
simgos,lip_examinations,9,created_at,timestamp,YES,,
simgos,lip_examinations,10,updated_at,timestamp,YES,,
simgos,lip_examinations,11,deleted_at,timestamp,YES,,
simgos,lower_gi_tract_examinations,1,id,"bigint unsigned",NO,PRI,auto_increment
simgos,lower_gi_tract_examinations,2,visit_id,"bigint unsigned",NO,,
simgos,lower_gi_tract_examinations,3,procedure_type,varchar(50),NO,,
simgos,lower_gi_tract_examinations,4,colon_findings,text,YES,,
simgos,lower_gi_tract_examinations,5,rectum_findings,text,YES,,
simgos,lower_gi_tract_examinations,6,polyps_found,tinyint(1),NO,,
simgos,lower_gi_tract_examinations,7,biopsy_taken,tinyint(1),NO,,
simgos,lower_gi_tract_examinations,8,examined_at,timestamp,YES,,
simgos,lower_gi_tract_examinations,9,created_at,timestamp,YES,,
simgos,lower_gi_tract_examinations,10,updated_at,timestamp,YES,,
simgos,lower_leg_examinations,1,id,"bigint unsigned",NO,PRI,auto_increment
simgos,lower_leg_examinations,2,visit_id,"bigint unsigned",NO,,
simgos,lower_leg_examinations,3,side,varchar(20),YES,,
simgos,lower_leg_examinations,4,muscle_strength,varchar(10),YES,,
simgos,lower_leg_examinations,5,edema,tinyint(1),NO,,
simgos,lower_leg_examinations,6,pulses,varchar(50),YES,,
simgos,lower_leg_examinations,7,skin_condition,varchar(100),YES,,
simgos,lower_leg_examinations,8,findings,text,YES,,
simgos,lower_leg_examinations,9,examined_at,timestamp,YES,,
simgos,lower_leg_examinations,10,created_at,timestamp,YES,,
simgos,lower_leg_examinations,11,updated_at,timestamp,YES,,
simgos,maternal_pregnancy_histories,1,id,"bigint unsigned",NO,PRI,auto_increment
simgos,maternal_pregnancy_histories,2,visit_id,"bigint unsigned",NO,MUL,
simgos,maternal_pregnancy_histories,3,created_by,"bigint unsigned",YES,MUL,
simgos,maternal_pregnancy_histories,4,gravida,"tinyint unsigned",YES,,
simgos,maternal_pregnancy_histories,5,para,"tinyint unsigned",YES,,
simgos,maternal_pregnancy_histories,6,abortus,"tinyint unsigned",YES,,
simgos,maternal_pregnancy_histories,7,pregnancy_complications,text,YES,,
simgos,maternal_pregnancy_histories,8,delivery_method_history,text,YES,,
simgos,maternal_pregnancy_histories,9,created_at,timestamp,YES,,
simgos,maternal_pregnancy_histories,10,updated_at,timestamp,YES,,
simgos,mchat_assessment_examinations,1,id,"bigint unsigned",NO,PRI,auto_increment
simgos,mchat_assessment_examinations,2,visit_id,"bigint unsigned",NO,,
simgos,mchat_assessment_examinations,3,patient_id,"bigint unsigned",NO,,
simgos,mchat_assessment_examinations,4,total_score,int,NO,,
simgos,mchat_assessment_examinations,5,risk_level,varchar(255),NO,,
simgos,mchat_assessment_examinations,6,responses_json,json,YES,,
simgos,mchat_assessment_examinations,7,recommendation,text,YES,,
simgos,mchat_assessment_examinations,8,assessed_at,timestamp,YES,,
simgos,mchat_assessment_examinations,9,created_at,timestamp,YES,,
simgos,mchat_assessment_examinations,10,updated_at,timestamp,YES,,
simgos,mchat_assessment_examinations,11,deleted_at,timestamp,YES,,
simgos,mcus,1,id,"bigint unsigned",NO,PRI,auto_increment
simgos,mcus,2,kunjungan_id,"bigint unsigned",NO,MUL,
simgos,mcus,3,tanggal_mcu,date,NO,,
simgos,mcus,4,tinggi_badan,"decimal(5,2)",NO,,
simgos,mcus,5,berat_badan,"decimal(5,2)",NO,,
simgos,mcus,6,lingkar_perut,"decimal(5,2)",YES,,
simgos,mcus,7,tensi_sistole,"smallint unsigned",YES,,
simgos,mcus,8,tensi_diastole,"smallint unsigned",YES,,
simgos,mcus,9,gula_darah,"decimal(6,2)",YES,,
simgos,mcus,10,kolesterol,"decimal(6,2)",YES,,
simgos,mcus,11,asam_urat,"decimal(5,2)",YES,,
simgos,mcus,12,hasil_mcu,text,YES,,
simgos,mcus,13,rekomendasi,text,YES,,
simgos,mcus,14,bpjs_response,json,YES,,
simgos,mcus,15,bpjs_error,text,YES,,
simgos,mcus,16,created_at,timestamp,YES,,
simgos,mcus,17,updated_at,timestamp,YES,,
simgos,medical_checkup_results,1,id,"bigint unsigned",NO,PRI,auto_increment
simgos,medical_checkup_results,2,patient_id,"bigint unsigned",NO,MUL,
simgos,medical_checkup_results,3,visit_id,"bigint unsigned",YES,MUL,
simgos,medical_checkup_results,4,checkup_date,date,NO,,
simgos,medical_checkup_results,5,category,varchar(100),YES,,
simgos,medical_checkup_results,6,summary,text,YES,,
simgos,medical_checkup_results,7,recommendation,text,YES,,
simgos,medical_checkup_results,8,examined_by,"bigint unsigned",NO,MUL,
simgos,medical_checkup_results,9,status,varchar(255),NO,,
simgos,medical_checkup_results,10,created_at,timestamp,YES,,
simgos,medical_checkup_results,11,updated_at,timestamp,YES,,
simgos,medical_department_ward_assignments,1,id,"bigint unsigned",NO,PRI,auto_increment
simgos,medical_department_ward_assignments,2,medical_department_id,"bigint unsigned",NO,MUL,
simgos,medical_department_ward_assignments,3,ward_id,"bigint unsigned",NO,MUL,
simgos,medical_department_ward_assignments,4,is_primary,tinyint(1),NO,,
simgos,medical_department_ward_assignments,5,is_active,tinyint(1),NO,,
simgos,medical_department_ward_assignments,6,assigned_at,date,YES,,
simgos,medical_department_ward_assignments,7,created_at,timestamp,YES,,
simgos,medical_department_ward_assignments,8,updated_at,timestamp,YES,,
simgos,medical_departments,1,id,"bigint unsigned",NO,PRI,auto_increment
simgos,medical_departments,2,name,varchar(255),NO,UNI,
simgos,medical_departments,3,code,varchar(10),YES,UNI,
simgos,medical_departments,4,is_active,tinyint(1),NO,,
simgos,medical_departments,5,created_at,timestamp,YES,,
simgos,medical_departments,6,updated_at,timestamp,YES,,
simgos,medical_personnel,1,id,"bigint unsigned",NO,PRI,auto_increment
simgos,medical_personnel,2,identity_number,varchar(255),YES,UNI,
simgos,medical_personnel,3,name,varchar(255),NO,,
simgos,medical_personnel,4,personnel_type,varchar(255),NO,,
simgos,medical_personnel,5,profession_id,"bigint unsigned",YES,MUL,
simgos,medical_personnel,6,license_number,varchar(255),YES,,
simgos,medical_personnel,7,phone,varchar(255),YES,,
simgos,medical_personnel,8,is_active,tinyint(1),NO,,
simgos,medical_personnel,9,created_at,timestamp,YES,,
simgos,medical_personnel,10,updated_at,timestamp,YES,,
simgos,medical_procedure_staff,1,id,"bigint unsigned",NO,PRI,auto_increment
simgos,medical_procedure_staff,2,medical_procedure_id,"bigint unsigned",NO,MUL,
simgos,medical_procedure_staff,3,employee_id,"bigint unsigned",NO,MUL,
simgos,medical_procedure_staff,4,role,varchar(50),NO,,
simgos,medical_procedure_staff,5,notes,text,YES,,
simgos,medical_procedure_staff,6,created_at,timestamp,YES,,
simgos,medical_procedure_staff,7,updated_at,timestamp,YES,,
simgos,medical_procedures,1,id,"bigint unsigned",NO,PRI,auto_increment
simgos,medical_procedures,2,visit_id,"bigint unsigned",NO,MUL,
simgos,medical_procedures,3,service_id,"bigint unsigned",NO,MUL,
simgos,medical_procedures,4,performed_at,datetime,NO,,
simgos,medical_procedures,5,performed_by,"bigint unsigned",NO,MUL,
simgos,medical_procedures,6,notes,text,YES,,
simgos,medical_procedures,7,status,varchar(255),NO,,
simgos,medical_procedures,8,created_by,"bigint unsigned",YES,MUL,
simgos,medical_procedures,9,created_at,timestamp,YES,,
simgos,medical_procedures,10,updated_at,timestamp,YES,,
simgos,medical_record_cancellations,1,id,"bigint unsigned",NO,PRI,auto_increment
simgos,medical_record_cancellations,2,medical_record_id,varchar(255),NO,,
simgos,medical_record_cancellations,3,cancellation_number,varchar(255),NO,UNI,
simgos,medical_record_cancellations,4,reason,text,NO,,
simgos,medical_record_cancellations,5,cancellation_date,datetime,NO,,
simgos,medical_record_cancellations,6,requested_by,varchar(255),NO,,
simgos,medical_record_cancellations,7,status,varchar(255),NO,,
simgos,medical_record_cancellations,8,created_at,timestamp,YES,,
simgos,medical_record_cancellations,9,updated_at,timestamp,YES,,
simgos,medical_supply_usage_items,1,id,"bigint unsigned",NO,PRI,auto_increment
simgos,medical_supply_usage_items,2,medical_supply_usage_id,"bigint unsigned",NO,MUL,
simgos,medical_supply_usage_items,3,item_id,"bigint unsigned",NO,MUL,
simgos,medical_supply_usage_items,4,quantity,int,NO,,
simgos,medical_supply_usage_items,5,unit,varchar(255),YES,,
simgos,medical_supply_usage_items,6,created_at,timestamp,YES,,
simgos,medical_supply_usage_items,7,updated_at,timestamp,YES,,
simgos,medical_supply_usages,1,id,"bigint unsigned",NO,PRI,auto_increment
simgos,medical_supply_usages,2,visit_id,"bigint unsigned",NO,MUL,
simgos,medical_supply_usages,3,recorded_by,"bigint unsigned",YES,MUL,
simgos,medical_supply_usages,4,used_at,datetime,NO,,
simgos,medical_supply_usages,5,status,varchar(255),NO,,
simgos,medical_supply_usages,6,created_at,timestamp,YES,,
simgos,medical_supply_usages,7,updated_at,timestamp,YES,,
simgos,medication_administration_histories,1,id,"bigint unsigned",NO,PRI,auto_increment
simgos,medication_administration_histories,2,visit_id,"bigint unsigned",NO,MUL,
simgos,medication_administration_histories,3,administered_by,"bigint unsigned",NO,MUL,
simgos,medication_administration_histories,4,created_by,"bigint unsigned",YES,MUL,
simgos,medication_administration_histories,5,drug_name,varchar(255),NO,,
simgos,medication_administration_histories,6,dose,varchar(50),YES,,
simgos,medication_administration_histories,7,route,varchar(30),YES,,
simgos,medication_administration_histories,8,administered_at,datetime,NO,,
simgos,medication_administration_histories,9,notes,text,YES,,
simgos,medication_administration_histories,10,created_at,timestamp,YES,,
simgos,medication_administration_histories,11,updated_at,timestamp,YES,,
simgos,medication_iterations,1,id,"bigint unsigned",NO,PRI,auto_increment
simgos,medication_iterations,2,prescription_id,"bigint unsigned",NO,MUL,
simgos,medication_iterations,3,iteration_number,int,NO,,
simgos,medication_iterations,4,quantity,int,NO,,
simgos,medication_iterations,5,dispensed_at,datetime,YES,,
simgos,medication_iterations,6,status,varchar(255),NO,,
simgos,medication_iterations,7,created_at,timestamp,YES,,
simgos,medication_iterations,8,updated_at,timestamp,YES,,
simgos,medication_service_limits,1,id,"bigint unsigned",NO,PRI,auto_increment
simgos,medication_service_limits,2,item_id,"bigint unsigned",NO,MUL,
simgos,medication_service_limits,3,guarantor_type,varchar(255),YES,,
simgos,medication_service_limits,4,max_quantity_per_month,int,NO,,
simgos,medication_service_limits,5,max_days_supply,int,YES,,
simgos,medication_service_limits,6,is_active,tinyint(1),NO,,
simgos,medication_service_limits,7,created_at,timestamp,YES,,
simgos,medication_service_limits,8,updated_at,timestamp,YES,,
simgos,membership_audits,1,id,"bigint unsigned",NO,PRI,auto_increment
simgos,membership_audits,2,membership_id,"bigint unsigned",NO,MUL,
simgos,membership_audits,3,actor_user_id,"bigint unsigned",YES,MUL,
simgos,membership_audits,4,action,varchar(32),NO,,
simgos,membership_audits,5,created_at,timestamp,NO,,DEFAULT_GENERATED
simgos,membership_role_assignments,1,id,"bigint unsigned",NO,PRI,auto_increment
simgos,membership_role_assignments,2,membership_id,"bigint unsigned",NO,MUL,
simgos,membership_role_assignments,3,role_id,"bigint unsigned",NO,MUL,
simgos,membership_role_assignments,4,unit_mode,varchar(16),NO,,
simgos,membership_role_assignments,5,created_at,timestamp,YES,,
simgos,membership_role_assignments,6,updated_at,timestamp,YES,,
simgos,membership_role_units,1,assignment_id,"bigint unsigned",NO,PRI,
simgos,membership_role_units,2,ward_id,"bigint unsigned",NO,PRI,
simgos,migrations,1,id,"int unsigned",NO,PRI,auto_increment
simgos,migrations,2,migration,varchar(255),NO,,
simgos,migrations,3,batch,int,NO,,
simgos,minimum_stock_levels,1,id,"bigint unsigned",NO,PRI,auto_increment
simgos,minimum_stock_levels,2,item_id,"bigint unsigned",NO,MUL,
simgos,minimum_stock_levels,3,ward_id,"bigint unsigned",YES,MUL,
simgos,minimum_stock_levels,4,minimum_quantity,"int unsigned",NO,,
simgos,minimum_stock_levels,5,created_at,timestamp,YES,,
simgos,minimum_stock_levels,6,updated_at,timestamp,YES,,
simgos,mmpi_tests,1,id,"bigint unsigned",NO,PRI,auto_increment
simgos,mmpi_tests,2,patient_id,"bigint unsigned",NO,MUL,
simgos,mmpi_tests,3,visit_id,"bigint unsigned",NO,MUL,
simgos,mmpi_tests,4,doctor_id,"bigint unsigned",YES,MUL,
simgos,mmpi_tests,5,test_date,datetime,NO,,
simgos,mmpi_tests,6,validity_scale_l,int,YES,,
simgos,mmpi_tests,7,validity_scale_f,int,YES,,
simgos,mmpi_tests,8,validity_scale_k,int,YES,,
simgos,mmpi_tests,9,clinical_scales_summary,json,YES,,
simgos,mmpi_tests,10,interpretation,text,YES,,
simgos,mmpi_tests,11,conclusion,text,YES,,
simgos,mmpi_tests,12,created_by,"bigint unsigned",YES,MUL,
simgos,mmpi_tests,13,created_at,timestamp,YES,,
simgos,mmpi_tests,14,updated_at,timestamp,YES,,
simgos,model_has_permissions,1,permission_id,"bigint unsigned",NO,PRI,
simgos,model_has_permissions,2,model_type,varchar(255),NO,PRI,
simgos,model_has_permissions,3,model_id,"bigint unsigned",NO,PRI,
simgos,model_has_roles,1,role_id,"bigint unsigned",NO,PRI,
simgos,model_has_roles,2,model_type,varchar(255),NO,PRI,
simgos,model_has_roles,3,model_id,"bigint unsigned",NO,PRI,
simgos,modified_barthel_index_assessments,1,id,"bigint unsigned",NO,PRI,auto_increment
simgos,modified_barthel_index_assessments,2,visit_id,"bigint unsigned",NO,,
simgos,modified_barthel_index_assessments,3,feeding,"tinyint unsigned",NO,,
simgos,modified_barthel_index_assessments,4,bathing,"tinyint unsigned",NO,,
simgos,modified_barthel_index_assessments,5,personal_hygiene,"tinyint unsigned",NO,,
simgos,modified_barthel_index_assessments,6,dressing,"tinyint unsigned",NO,,
simgos,modified_barthel_index_assessments,7,bowel_control,"tinyint unsigned",NO,,
simgos,modified_barthel_index_assessments,8,bladder_control,"tinyint unsigned",NO,,
simgos,modified_barthel_index_assessments,9,toilet_use,"tinyint unsigned",NO,,
simgos,modified_barthel_index_assessments,10,chair_bed_transfer,"tinyint unsigned",NO,,
simgos,modified_barthel_index_assessments,11,ambulation,"tinyint unsigned",NO,,
simgos,modified_barthel_index_assessments,12,stairs,"tinyint unsigned",NO,,
simgos,modified_barthel_index_assessments,13,total_score,"tinyint unsigned",NO,,
simgos,modified_barthel_index_assessments,14,interpretation,varchar(30),YES,,
simgos,modified_barthel_index_assessments,15,assessed_at,timestamp,YES,,
simgos,modified_barthel_index_assessments,16,created_at,timestamp,YES,,
simgos,modified_barthel_index_assessments,17,updated_at,timestamp,YES,,
simgos,morse_fall_scale_assessments,1,id,"bigint unsigned",NO,PRI,auto_increment
simgos,morse_fall_scale_assessments,2,visit_id,"bigint unsigned",NO,MUL,
simgos,morse_fall_scale_assessments,3,assessed_by,"bigint unsigned",NO,MUL,
simgos,morse_fall_scale_assessments,4,created_by,"bigint unsigned",YES,MUL,
simgos,morse_fall_scale_assessments,5,history_of_falling,"tinyint unsigned",NO,,
simgos,morse_fall_scale_assessments,6,secondary_diagnosis,"tinyint unsigned",NO,,
simgos,morse_fall_scale_assessments,7,ambulatory_aid,"tinyint unsigned",NO,,
simgos,morse_fall_scale_assessments,8,iv_therapy,"tinyint unsigned",NO,,
simgos,morse_fall_scale_assessments,9,gait,"tinyint unsigned",NO,,
simgos,morse_fall_scale_assessments,10,mental_status,"tinyint unsigned",NO,,
simgos,morse_fall_scale_assessments,11,total_score,"smallint unsigned",NO,,
simgos,morse_fall_scale_assessments,12,risk_level,varchar(20),NO,,
simgos,morse_fall_scale_assessments,13,assessed_at,datetime,NO,,
simgos,morse_fall_scale_assessments,14,created_at,timestamp,YES,,
simgos,morse_fall_scale_assessments,15,updated_at,timestamp,YES,,
simgos,neck_examinations,1,id,"bigint unsigned",NO,PRI,auto_increment
simgos,neck_examinations,2,visit_id,"bigint unsigned",NO,,
simgos,neck_examinations,3,lymph_nodes,varchar(150),YES,,
simgos,neck_examinations,4,thyroid,varchar(150),YES,,
simgos,neck_examinations,5,jugular_venous_pressure,varchar(50),YES,,
simgos,neck_examinations,6,trachea_position,varchar(50),YES,,
simgos,neck_examinations,7,mass,tinyint(1),NO,,
simgos,neck_examinations,8,findings,text,YES,,
simgos,neck_examinations,9,examined_at,timestamp,YES,,
simgos,neck_examinations,10,created_at,timestamp,YES,,
simgos,neck_examinations,11,updated_at,timestamp,YES,,
simgos,nose_examinations,1,id,"bigint unsigned",NO,PRI,auto_increment
simgos,nose_examinations,2,visit_id,"bigint unsigned",NO,,
simgos,nose_examinations,3,deformity,varchar(255),YES,,
simgos,nose_examinations,4,septum_deviation,tinyint(1),NO,,
simgos,nose_examinations,5,turbinate_hypertrophy,tinyint(1),NO,,
simgos,nose_examinations,6,nasal_discharge,varchar(255),YES,,
simgos,nose_examinations,7,polyp_present,tinyint(1),NO,,
simgos,nose_examinations,8,notes,text,YES,,
simgos,nose_examinations,9,examined_at,timestamp,YES,,
simgos,nose_examinations,10,created_at,timestamp,YES,,
simgos,nose_examinations,11,updated_at,timestamp,YES,,
simgos,nose_examinations,12,deleted_at,timestamp,YES,,
simgos,nurse_ward_assignments,1,id,"bigint unsigned",NO,PRI,auto_increment
simgos,nurse_ward_assignments,2,nurse_id,"bigint unsigned",NO,MUL,
simgos,nurse_ward_assignments,3,ward_id,"bigint unsigned",NO,MUL,
simgos,nurse_ward_assignments,4,shift,varchar(255),YES,,
simgos,nurse_ward_assignments,5,assigned_at,timestamp,YES,,
simgos,nurse_ward_assignments,6,is_active,tinyint(1),NO,,
simgos,nurse_ward_assignments,7,created_at,timestamp,YES,,
simgos,nurse_ward_assignments,8,updated_at,timestamp,YES,,
simgos,nurses,1,id,"bigint unsigned",NO,PRI,auto_increment
simgos,nurses,2,employee_id,"bigint unsigned",NO,MUL,
simgos,nurses,3,nurse_license_number,varchar(255),YES,,
simgos,nurses,4,is_active,tinyint(1),NO,,
simgos,nurses,5,created_at,timestamp,YES,,
simgos,nurses,6,updated_at,timestamp,YES,,
simgos,nursing_care_plan_implementations,1,id,"bigint unsigned",NO,PRI,auto_increment
simgos,nursing_care_plan_implementations,2,nursing_care_plan_id,"bigint unsigned",NO,MUL,
simgos,nursing_care_plan_implementations,3,action_taken,text,YES,,
simgos,nursing_care_plan_implementations,4,performed_by,"bigint unsigned",NO,MUL,
simgos,nursing_care_plan_implementations,5,performed_at,datetime,NO,,
simgos,nursing_care_plan_implementations,6,evaluation,text,YES,,
simgos,nursing_care_plan_implementations,7,created_at,timestamp,YES,,
simgos,nursing_care_plan_implementations,8,updated_at,timestamp,YES,,
simgos,nursing_care_plans,1,id,"bigint unsigned",NO,PRI,auto_increment
simgos,nursing_care_plans,2,visit_id,"bigint unsigned",NO,MUL,
simgos,nursing_care_plans,3,assessment,text,YES,,
simgos,nursing_care_plans,4,goal,text,YES,,
simgos,nursing_care_plans,5,intervention_plan,text,YES,,
simgos,nursing_care_plans,6,target_date,date,YES,,
simgos,nursing_care_plans,7,recorded_by,"bigint unsigned",NO,MUL,
simgos,nursing_care_plans,8,recorded_at,datetime,NO,,
simgos,nursing_care_plans,9,status,varchar(255),NO,,
simgos,nursing_care_plans,10,created_at,timestamp,YES,,
simgos,nursing_care_plans,11,updated_at,timestamp,YES,,
simgos,nursing_diagnoses,1,id,"bigint unsigned",NO,PRI,auto_increment
simgos,nursing_diagnoses,2,visit_id,"bigint unsigned",NO,MUL,
simgos,nursing_diagnoses,3,diagnosis_label,varchar(150),NO,,
simgos,nursing_diagnoses,4,related_factors,text,YES,,
simgos,nursing_diagnoses,5,defining_characteristics,text,YES,,
simgos,nursing_diagnoses,6,priority,varchar(20),YES,,
simgos,nursing_diagnoses,7,recorded_by,"bigint unsigned",NO,MUL,
simgos,nursing_diagnoses,8,recorded_at,datetime,NO,,
simgos,nursing_diagnoses,9,status,varchar(255),NO,,
simgos,nursing_diagnoses,10,created_at,timestamp,YES,,
simgos,nursing_diagnoses,11,updated_at,timestamp,YES,,
simgos,nursing_implementations,1,id,"bigint unsigned",NO,PRI,auto_increment
simgos,nursing_implementations,2,nursing_diagnosis_id,"bigint unsigned",NO,MUL,
simgos,nursing_implementations,3,action_taken,text,YES,,
simgos,nursing_implementations,4,performed_by,"bigint unsigned",NO,MUL,
simgos,nursing_implementations,5,performed_at,datetime,NO,,
simgos,nursing_implementations,6,patient_response,text,YES,,
simgos,nursing_implementations,7,created_at,timestamp,YES,,
simgos,nursing_implementations,8,updated_at,timestamp,YES,,
simgos,nursing_indicator_implementations,1,id,"bigint unsigned",NO,PRI,auto_increment
simgos,nursing_indicator_implementations,2,nursing_indicator_id,"bigint unsigned",NO,MUL,
simgos,nursing_indicator_implementations,3,visit_id,"bigint unsigned",NO,MUL,
simgos,nursing_indicator_implementations,4,value_recorded,varchar(100),NO,,
simgos,nursing_indicator_implementations,5,recorded_by,"bigint unsigned",NO,MUL,
simgos,nursing_indicator_implementations,6,recorded_at,datetime,NO,,
simgos,nursing_indicator_implementations,7,notes,text,YES,,
simgos,nursing_indicator_implementations,8,created_at,timestamp,YES,,
simgos,nursing_indicator_implementations,9,updated_at,timestamp,YES,,
simgos,nursing_indicator_types,1,id,"bigint unsigned",NO,PRI,auto_increment
simgos,nursing_indicator_types,2,name,varchar(150),NO,UNI,
simgos,nursing_indicator_types,3,description,text,YES,,
simgos,nursing_indicator_types,4,is_active,tinyint(1),NO,,
simgos,nursing_indicator_types,5,created_at,timestamp,YES,,
simgos,nursing_indicator_types,6,updated_at,timestamp,YES,,
simgos,nursing_indicators,1,id,"bigint unsigned",NO,PRI,auto_increment
simgos,nursing_indicators,2,code,varchar(30),YES,UNI,
simgos,nursing_indicators,3,name,varchar(150),NO,,
simgos,nursing_indicators,4,nursing_indicator_type_id,"bigint unsigned",YES,MUL,
simgos,nursing_indicators,5,unit,varchar(50),YES,,
simgos,nursing_indicators,6,target_value,varchar(50),YES,,
simgos,nursing_indicators,7,is_active,tinyint(1),NO,,
simgos,nursing_indicators,8,created_at,timestamp,YES,,
simgos,nursing_indicators,9,updated_at,timestamp,YES,,
simgos,nutrition_diet_patterns,1,id,"bigint unsigned",NO,PRI,auto_increment
simgos,nutrition_diet_patterns,2,visit_id,"bigint unsigned",NO,MUL,
simgos,nutrition_diet_patterns,3,assessed_by,"bigint unsigned",NO,MUL,
simgos,nutrition_diet_patterns,4,created_by,"bigint unsigned",YES,MUL,
simgos,nutrition_diet_patterns,5,diet_type,varchar(255),NO,,
simgos,nutrition_diet_patterns,6,appetite,varchar(10),YES,,
simgos,nutrition_diet_patterns,7,meal_frequency_per_day,"tinyint unsigned",YES,,
simgos,nutrition_diet_patterns,8,food_allergies,varchar(255),YES,,
simgos,nutrition_diet_patterns,9,special_diet_notes,text,YES,,
simgos,nutrition_diet_patterns,10,assessed_at,datetime,NO,,
simgos,nutrition_diet_patterns,11,created_at,timestamp,YES,,
simgos,nutrition_diet_patterns,12,updated_at,timestamp,YES,,
simgos,obstetric_histories,1,id,"bigint unsigned",NO,PRI,auto_increment
simgos,obstetric_histories,2,visit_id,"bigint unsigned",NO,MUL,
simgos,obstetric_histories,3,created_by,"bigint unsigned",YES,MUL,
simgos,obstetric_histories,4,pregnancy_number,"tinyint unsigned",YES,,
simgos,obstetric_histories,5,delivery_date,date,YES,,
simgos,obstetric_histories,6,delivery_method,varchar(255),YES,,
simgos,obstetric_histories,7,birth_weight_grams,"smallint unsigned",YES,,
simgos,obstetric_histories,8,complications,text,YES,,
simgos,obstetric_histories,9,outcome,varchar(255),YES,,
simgos,obstetric_histories,10,created_at,timestamp,YES,,
simgos,obstetric_histories,11,updated_at,timestamp,YES,,
simgos,obstetrics_records,1,id,"bigint unsigned",NO,PRI,auto_increment
simgos,obstetrics_records,2,visit_id,"bigint unsigned",NO,,
simgos,obstetrics_records,3,patient_id,"bigint unsigned",NO,,
simgos,obstetrics_records,4,gravida,int,NO,,
simgos,obstetrics_records,5,para,int,NO,,
simgos,obstetrics_records,6,abortus,int,NO,,
simgos,obstetrics_records,7,gestational_age_weeks,double,YES,,
simgos,obstetrics_records,8,fundal_height_cm,double,YES,,
simgos,obstetrics_records,9,fetal_heart_rate,int,YES,,
simgos,obstetrics_records,10,fetal_presentation,varchar(255),YES,,
simgos,obstetrics_records,11,estimated_fetal_weight,int,YES,,
simgos,obstetrics_records,12,notes,text,YES,,
simgos,obstetrics_records,13,examined_at,timestamp,YES,,
simgos,obstetrics_records,14,created_at,timestamp,YES,,
simgos,obstetrics_records,15,updated_at,timestamp,YES,,
simgos,obstetrics_records,16,deleted_at,timestamp,YES,,
simgos,operating_rooms,1,id,"bigint unsigned",NO,PRI,auto_increment
simgos,operating_rooms,2,ward_id,"bigint unsigned",NO,MUL,
simgos,operating_rooms,3,room_number,varchar(255),NO,,
simgos,operating_rooms,4,equipment_notes,text,YES,,
simgos,operating_rooms,5,is_active,tinyint(1),NO,,
simgos,operating_rooms,6,created_at,timestamp,YES,,
simgos,operating_rooms,7,updated_at,timestamp,YES,,
simgos,other_histories,1,id,"bigint unsigned",NO,PRI,auto_increment
simgos,other_histories,2,visit_id,"bigint unsigned",NO,MUL,
simgos,other_histories,3,recorded_by,"bigint unsigned",NO,MUL,
simgos,other_histories,4,created_by,"bigint unsigned",YES,MUL,
simgos,other_histories,5,category,varchar(255),YES,,
simgos,other_histories,6,description,text,NO,,
simgos,other_histories,7,recorded_at,datetime,NO,,
simgos,other_histories,8,created_at,timestamp,YES,,
simgos,other_histories,9,updated_at,timestamp,YES,,
simgos,other_service_tariffs,1,id,"bigint unsigned",NO,PRI,auto_increment
simgos,other_service_tariffs,2,other_service_id,"bigint unsigned",NO,MUL,
simgos,other_service_tariffs,3,room_class_id,"bigint unsigned",YES,MUL,
simgos,other_service_tariffs,4,price,"decimal(15,2)",NO,,
simgos,other_service_tariffs,5,effective_date,date,YES,,
simgos,other_service_tariffs,6,is_active,tinyint(1),NO,,
simgos,other_service_tariffs,7,created_at,timestamp,YES,,
simgos,other_service_tariffs,8,updated_at,timestamp,YES,,
simgos,other_services,1,id,"bigint unsigned",NO,PRI,auto_increment
simgos,other_services,2,name,varchar(255),NO,UNI,
simgos,other_services,3,code,varchar(10),YES,UNI,
simgos,other_services,4,description,text,YES,,
simgos,other_services,5,unit,varchar(255),YES,,
simgos,other_services,6,is_active,tinyint(1),NO,,
simgos,other_services,7,created_at,timestamp,YES,,
simgos,other_services,8,updated_at,timestamp,YES,,
simgos,oxygen_tariffs,1,id,"bigint unsigned",NO,PRI,auto_increment
simgos,oxygen_tariffs,2,oxygen_id,"bigint unsigned",YES,,
simgos,oxygen_tariffs,3,room_class_id,"bigint unsigned",YES,,
simgos,oxygen_tariffs,4,price,"decimal(15,2)",NO,,
simgos,oxygen_tariffs,5,effective_date,date,YES,,
simgos,oxygen_tariffs,6,is_active,tinyint(1),NO,,
simgos,oxygen_tariffs,7,created_at,timestamp,YES,,
simgos,oxygen_tariffs,8,updated_at,timestamp,YES,,
simgos,oxygen_tariffs,9,decree_number,varchar(255),YES,,
simgos,oxygen_tariffs,10,decree_date,date,YES,,
simgos,oxygen_usages,1,id,"bigint unsigned",NO,PRI,auto_increment
simgos,oxygen_usages,2,visit_id,"bigint unsigned",NO,MUL,
simgos,oxygen_usages,3,flow_rate_lpm,"decimal(4,1)",NO,,
simgos,oxygen_usages,4,method,varchar(255),NO,,
simgos,oxygen_usages,5,started_at,datetime,NO,,
simgos,oxygen_usages,6,ended_at,datetime,YES,,
simgos,oxygen_usages,7,recorded_by,"bigint unsigned",YES,MUL,
simgos,oxygen_usages,8,created_at,timestamp,YES,,
simgos,oxygen_usages,9,updated_at,timestamp,YES,,
simgos,package_invoice_items,1,id,"bigint unsigned",NO,PRI,auto_increment
simgos,package_invoice_items,2,invoice_id,"bigint unsigned",NO,MUL,
simgos,package_invoice_items,3,package_id,"bigint unsigned",NO,MUL,
simgos,package_invoice_items,4,quantity,int,NO,,
simgos,package_invoice_items,5,unit_price,"decimal(15,2)",NO,,
simgos,package_invoice_items,6,subtotal,"decimal(15,2)",NO,,
simgos,package_invoice_items,7,notes,text,YES,,
simgos,package_invoice_items,8,created_at,timestamp,YES,,
simgos,package_invoice_items,9,updated_at,timestamp,YES,,
simgos,package_items,1,id,"bigint unsigned",NO,PRI,auto_increment
simgos,package_items,2,package_id,"bigint unsigned",YES,,
simgos,package_items,3,item_id,"bigint unsigned",YES,,
simgos,package_items,4,quantity,int,NO,,
simgos,package_items,5,is_active,tinyint(1),NO,,
simgos,package_items,6,created_at,timestamp,YES,,
simgos,package_items,7,updated_at,timestamp,YES,,
simgos,package_services,1,id,"bigint unsigned",NO,PRI,auto_increment
simgos,package_services,2,package_id,"bigint unsigned",YES,,
simgos,package_services,3,service_id,"bigint unsigned",YES,,
simgos,package_services,4,quantity,int,NO,,
simgos,package_services,5,is_active,tinyint(1),NO,,
simgos,package_services,6,created_at,timestamp,YES,,
simgos,package_services,7,updated_at,timestamp,YES,,
simgos,package_tariff_distribution_items,1,id,"bigint unsigned",NO,PRI,auto_increment
simgos,package_tariff_distribution_items,2,package_tariff_distribution_id,"bigint unsigned",NO,MUL,
simgos,package_tariff_distribution_items,3,recipient_type,varchar(255),NO,,
simgos,package_tariff_distribution_items,4,recipient_id,"bigint unsigned",YES,,
simgos,package_tariff_distribution_items,5,percentage,"decimal(5,2)",YES,,
simgos,package_tariff_distribution_items,6,amount,"decimal(15,2)",NO,,
simgos,package_tariff_distribution_items,7,notes,text,YES,,
simgos,package_tariff_distribution_items,8,created_at,timestamp,YES,,
simgos,package_tariff_distribution_items,9,updated_at,timestamp,YES,,
simgos,package_tariff_distributions,1,id,"bigint unsigned",NO,PRI,auto_increment
simgos,package_tariff_distributions,2,package_id,"bigint unsigned",NO,MUL,
simgos,package_tariff_distributions,3,component_name,varchar(255),NO,,
simgos,package_tariff_distributions,4,percentage,"decimal(5,2)",YES,,
simgos,package_tariff_distributions,5,amount,"decimal(15,2)",NO,,
simgos,package_tariff_distributions,6,is_active,tinyint(1),NO,,
simgos,package_tariff_distributions,7,created_at,timestamp,YES,,
simgos,package_tariff_distributions,8,updated_at,timestamp,YES,,
simgos,packages,1,id,"bigint unsigned",NO,PRI,auto_increment
simgos,packages,2,code,varchar(255),YES,UNI,
simgos,packages,3,name,varchar(255),NO,,
simgos,packages,4,price,"decimal(15,2)",NO,,
simgos,packages,5,description,text,YES,,
simgos,packages,6,is_active,tinyint(1),NO,,
simgos,packages,7,created_at,timestamp,YES,,
simgos,packages,8,updated_at,timestamp,YES,,
simgos,pain_score_assessments,1,id,"bigint unsigned",NO,PRI,auto_increment
simgos,pain_score_assessments,2,visit_id,"bigint unsigned",NO,MUL,
simgos,pain_score_assessments,3,assessed_by,"bigint unsigned",NO,MUL,
simgos,pain_score_assessments,4,created_by,"bigint unsigned",YES,MUL,
simgos,pain_score_assessments,5,scale_type,varchar(20),NO,,
simgos,pain_score_assessments,6,score,"tinyint unsigned",NO,,
simgos,pain_score_assessments,7,location,varchar(255),YES,,
simgos,pain_score_assessments,8,character,varchar(255),YES,,
simgos,pain_score_assessments,9,notes,text,YES,,
simgos,pain_score_assessments,10,assessed_at,datetime,NO,,
simgos,pain_score_assessments,11,created_at,timestamp,YES,,
simgos,pain_score_assessments,12,updated_at,timestamp,YES,,
simgos,palate_examinations,1,id,"bigint unsigned",NO,PRI,auto_increment
simgos,palate_examinations,2,visit_id,"bigint unsigned",NO,,
simgos,palate_examinations,3,hard_palate,varchar(100),YES,,
simgos,palate_examinations,4,soft_palate,varchar(100),YES,,
simgos,palate_examinations,5,uvula_position,varchar(50),YES,,
simgos,palate_examinations,6,cleft_palate,tinyint(1),NO,,
simgos,palate_examinations,7,findings,text,YES,,
simgos,palate_examinations,8,examined_at,timestamp,YES,,
simgos,palate_examinations,9,created_at,timestamp,YES,,
simgos,palate_examinations,10,updated_at,timestamp,YES,,
simgos,parental_health_history_screenings,1,id,"bigint unsigned",NO,PRI,auto_increment
simgos,parental_health_history_screenings,2,visit_id,"bigint unsigned",NO,MUL,
simgos,parental_health_history_screenings,3,screened_by,"bigint unsigned",NO,MUL,
simgos,parental_health_history_screenings,4,created_by,"bigint unsigned",YES,MUL,
simgos,parental_health_history_screenings,5,father_health_conditions,text,YES,,
simgos,parental_health_history_screenings,6,mother_health_conditions,text,YES,,
simgos,parental_health_history_screenings,7,consanguinity,tinyint(1),NO,,
simgos,parental_health_history_screenings,8,genetic_disorder_history,text,YES,,
simgos,parental_health_history_screenings,9,screened_at,datetime,NO,,
simgos,parental_health_history_screenings,10,created_at,timestamp,YES,,
simgos,parental_health_history_screenings,11,updated_at,timestamp,YES,,
simgos,pasien_tb,1,id,"bigint unsigned",NO,PRI,auto_increment
simgos,pasien_tb,2,nourut_pasien,varchar(255),YES,,
simgos,pasien_tb,3,id_tb_03,varchar(255),YES,,
simgos,pasien_tb,4,id_periode_laporan,varchar(255),YES,,
simgos,pasien_tb,5,tanggal_buat_laporan,date,YES,,
simgos,pasien_tb,6,tahun_buat_laporan,varchar(255),YES,,
simgos,pasien_tb,7,kd_wasor,varchar(255),YES,,
simgos,pasien_tb,8,noregkab,varchar(255),YES,,
simgos,pasien_tb,9,kd_pasien,varchar(255),YES,,
simgos,pasien_tb,10,nik,varchar(255),YES,,
simgos,pasien_tb,11,jenis_kelamin,tinyint,YES,,
simgos,pasien_tb,12,alamat_lengkap,text,YES,,
simgos,pasien_tb,13,id_propinsi_faskes,varchar(255),YES,,
simgos,pasien_tb,14,kd_kabupaten_faskes,varchar(255),YES,,
simgos,pasien_tb,15,id_propinsi_pasien,varchar(255),YES,,
simgos,pasien_tb,16,kd_kabupaten_pasien,varchar(255),YES,,
simgos,pasien_tb,17,id_kecamatan_pasien,varchar(255),YES,,
simgos,pasien_tb,18,id_kelurahan,varchar(255),YES,,
simgos,pasien_tb,19,kd_fasyankes,varchar(255),YES,,
simgos,pasien_tb,20,nama_rujukan,varchar(255),YES,,
simgos,pasien_tb,21,sebutkan1,varchar(255),YES,,
simgos,pasien_tb,22,tipe_diagnosis,varchar(255),YES,,
simgos,pasien_tb,23,klasifikasi_lokasi_anatomi,int,YES,,
simgos,pasien_tb,24,klasifikasi_riwayat_pengobatan,int,YES,,
simgos,pasien_tb,25,klasifikasi_status_hiv,int,YES,,
simgos,pasien_tb,26,total_skoring_anak,int,YES,,
simgos,pasien_tb,27,konfirmasiSkoring5,int,YES,,
simgos,pasien_tb,28,konfirmasiSkoring6,int,YES,,
simgos,pasien_tb,29,tanggal_mulai_pengobatan,date,YES,,
simgos,pasien_tb,30,paduan_oat,varchar(255),YES,,
simgos,pasien_tb,31,sumber_obat,int,YES,,
simgos,pasien_tb,32,sebutkan,varchar(255),YES,,
simgos,pasien_tb,33,sebelum_pengobatan_hasil_mikroskopis,int,YES,,
simgos,pasien_tb,34,sebelum_pengobatan_hasil_tes_cepat,int,YES,,
simgos,pasien_tb,35,sebelum_pengobatan_hasil_biakan,int,YES,,
simgos,pasien_tb,36,noreglab_bulan_2,varchar(255),YES,,
simgos,pasien_tb,37,hasil_mikroskopis_bulan_2,int,YES,,
simgos,pasien_tb,38,noreglab_bulan_3,varchar(255),YES,,
simgos,pasien_tb,39,hasil_mikroskopis_bulan_3,int,YES,,
simgos,pasien_tb,40,noreglab_bulan_5,varchar(255),YES,,
simgos,pasien_tb,41,hasil_mikroskopis_bulan_5,int,YES,,
simgos,pasien_tb,42,akhir_pengobatan_noreglab,varchar(255),YES,,
simgos,pasien_tb,43,akhir_pengobatan_hasil_mikroskopis,int,YES,,
simgos,pasien_tb,44,tanggal_hasil_akhir_pengobatan,date,YES,,
simgos,pasien_tb,45,hasil_akhir_pengobatan,int,YES,,
simgos,pasien_tb,46,tanggal_dianjurkan_tes,date,YES,,
simgos,pasien_tb,47,tanggal_tes_hiv,date,YES,,
simgos,pasien_tb,48,hasil_tes_hiv,int,YES,,
simgos,pasien_tb,49,ppk,int,YES,,
simgos,pasien_tb,50,art,int,YES,,
simgos,pasien_tb,51,tb_dm,int,YES,,
simgos,pasien_tb,52,terapi_dm,int,YES,,
simgos,pasien_tb,53,pindah_ro,int,YES,,
simgos,pasien_tb,54,umur,int,YES,,
simgos,pasien_tb,55,status_pengobatan,int,YES,,
simgos,pasien_tb,56,foto_toraks,int,YES,,
simgos,pasien_tb,57,toraks_tdk_dilakukan,int,YES,,
simgos,pasien_tb,58,keterangan,text,YES,,
simgos,pasien_tb,59,tahun,varchar(255),YES,,
simgos,pasien_tb,60,no_bpjs,varchar(255),YES,,
simgos,pasien_tb,61,tgl_lahir,date,YES,,
simgos,pasien_tb,62,kode_icd_x,varchar(255),YES,,
simgos,pasien_tb,63,asal_poli,varchar(255),YES,,
simgos,pasien_tb,64,final,tinyint,YES,,
simgos,pasien_tb,65,oleh,"bigint unsigned",YES,,
simgos,pasien_tb,66,kirim,tinyint,NO,,
simgos,pasien_tb,67,error_message,text,YES,,
simgos,pasien_tb,68,created_at,timestamp,YES,,
simgos,pasien_tb,69,updated_at,timestamp,YES,,
simgos,pathology_anatomy_results,1,id,"bigint unsigned",NO,PRI,auto_increment
simgos,pathology_anatomy_results,2,visit_id,"bigint unsigned",NO,MUL,
simgos,pathology_anatomy_results,3,patient_id,"bigint unsigned",NO,MUL,
simgos,pathology_anatomy_results,4,specimen_description,text,NO,,
simgos,pathology_anatomy_results,5,macroscopic_finding,text,YES,,
simgos,pathology_anatomy_results,6,microscopic_finding,text,YES,,
simgos,pathology_anatomy_results,7,diagnosis,text,YES,,
simgos,pathology_anatomy_results,8,examined_by,"bigint unsigned",YES,MUL,
simgos,pathology_anatomy_results,9,examined_at,datetime,NO,,
simgos,pathology_anatomy_results,10,status,varchar(255),NO,,
simgos,pathology_anatomy_results,11,created_at,timestamp,YES,,
simgos,pathology_anatomy_results,12,updated_at,timestamp,YES,,
simgos,pathology_claim_items,1,id,"bigint unsigned",NO,PRI,auto_increment
simgos,pathology_claim_items,2,pathology_claim_id,"bigint unsigned",NO,MUL,
simgos,pathology_claim_items,3,exam_name,varchar(255),NO,,
simgos,pathology_claim_items,4,amount,"decimal(15,2)",NO,,
simgos,pathology_claim_items,5,created_at,timestamp,YES,,
simgos,pathology_claim_items,6,updated_at,timestamp,YES,,
simgos,pathology_claims,1,id,"bigint unsigned",NO,PRI,auto_increment
simgos,pathology_claims,2,claim_file_id,"bigint unsigned",NO,MUL,
simgos,pathology_claims,3,order_id,"bigint unsigned",YES,MUL,
simgos,pathology_claims,4,submitted_at,datetime,YES,,
simgos,pathology_claims,5,status,varchar(255),NO,,
simgos,pathology_claims,6,created_at,timestamp,YES,,
simgos,pathology_claims,7,updated_at,timestamp,YES,,
simgos,pathology_immunofluorescence_results,1,id,"bigint unsigned",NO,PRI,auto_increment
simgos,pathology_immunofluorescence_results,2,pathology_anatomy_result_id,"bigint unsigned",NO,MUL,
simgos,pathology_immunofluorescence_results,3,marker,varchar(255),NO,,
simgos,pathology_immunofluorescence_results,4,result,varchar(255),NO,,
simgos,pathology_immunofluorescence_results,5,intensity,varchar(255),YES,,
simgos,pathology_immunofluorescence_results,6,examined_at,datetime,NO,,
simgos,pathology_immunofluorescence_results,7,created_at,timestamp,YES,,
simgos,pathology_immunofluorescence_results,8,updated_at,timestamp,YES,,
simgos,pathology_molecular_results,1,id,"bigint unsigned",NO,PRI,auto_increment
simgos,pathology_molecular_results,2,pathology_anatomy_result_id,"bigint unsigned",NO,MUL,
simgos,pathology_molecular_results,3,test_name,varchar(255),NO,,
simgos,pathology_molecular_results,4,result,text,NO,,
simgos,pathology_molecular_results,5,examined_at,datetime,NO,,
simgos,pathology_molecular_results,6,created_at,timestamp,YES,,
simgos,pathology_molecular_results,7,updated_at,timestamp,YES,,
simgos,patient_access_locks,1,id,"bigint unsigned",NO,PRI,auto_increment
simgos,patient_access_locks,2,patient_id,"bigint unsigned",NO,MUL,
simgos,patient_access_locks,3,locked_by,"bigint unsigned",YES,MUL,
simgos,patient_access_locks,4,reason,text,NO,,
simgos,patient_access_locks,5,locked_at,timestamp,YES,,
simgos,patient_access_locks,6,unlocked_at,timestamp,YES,,
simgos,patient_access_locks,7,is_active,tinyint(1),NO,,
simgos,patient_access_locks,8,created_at,timestamp,YES,,
simgos,patient_access_locks,9,updated_at,timestamp,YES,,
simgos,patient_contacts,1,id,"bigint unsigned",NO,PRI,auto_increment
simgos,patient_contacts,2,patient_id,"bigint unsigned",NO,MUL,
simgos,patient_contacts,3,contact_type,varchar(255),NO,,
simgos,patient_contacts,4,contact_value,varchar(255),NO,,
simgos,patient_contacts,5,is_primary,tinyint(1),NO,,
simgos,patient_contacts,6,is_active,tinyint(1),NO,,
simgos,patient_contacts,7,created_at,timestamp,YES,,
simgos,patient_contacts,8,updated_at,timestamp,YES,,
simgos,patient_death_records,1,id,"bigint unsigned",NO,PRI,auto_increment
simgos,patient_death_records,2,visit_id,"bigint unsigned",NO,MUL,
simgos,patient_death_records,3,patient_id,"bigint unsigned",NO,MUL,
simgos,patient_death_records,4,died_at,datetime,NO,,
simgos,patient_death_records,5,cause_of_death,text,YES,,
simgos,patient_death_records,6,declared_by,"bigint unsigned",YES,MUL,
simgos,patient_death_records,7,notes,text,YES,,
simgos,patient_death_records,8,created_at,timestamp,YES,,
simgos,patient_death_records,9,updated_at,timestamp,YES,,
simgos,patient_discharge_records,1,id,"bigint unsigned",NO,PRI,auto_increment
simgos,patient_discharge_records,2,visit_id,"bigint unsigned",NO,MUL,
simgos,patient_discharge_records,3,patient_id,"bigint unsigned",NO,MUL,
simgos,patient_discharge_records,4,discharged_at,datetime,NO,,
simgos,patient_discharge_records,5,discharge_method,varchar(255),NO,,
simgos,patient_discharge_records,6,discharged_by,"bigint unsigned",YES,MUL,
simgos,patient_discharge_records,7,follow_up_notes,text,YES,,
simgos,patient_discharge_records,8,created_at,timestamp,YES,,
simgos,patient_discharge_records,9,updated_at,timestamp,YES,,
simgos,patient_escort_contacts,1,id,"bigint unsigned",NO,PRI,auto_increment
simgos,patient_escort_contacts,2,patient_escort_id,"bigint unsigned",NO,MUL,
simgos,patient_escort_contacts,3,contact_type,varchar(255),NO,,
simgos,patient_escort_contacts,4,contact_value,varchar(255),NO,,
simgos,patient_escort_contacts,5,is_primary,tinyint(1),NO,,
simgos,patient_escort_contacts,6,created_at,timestamp,YES,,
simgos,patient_escort_contacts,7,updated_at,timestamp,YES,,
simgos,patient_escort_identity_cards,1,id,"bigint unsigned",NO,PRI,auto_increment
simgos,patient_escort_identity_cards,2,patient_escort_id,"bigint unsigned",NO,MUL,
simgos,patient_escort_identity_cards,3,card_type,varchar(255),NO,,
simgos,patient_escort_identity_cards,4,card_number,varchar(255),NO,,
simgos,patient_escort_identity_cards,5,issued_date,date,YES,,
simgos,patient_escort_identity_cards,6,address,varchar(255),YES,,
simgos,patient_escort_identity_cards,7,rt,varchar(3),YES,,
simgos,patient_escort_identity_cards,8,rw,varchar(3),YES,,
simgos,patient_escort_identity_cards,9,postal_code,varchar(5),YES,,
simgos,patient_escort_identity_cards,10,region_code,varchar(10),YES,,
simgos,patient_escort_identity_cards,11,created_at,timestamp,YES,,
simgos,patient_escort_identity_cards,12,updated_at,timestamp,YES,,
simgos,patient_escorts,1,id,"bigint unsigned",NO,PRI,auto_increment
simgos,patient_escorts,2,registration_id,"bigint unsigned",NO,MUL,
simgos,patient_escorts,3,full_name,varchar(255),NO,,
simgos,patient_escorts,4,relationship_to_patient,varchar(255),NO,,
simgos,patient_escorts,5,phone_number,varchar(255),YES,,
simgos,patient_escorts,6,address,varchar(255),YES,,
simgos,patient_escorts,7,arrival_mode,varchar(255),NO,,
simgos,patient_escorts,8,notes,text,YES,,
simgos,patient_escorts,9,created_by,"bigint unsigned",YES,MUL,
simgos,patient_escorts,10,status,varchar(255),NO,,
simgos,patient_escorts,11,created_at,timestamp,YES,,
simgos,patient_escorts,12,updated_at,timestamp,YES,,
simgos,patient_families,1,id,"bigint unsigned",NO,PRI,auto_increment
simgos,patient_families,2,patient_id,"bigint unsigned",NO,MUL,
simgos,patient_families,3,name,varchar(255),NO,,
simgos,patient_families,4,relationship,varchar(255),NO,,
simgos,patient_families,5,birth_date,date,YES,,
simgos,patient_families,6,gender_id,"bigint unsigned",YES,MUL,
simgos,patient_families,7,education_id,"bigint unsigned",YES,MUL,
simgos,patient_families,8,occupation_id,"bigint unsigned",YES,MUL,
simgos,patient_families,9,address,varchar(255),YES,,
simgos,patient_families,10,rt,varchar(5),YES,,
simgos,patient_families,11,rw,varchar(5),YES,,
simgos,patient_families,12,postal_code,varchar(10),YES,,
simgos,patient_families,13,village_id,"bigint unsigned",YES,MUL,
simgos,patient_families,14,is_active,tinyint(1),NO,,
simgos,patient_families,15,created_at,timestamp,YES,,
simgos,patient_families,16,updated_at,timestamp,YES,,
simgos,patient_family_contacts,1,id,"bigint unsigned",NO,PRI,auto_increment
simgos,patient_family_contacts,2,patient_family_id,"bigint unsigned",NO,MUL,
simgos,patient_family_contacts,3,contact_type,varchar(255),NO,,
simgos,patient_family_contacts,4,contact_value,varchar(255),NO,,
simgos,patient_family_contacts,5,is_active,tinyint(1),NO,,
simgos,patient_family_contacts,6,created_at,timestamp,YES,,
simgos,patient_family_contacts,7,updated_at,timestamp,YES,,
simgos,patient_family_educations,1,id,"bigint unsigned",NO,PRI,auto_increment
simgos,patient_family_educations,2,visit_id,"bigint unsigned",NO,MUL,
simgos,patient_family_educations,3,topic,varchar(150),NO,,
simgos,patient_family_educations,4,method,varchar(50),YES,,
simgos,patient_family_educations,5,barrier,text,YES,,
simgos,patient_family_educations,6,understanding_level,varchar(50),YES,,
simgos,patient_family_educations,7,re_education_needed,tinyint(1),NO,,
simgos,patient_family_educations,8,educator_id,"bigint unsigned",NO,MUL,
simgos,patient_family_educations,9,educated_at,datetime,NO,,
simgos,patient_family_educations,10,created_at,timestamp,YES,,
simgos,patient_family_educations,11,updated_at,timestamp,YES,,
simgos,patient_family_identity_cards,1,id,"bigint unsigned",NO,PRI,auto_increment
simgos,patient_family_identity_cards,2,patient_family_id,"bigint unsigned",NO,MUL,
simgos,patient_family_identity_cards,3,identity_type,varchar(255),NO,,
simgos,patient_family_identity_cards,4,identity_number,varchar(255),NO,,
simgos,patient_family_identity_cards,5,is_active,tinyint(1),NO,,
simgos,patient_family_identity_cards,6,created_at,timestamp,YES,,
simgos,patient_family_identity_cards,7,updated_at,timestamp,YES,,
simgos,patient_guardian_contacts,1,id,"bigint unsigned",NO,PRI,auto_increment
simgos,patient_guardian_contacts,2,patient_guardian_id,"bigint unsigned",NO,MUL,
simgos,patient_guardian_contacts,3,contact_type,varchar(255),NO,,
simgos,patient_guardian_contacts,4,contact_value,varchar(255),NO,,
simgos,patient_guardian_contacts,5,is_primary,tinyint(1),NO,,
simgos,patient_guardian_contacts,6,created_at,timestamp,YES,,
simgos,patient_guardian_contacts,7,updated_at,timestamp,YES,,
simgos,patient_guardian_identity_cards,1,id,"bigint unsigned",NO,PRI,auto_increment
simgos,patient_guardian_identity_cards,2,patient_guardian_id,"bigint unsigned",NO,MUL,
simgos,patient_guardian_identity_cards,3,card_type,varchar(255),NO,,
simgos,patient_guardian_identity_cards,4,card_number,varchar(255),NO,,
simgos,patient_guardian_identity_cards,5,issued_date,date,YES,,
simgos,patient_guardian_identity_cards,6,address,varchar(255),YES,,
simgos,patient_guardian_identity_cards,7,rt,varchar(3),YES,,
simgos,patient_guardian_identity_cards,8,rw,varchar(3),YES,,
simgos,patient_guardian_identity_cards,9,postal_code,varchar(5),YES,,
simgos,patient_guardian_identity_cards,10,region_code,varchar(10),YES,,
simgos,patient_guardian_identity_cards,11,created_at,timestamp,YES,,
simgos,patient_guardian_identity_cards,12,updated_at,timestamp,YES,,
simgos,patient_guardians,1,id,"bigint unsigned",NO,PRI,auto_increment
simgos,patient_guardians,2,registration_id,"bigint unsigned",NO,MUL,
simgos,patient_guardians,3,full_name,varchar(255),NO,,
simgos,patient_guardians,4,relationship_to_patient,varchar(255),NO,,
simgos,patient_guardians,5,identity_number,varchar(255),YES,,
simgos,patient_guardians,6,phone_number,varchar(255),YES,,
simgos,patient_guardians,7,address,varchar(255),YES,,
simgos,patient_guardians,8,occupation,varchar(255),YES,,
simgos,patient_guardians,9,created_by,"bigint unsigned",YES,MUL,
simgos,patient_guardians,10,status,varchar(255),NO,,
simgos,patient_guardians,11,created_at,timestamp,YES,,
simgos,patient_guardians,12,updated_at,timestamp,YES,,
simgos,patient_identity_cards,1,id,"bigint unsigned",NO,PRI,auto_increment
simgos,patient_identity_cards,2,patient_id,"bigint unsigned",NO,MUL,
simgos,patient_identity_cards,3,id_type,varchar(255),NO,,
simgos,patient_identity_cards,4,id_number,varchar(255),NO,,
simgos,patient_identity_cards,5,issued_at,date,YES,,
simgos,patient_identity_cards,6,created_at,timestamp,YES,,
simgos,patient_identity_cards,7,updated_at,timestamp,YES,,
simgos,patient_nutrition_problems,1,id,"bigint unsigned",NO,PRI,auto_increment
simgos,patient_nutrition_problems,2,visit_id,"bigint unsigned",NO,MUL,
simgos,patient_nutrition_problems,3,identified_by,"bigint unsigned",NO,MUL,
simgos,patient_nutrition_problems,4,created_by,"bigint unsigned",YES,MUL,
simgos,patient_nutrition_problems,5,problem_category,varchar(40),NO,,
simgos,patient_nutrition_problems,6,problem_description,text,NO,,
simgos,patient_nutrition_problems,7,intervention_plan,text,YES,,
simgos,patient_nutrition_problems,8,status,varchar(20),NO,,
simgos,patient_nutrition_problems,9,identified_at,datetime,NO,,
simgos,patient_nutrition_problems,10,created_at,timestamp,YES,,
simgos,patient_nutrition_problems,11,updated_at,timestamp,YES,,
simgos,patient_photos,1,id,"bigint unsigned",NO,PRI,auto_increment
simgos,patient_photos,2,patient_id,"bigint unsigned",NO,MUL,
simgos,patient_photos,3,file_path,varchar(255),NO,,
simgos,patient_photos,4,taken_at,datetime,NO,,
simgos,patient_photos,5,created_at,timestamp,YES,,
simgos,patient_photos,6,updated_at,timestamp,YES,,
simgos,patient_portal_accounts,1,id,"bigint unsigned",NO,PRI,auto_increment
simgos,patient_portal_accounts,2,patient_id,"bigint unsigned",NO,UNI,
simgos,patient_portal_accounts,3,username,varchar(255),NO,UNI,
simgos,patient_portal_accounts,4,email,varchar(255),YES,,
simgos,patient_portal_accounts,5,phone,varchar(255),YES,,
simgos,patient_portal_accounts,6,is_active,tinyint(1),NO,,
simgos,patient_portal_accounts,7,created_at,timestamp,YES,,
simgos,patient_portal_accounts,8,updated_at,timestamp,YES,,
simgos,patient_purposes,1,id,"bigint unsigned",NO,PRI,auto_increment
simgos,patient_purposes,2,name,varchar(255),NO,UNI,
simgos,patient_purposes,3,code,varchar(10),YES,UNI,
simgos,patient_purposes,4,is_active,tinyint(1),NO,,
simgos,patient_purposes,5,created_at,timestamp,YES,,
simgos,patient_purposes,6,updated_at,timestamp,YES,,
simgos,patient_receivable_settlements,1,id,"bigint unsigned",NO,PRI,auto_increment
simgos,patient_receivable_settlements,2,patient_receivable_id,"bigint unsigned",NO,MUL,
simgos,patient_receivable_settlements,3,paid_amount,"decimal(15,2)",NO,,
simgos,patient_receivable_settlements,4,paid_at,datetime,NO,,
simgos,patient_receivable_settlements,5,received_by,"bigint unsigned",NO,MUL,
simgos,patient_receivable_settlements,6,created_at,timestamp,YES,,
simgos,patient_receivable_settlements,7,updated_at,timestamp,YES,,
simgos,patient_receivables,1,id,"bigint unsigned",NO,PRI,auto_increment
simgos,patient_receivables,2,invoice_id,"bigint unsigned",NO,MUL,
simgos,patient_receivables,3,patient_id,"bigint unsigned",NO,MUL,
simgos,patient_receivables,4,amount,"decimal(15,2)",NO,,
simgos,patient_receivables,5,due_date,date,NO,,
simgos,patient_receivables,6,status,varchar(255),NO,,
simgos,patient_receivables,7,created_at,timestamp,YES,,
simgos,patient_receivables,8,updated_at,timestamp,YES,,
simgos,patient_transfer_sheets,1,id,"bigint unsigned",NO,PRI,auto_increment
simgos,patient_transfer_sheets,2,visit_id,"bigint unsigned",NO,,
simgos,patient_transfer_sheets,3,patient_id,"bigint unsigned",NO,,
simgos,patient_transfer_sheets,4,from_ward_id,"bigint unsigned",YES,,
simgos,patient_transfer_sheets,5,to_ward_id,"bigint unsigned",YES,,
simgos,patient_transfer_sheets,6,transfer_reason,text,YES,,
simgos,patient_transfer_sheets,7,patient_condition,text,YES,,
simgos,patient_transfer_sheets,8,transferred_at,timestamp,YES,,
simgos,patient_transfer_sheets,9,transferred_by,"bigint unsigned",YES,,
simgos,patient_transfer_sheets,10,created_at,timestamp,YES,,
simgos,patient_transfer_sheets,11,updated_at,timestamp,YES,,
simgos,patient_transfer_sheets,12,deleted_at,timestamp,YES,,
simgos,patient_transfers,1,id,"bigint unsigned",NO,PRI,auto_increment
simgos,patient_transfers,2,visit_id,"bigint unsigned",NO,MUL,
simgos,patient_transfers,3,from_ward_id,"bigint unsigned",NO,MUL,
simgos,patient_transfers,4,to_ward_id,"bigint unsigned",NO,MUL,
simgos,patient_transfers,5,transferred_at,datetime,NO,,
simgos,patient_transfers,6,reason,text,YES,,
simgos,patient_transfers,7,created_at,timestamp,YES,,
simgos,patient_transfers,8,updated_at,timestamp,YES,,
simgos,patients,1,id,"bigint unsigned",NO,PRI,auto_increment
simgos,patients,2,medical_record_number,varchar(255),YES,UNI,
simgos,patients,3,name,varchar(255),NO,,
simgos,patients,4,nickname,varchar(255),YES,,
simgos,patients,5,title_prefix,varchar(255),YES,,
simgos,patients,6,title_suffix,varchar(255),YES,,
simgos,patients,7,birth_place,varchar(255),YES,,
simgos,patients,8,birth_date,date,YES,,
simgos,patients,9,gender_id,"bigint unsigned",YES,MUL,
simgos,patients,10,religion_id,"bigint unsigned",YES,MUL,
simgos,patients,11,address,varchar(255),YES,,
simgos,patients,12,rt,varchar(5),YES,,
simgos,patients,13,rw,varchar(5),YES,,
simgos,patients,14,postal_code,varchar(10),YES,,
simgos,patients,15,village_id,"bigint unsigned",YES,MUL,
simgos,patients,16,education_id,"bigint unsigned",YES,MUL,
simgos,patients,17,occupation_id,"bigint unsigned",YES,MUL,
simgos,patients,18,marital_status_id,"bigint unsigned",YES,MUL,
simgos,patients,19,blood_type_id,"bigint unsigned",YES,MUL,
simgos,patients,20,nationality_id,"bigint unsigned",YES,MUL,
simgos,patients,21,ethnicity_id,"bigint unsigned",YES,MUL,
simgos,patients,22,language_id,"bigint unsigned",YES,MUL,
simgos,patients,23,is_unidentified,tinyint(1),NO,,
simgos,patients,24,registered_by,"bigint unsigned",YES,MUL,
simgos,patients,25,is_active,tinyint(1),NO,,
simgos,patients,26,created_at,timestamp,YES,,
simgos,patients,27,updated_at,timestamp,YES,,
simgos,payment_idempotency_keys,1,key,char(36),NO,PRI,
simgos,payment_idempotency_keys,2,created_at,timestamp,YES,,
simgos,payment_idempotency_keys,3,updated_at,timestamp,YES,,
simgos,payment_number_sequences,1,year,"smallint unsigned",NO,PRI,
simgos,payment_number_sequences,2,last_number,"bigint unsigned",NO,,
simgos,payment_providers,1,id,"bigint unsigned",NO,PRI,auto_increment
simgos,payment_providers,2,provider_code,varchar(255),YES,UNI,
simgos,payment_providers,3,provider_name,varchar(255),NO,,
simgos,payment_providers,4,provider_type,varchar(255),NO,,
simgos,payment_providers,5,merchant_id,varchar(255),YES,,
simgos,payment_providers,6,api_base_url,varchar(255),YES,,
simgos,payment_providers,7,contact_person,varchar(255),YES,,
simgos,payment_providers,8,contact_phone,varchar(255),YES,,
simgos,payment_providers,9,is_active,tinyint(1),NO,,
simgos,payment_providers,10,created_at,timestamp,YES,,
simgos,payment_providers,11,updated_at,timestamp,YES,,
simgos,payments,1,id,"bigint unsigned",NO,PRI,auto_increment
simgos,payments,2,payment_number,varchar(255),YES,UNI,
simgos,payments,3,invoice_id,"bigint unsigned",NO,MUL,
simgos,payments,4,cashier_session_id,"bigint unsigned",NO,MUL,
simgos,payments,5,idempotency_key,char(36),YES,UNI,
simgos,payments,6,payment_method,varchar(255),NO,,
simgos,payments,7,amount,"decimal(15,2)",NO,,
simgos,payments,8,admin_fee,"decimal(15,2)",NO,,
simgos,payments,9,paid_at,datetime,NO,,
simgos,payments,10,received_by,"bigint unsigned",YES,MUL,
simgos,payments,11,status,varchar(255),NO,,
simgos,payments,12,created_at,timestamp,YES,,
simgos,payments,13,updated_at,timestamp,YES,,
simgos,pediatric_statuses,1,id,"bigint unsigned",NO,PRI,auto_increment
simgos,pediatric_statuses,2,patient_id,"bigint unsigned",NO,MUL,
simgos,pediatric_statuses,3,visit_id,"bigint unsigned",NO,MUL,
simgos,pediatric_statuses,4,birth_weight_grams,int,YES,,
simgos,pediatric_statuses,5,birth_length_cm,"decimal(5,2)",YES,,
simgos,pediatric_statuses,6,head_circumference_cm,"decimal(5,2)",YES,,
simgos,pediatric_statuses,7,gestational_age_weeks,int,YES,,
simgos,pediatric_statuses,8,immunization_status,varchar(255),YES,,
simgos,pediatric_statuses,9,developmental_milestones,text,YES,,
simgos,pediatric_statuses,10,notes,text,YES,,
simgos,pediatric_statuses,11,recorded_at,timestamp,YES,,
simgos,pediatric_statuses,12,created_by,"bigint unsigned",YES,MUL,
simgos,pediatric_statuses,13,created_at,timestamp,YES,,
simgos,pediatric_statuses,14,updated_at,timestamp,YES,,
simgos,pembatalan_visit_cancellations,1,id,"bigint unsigned",NO,PRI,auto_increment
simgos,pembatalan_visit_cancellations,2,visit_id,"bigint unsigned",NO,MUL,
simgos,pembatalan_visit_cancellations,3,cancelled_by,"bigint unsigned",NO,MUL,
simgos,pembatalan_visit_cancellations,4,reason,text,NO,,
simgos,pembatalan_visit_cancellations,5,cancelled_at,datetime,NO,,
simgos,pembatalan_visit_cancellations,6,created_at,timestamp,YES,,
simgos,pembatalan_visit_cancellations,7,updated_at,timestamp,YES,,
simgos,pendaftarans,1,id,"bigint unsigned",NO,PRI,auto_increment
simgos,pendaftarans,2,nomor_urut,"int unsigned",NO,,
simgos,pendaftarans,3,tanggal_daftar,date,NO,,
simgos,pendaftarans,4,no_kartu,varchar(20),NO,,
simgos,pendaftarans,5,nik,varchar(20),YES,,
simgos,pendaftarans,6,nama_pasien,varchar(255),NO,,
simgos,pendaftarans,7,poli_tujuan,varchar(10),NO,,
simgos,pendaftarans,8,no_hp,varchar(20),YES,,
simgos,pendaftarans,9,keluhan,text,YES,,
simgos,pendaftarans,10,status,varchar(20),NO,,
simgos,pendaftarans,11,bpjs_no_pendaftaran,varchar(255),YES,,
simgos,pendaftarans,12,bpjs_response,json,YES,,
simgos,pendaftarans,13,bpjs_error,text,YES,,
simgos,pendaftarans,14,created_at,timestamp,YES,,
simgos,pendaftarans,15,updated_at,timestamp,YES,,
simgos,penyakit_menular_submissions,1,id,"bigint unsigned",NO,PRI,auto_increment
simgos,penyakit_menular_submissions,2,encounter_local_id,"bigint unsigned",YES,,
simgos,penyakit_menular_submissions,3,use_case,varchar(255),NO,,
simgos,penyakit_menular_submissions,4,resource_type,varchar(255),NO,,
simgos,penyakit_menular_submissions,5,payload,json,NO,,
simgos,penyakit_menular_submissions,6,satu_sehat_staging_submission_id,"bigint unsigned",YES,MUL,
simgos,penyakit_menular_submissions,7,status,varchar(255),NO,,
simgos,penyakit_menular_submissions,8,error_message,text,YES,,
simgos,penyakit_menular_submissions,9,created_at,timestamp,YES,,
simgos,penyakit_menular_submissions,10,updated_at,timestamp,YES,,
simgos,permissions,1,id,"bigint unsigned",NO,PRI,auto_increment
simgos,permissions,2,name,varchar(255),NO,MUL,
simgos,permissions,3,guard_name,varchar(255),NO,,
simgos,permissions,4,created_at,timestamp,YES,,
simgos,permissions,5,updated_at,timestamp,YES,,
simgos,personal_access_tokens,1,id,"bigint unsigned",NO,PRI,auto_increment
simgos,personal_access_tokens,2,tokenable_type,varchar(255),NO,MUL,
simgos,personal_access_tokens,3,tokenable_id,"bigint unsigned",NO,,
simgos,personal_access_tokens,4,name,text,NO,,
simgos,personal_access_tokens,5,token,varchar(64),NO,UNI,
simgos,personal_access_tokens,6,abilities,text,YES,,
simgos,personal_access_tokens,7,last_used_at,timestamp,YES,,
simgos,personal_access_tokens,8,expires_at,timestamp,YES,MUL,
simgos,personal_access_tokens,9,created_at,timestamp,YES,,
simgos,personal_access_tokens,10,updated_at,timestamp,YES,,
simgos,pharmacy_claim_items,1,id,"bigint unsigned",NO,PRI,auto_increment
simgos,pharmacy_claim_items,2,pharmacy_claim_id,"bigint unsigned",NO,MUL,
simgos,pharmacy_claim_items,3,drug_name,varchar(255),NO,,
simgos,pharmacy_claim_items,4,quantity,"int unsigned",NO,,
simgos,pharmacy_claim_items,5,unit_price,"decimal(15,2)",NO,,
simgos,pharmacy_claim_items,6,amount,"decimal(15,2)",NO,,
simgos,pharmacy_claim_items,7,created_at,timestamp,YES,,
simgos,pharmacy_claim_items,8,updated_at,timestamp,YES,,
simgos,pharmacy_claims,1,id,"bigint unsigned",NO,PRI,auto_increment
simgos,pharmacy_claims,2,claim_file_id,"bigint unsigned",NO,MUL,
simgos,pharmacy_claims,3,prescription_id,"bigint unsigned",YES,MUL,
simgos,pharmacy_claims,4,submitted_at,datetime,YES,,
simgos,pharmacy_claims,5,status,varchar(255),NO,,
simgos,pharmacy_claims,6,created_at,timestamp,YES,,
simgos,pharmacy_claims,7,updated_at,timestamp,YES,,
simgos,pharmacy_depots,1,id,"bigint unsigned",NO,PRI,auto_increment
simgos,pharmacy_depots,2,code,varchar(255),NO,UNI,
simgos,pharmacy_depots,3,name,varchar(255),NO,,
simgos,pharmacy_depots,4,ward_id,"bigint unsigned",YES,MUL,
simgos,pharmacy_depots,5,phone,varchar(255),YES,,
simgos,pharmacy_depots,6,is_active,tinyint(1),NO,,
simgos,pharmacy_depots,7,created_at,timestamp,YES,,
simgos,pharmacy_depots,8,updated_at,timestamp,YES,,
simgos,pharmacy_diagnoses,1,id,"bigint unsigned",NO,PRI,auto_increment
simgos,pharmacy_diagnoses,2,visit_id,"bigint unsigned",NO,MUL,
simgos,pharmacy_diagnoses,3,prescription_id,"bigint unsigned",YES,MUL,
simgos,pharmacy_diagnoses,4,problem_category,varchar(100),NO,,
simgos,pharmacy_diagnoses,5,description,text,YES,,
simgos,pharmacy_diagnoses,6,recommendation,text,YES,,
simgos,pharmacy_diagnoses,7,assessed_by,"bigint unsigned",NO,MUL,
simgos,pharmacy_diagnoses,8,assessed_at,datetime,NO,,
simgos,pharmacy_diagnoses,9,status,varchar(255),NO,,
simgos,pharmacy_diagnoses,10,created_at,timestamp,YES,,
simgos,pharmacy_diagnoses,11,updated_at,timestamp,YES,,
simgos,pharmacy_dispenses,1,id,"bigint unsigned",NO,PRI,auto_increment
simgos,pharmacy_dispenses,2,prescription_id,"bigint unsigned",NO,MUL,
simgos,pharmacy_dispenses,3,dispensed_by,"bigint unsigned",YES,MUL,
simgos,pharmacy_dispenses,4,dispensed_at,datetime,YES,,
simgos,pharmacy_dispenses,5,quantity,int,NO,,
simgos,pharmacy_dispenses,6,status,varchar(255),NO,,
simgos,pharmacy_dispenses,7,created_at,timestamp,YES,,
simgos,pharmacy_dispenses,8,updated_at,timestamp,YES,,
simgos,pharmacy_guarantor_margins,1,id,"bigint unsigned",NO,PRI,auto_increment
simgos,pharmacy_guarantor_margins,2,guarantor_id,"bigint unsigned",NO,MUL,
simgos,pharmacy_guarantor_margins,3,margin_percentage,"decimal(5,2)",NO,,
simgos,pharmacy_guarantor_margins,4,effective_date,date,YES,,
simgos,pharmacy_guarantor_margins,5,is_active,tinyint(1),NO,,
simgos,pharmacy_guarantor_margins,6,created_at,timestamp,YES,,
simgos,pharmacy_guarantor_margins,7,updated_at,timestamp,YES,,
simgos,pharmacy_outpatient_queues,1,id,"bigint unsigned",NO,PRI,auto_increment
simgos,pharmacy_outpatient_queues,2,prescription_id,"bigint unsigned",NO,MUL,
simgos,pharmacy_outpatient_queues,3,queue_number,varchar(255),NO,,
simgos,pharmacy_outpatient_queues,4,status,varchar(255),NO,,
simgos,pharmacy_outpatient_queues,5,called_at,datetime,YES,,
simgos,pharmacy_outpatient_queues,6,completed_at,datetime,YES,,
simgos,pharmacy_outpatient_queues,7,created_at,timestamp,YES,,
simgos,pharmacy_outpatient_queues,8,updated_at,timestamp,YES,,
simgos,pharmacy_packages,1,id,"bigint unsigned",NO,PRI,auto_increment
simgos,pharmacy_packages,2,package_code,varchar(255),NO,UNI,
simgos,pharmacy_packages,3,name,varchar(255),NO,,
simgos,pharmacy_packages,4,pharmacy_service_room_id,"bigint unsigned",YES,MUL,
simgos,pharmacy_packages,5,category,varchar(255),NO,,
simgos,pharmacy_packages,6,price,"decimal(15,2)",NO,,
simgos,pharmacy_packages,7,description,text,YES,,
simgos,pharmacy_packages,8,is_active,tinyint(1),NO,,
simgos,pharmacy_packages,9,created_at,timestamp,YES,,
simgos,pharmacy_packages,10,updated_at,timestamp,YES,,
simgos,pharmacy_returns,1,id,"bigint unsigned",NO,PRI,auto_increment
simgos,pharmacy_returns,2,prescription_item_id,"bigint unsigned",NO,MUL,
simgos,pharmacy_returns,3,quantity_returned,"int unsigned",NO,,
simgos,pharmacy_returns,4,reason,varchar(255),NO,,
simgos,pharmacy_returns,5,returned_by,"bigint unsigned",NO,MUL,
simgos,pharmacy_returns,6,returned_at,datetime,NO,,
simgos,pharmacy_returns,7,status,varchar(255),NO,,
simgos,pharmacy_returns,8,created_at,timestamp,YES,,
simgos,pharmacy_returns,9,updated_at,timestamp,YES,,
simgos,pharmacy_rooms,1,id,"bigint unsigned",NO,PRI,auto_increment
simgos,pharmacy_rooms,2,ward_id,"bigint unsigned",NO,MUL,
simgos,pharmacy_rooms,3,pharmacy_type,varchar(255),NO,,
simgos,pharmacy_rooms,4,is_active,tinyint(1),NO,,
simgos,pharmacy_rooms,5,created_at,timestamp,YES,,
simgos,pharmacy_rooms,6,updated_at,timestamp,YES,,
simgos,pharmacy_service_fees,1,id,"bigint unsigned",NO,PRI,auto_increment
simgos,pharmacy_service_fees,2,item_id,"bigint unsigned",YES,MUL,
simgos,pharmacy_service_fees,3,fee_name,varchar(255),NO,,
simgos,pharmacy_service_fees,4,amount,"decimal(10,2)",NO,,
simgos,pharmacy_service_fees,5,is_active,tinyint(1),NO,,
simgos,pharmacy_service_fees,6,created_at,timestamp,YES,,
simgos,pharmacy_service_fees,7,updated_at,timestamp,YES,,
simgos,pharmacy_service_rooms,1,id,"bigint unsigned",NO,PRI,auto_increment
simgos,pharmacy_service_rooms,2,ward_id,"bigint unsigned",NO,MUL,
simgos,pharmacy_service_rooms,3,service_type,varchar(255),NO,,
simgos,pharmacy_service_rooms,4,is_active,tinyint(1),NO,,
simgos,pharmacy_service_rooms,5,created_at,timestamp,YES,,
simgos,pharmacy_service_rooms,6,updated_at,timestamp,YES,,
simgos,pharmacy_service_time_stages,1,id,"bigint unsigned",NO,PRI,auto_increment
simgos,pharmacy_service_time_stages,2,pharmacy_service_time_id,"bigint unsigned",NO,MUL,
simgos,pharmacy_service_time_stages,3,stage_name,varchar(50),NO,,
simgos,pharmacy_service_time_stages,4,recorded_at,datetime,NO,,
simgos,pharmacy_service_time_stages,5,recorded_by,"bigint unsigned",YES,MUL,
simgos,pharmacy_service_time_stages,6,created_at,timestamp,YES,,
simgos,pharmacy_service_time_stages,7,updated_at,timestamp,YES,,
simgos,pharmacy_service_times,1,id,"bigint unsigned",NO,PRI,auto_increment
simgos,pharmacy_service_times,2,prescription_id,"bigint unsigned",NO,MUL,
simgos,pharmacy_service_times,3,received_at,datetime,YES,,
simgos,pharmacy_service_times,4,prepared_at,datetime,YES,,
simgos,pharmacy_service_times,5,dispensed_at,datetime,YES,,
simgos,pharmacy_service_times,6,status,varchar(255),NO,,
simgos,pharmacy_service_times,7,created_at,timestamp,YES,,
simgos,pharmacy_service_times,8,updated_at,timestamp,YES,,
simgos,pharmacy_tariff_by_room_classes,1,id,"bigint unsigned",NO,PRI,auto_increment
simgos,pharmacy_tariff_by_room_classes,2,item_id,"bigint unsigned",YES,,
simgos,pharmacy_tariff_by_room_classes,3,room_class_id,"bigint unsigned",YES,,
simgos,pharmacy_tariff_by_room_classes,4,price,"decimal(15,2)",NO,,
simgos,pharmacy_tariff_by_room_classes,5,effective_date,date,YES,,
simgos,pharmacy_tariff_by_room_classes,6,is_active,tinyint(1),NO,,
simgos,pharmacy_tariff_by_room_classes,7,created_at,timestamp,YES,,
simgos,pharmacy_tariff_by_room_classes,8,updated_at,timestamp,YES,,
simgos,pharmacy_tariff_by_room_classes,9,percentage,"decimal(5,2)",YES,,
simgos,pharynx_examinations,1,id,"bigint unsigned",NO,PRI,auto_increment
simgos,pharynx_examinations,2,visit_id,"bigint unsigned",NO,,
simgos,pharynx_examinations,3,mucosa_color,varchar(255),YES,,
simgos,pharynx_examinations,4,exudate,tinyint(1),NO,,
simgos,pharynx_examinations,5,post_nasal_drip,tinyint(1),NO,,
simgos,pharynx_examinations,6,posterior_wall_condition,varchar(255),YES,,
simgos,pharynx_examinations,7,notes,text,YES,,
simgos,pharynx_examinations,8,examined_at,timestamp,YES,,
simgos,pharynx_examinations,9,created_at,timestamp,YES,,
simgos,pharynx_examinations,10,updated_at,timestamp,YES,,
simgos,pharynx_examinations,11,deleted_at,timestamp,YES,,
simgos,physical_assessments,1,id,"bigint unsigned",NO,PRI,auto_increment
simgos,physical_assessments,2,visit_id,"bigint unsigned",NO,,
simgos,physical_assessments,3,mobility_status,varchar(50),YES,,
simgos,physical_assessments,4,adl_status,varchar(50),YES,,
simgos,physical_assessments,5,cognitive_status,varchar(50),YES,,
simgos,physical_assessments,6,nutritional_risk,varchar(20),YES,,
simgos,physical_assessments,7,pain_level,"tinyint unsigned",YES,,
simgos,physical_assessments,8,notes,text,YES,,
simgos,physical_assessments,9,assessed_at,timestamp,YES,,
simgos,physical_assessments,10,created_at,timestamp,YES,,
simgos,physical_assessments,11,updated_at,timestamp,YES,,
simgos,physical_examinations,1,id,"bigint unsigned",NO,PRI,auto_increment
simgos,physical_examinations,2,visit_id,"bigint unsigned",NO,,
simgos,physical_examinations,3,general_condition,varchar(255),YES,,
simgos,physical_examinations,4,consciousness_gcs,varchar(255),YES,,
simgos,physical_examinations,5,head_to_toe_notes,text,YES,,
simgos,physical_examinations,6,examined_by,"bigint unsigned",YES,,
simgos,physical_examinations,7,examined_at,timestamp,YES,,
simgos,physical_examinations,8,created_at,timestamp,YES,,
simgos,physical_examinations,9,updated_at,timestamp,YES,,
simgos,physical_examinations,10,deleted_at,timestamp,YES,,
simgos,physician_restrictions,1,id,"bigint unsigned",NO,PRI,auto_increment
simgos,physician_restrictions,2,doctor_id,"bigint unsigned",NO,MUL,
simgos,physician_restrictions,3,restricted_antibiotic_name,varchar(255),NO,,
simgos,physician_restrictions,4,authorization_level,varchar(255),NO,,
simgos,physician_restrictions,5,is_authorized_prescriber,tinyint(1),NO,,
simgos,physician_restrictions,6,notes,text,YES,,
simgos,physician_restrictions,7,created_at,timestamp,YES,,
simgos,physician_restrictions,8,updated_at,timestamp,YES,,
simgos,plan_and_therapies,1,id,"bigint unsigned",NO,PRI,auto_increment
simgos,plan_and_therapies,2,visit_id,"bigint unsigned",NO,MUL,
simgos,plan_and_therapies,3,ordered_by,"bigint unsigned",NO,MUL,
simgos,plan_and_therapies,4,created_by,"bigint unsigned",YES,MUL,
simgos,plan_and_therapies,5,assessment_summary,text,YES,,
simgos,plan_and_therapies,6,plan_description,text,NO,,
simgos,plan_and_therapies,7,therapy_type,varchar(255),YES,,
simgos,plan_and_therapies,8,target_date,date,YES,,
simgos,plan_and_therapies,9,status,varchar(20),NO,,
simgos,plan_and_therapies,10,ordered_at,datetime,NO,,
simgos,plan_and_therapies,11,created_at,timestamp,YES,,
simgos,plan_and_therapies,12,updated_at,timestamp,YES,,
simgos,ppk_audits,1,id,"bigint unsigned",NO,PRI,auto_increment
simgos,ppk_audits,2,ppk_id,"bigint unsigned",NO,MUL,
simgos,ppk_audits,3,user_id,"bigint unsigned",YES,MUL,
simgos,ppk_audits,4,before,json,YES,,
simgos,ppk_audits,5,after,json,NO,,
simgos,ppk_audits,6,created_at,timestamp,NO,,DEFAULT_GENERATED
simgos,ppks,1,id,"bigint unsigned",NO,PRI,auto_increment
simgos,ppks,2,code,varchar(10),NO,UNI,
simgos,ppks,3,bpjs_code,varchar(8),YES,UNI,
simgos,ppks,4,type,"tinyint unsigned",NO,,
simgos,ppks,5,ownership,"tinyint unsigned",YES,,
simgos,ppks,6,jpk,"tinyint unsigned",YES,,
simgos,ppks,7,name,varchar(75),NO,,
simgos,ppks,8,class,varchar(1),YES,,
simgos,ppks,9,address,varchar(150),YES,,
simgos,ppks,10,rt,varchar(3),YES,,
simgos,ppks,11,rw,varchar(3),YES,,
simgos,ppks,12,postal_code,varchar(5),YES,,
simgos,ppks,13,phone,varchar(25),YES,,
simgos,ppks,14,fax,varchar(25),YES,,
simgos,ppks,15,region_code,varchar(10),NO,,
simgos,ppks,16,region_name,text,YES,,
simgos,ppks,17,started_at,datetime,YES,,
simgos,ppks,18,ended_at,datetime,YES,,
simgos,ppks,19,is_active,tinyint(1),NO,,
simgos,ppks,20,lock_version,"int unsigned",NO,,
simgos,ppks,21,created_at,timestamp,YES,,
simgos,ppks,22,updated_at,timestamp,YES,,
simgos,practice_licenses,1,id,"bigint unsigned",NO,PRI,auto_increment
simgos,practice_licenses,2,employee_id,"bigint unsigned",NO,MUL,
simgos,practice_licenses,3,license_type,varchar(255),NO,,
simgos,practice_licenses,4,license_number,varchar(255),NO,UNI,
simgos,practice_licenses,5,issued_at,date,YES,,
simgos,practice_licenses,6,expires_at,date,YES,,
simgos,practice_licenses,7,issuing_authority,varchar(255),YES,,
simgos,practice_licenses,8,created_at,timestamp,YES,,
simgos,practice_licenses,9,updated_at,timestamp,YES,,
simgos,pre_anesthesia_sedation_assessments,1,id,"bigint unsigned",NO,PRI,auto_increment
simgos,pre_anesthesia_sedation_assessments,2,visit_id,"bigint unsigned",NO,MUL,
simgos,pre_anesthesia_sedation_assessments,3,doctor_id,"bigint unsigned",NO,MUL,
simgos,pre_anesthesia_sedation_assessments,4,created_by,"bigint unsigned",YES,MUL,
simgos,pre_anesthesia_sedation_assessments,5,asa_classification,varchar(5),NO,,
simgos,pre_anesthesia_sedation_assessments,6,mallampati_class,"tinyint unsigned",YES,,
simgos,pre_anesthesia_sedation_assessments,7,npo_hours,"tinyint unsigned",YES,,
simgos,pre_anesthesia_sedation_assessments,8,comorbidities,text,YES,,
simgos,pre_anesthesia_sedation_assessments,9,planned_anesthesia_type,varchar(255),YES,,
simgos,pre_anesthesia_sedation_assessments,10,risk_notes,text,YES,,
simgos,pre_anesthesia_sedation_assessments,11,assessed_at,datetime,NO,,
simgos,pre_anesthesia_sedation_assessments,12,created_at,timestamp,YES,,
simgos,pre_anesthesia_sedation_assessments,13,updated_at,timestamp,YES,,
simgos,prescription_frequency_rule_categories,1,id,"bigint unsigned",NO,PRI,auto_increment
simgos,prescription_frequency_rule_categories,2,prescription_frequency_rule_id,"bigint unsigned",NO,MUL,
simgos,prescription_frequency_rule_categories,3,category_name,varchar(255),NO,,
simgos,prescription_frequency_rule_categories,4,sort_order,"int unsigned",NO,,
simgos,prescription_frequency_rule_categories,5,is_active,tinyint(1),NO,,
simgos,prescription_frequency_rule_categories,6,created_at,timestamp,YES,,
simgos,prescription_frequency_rule_categories,7,updated_at,timestamp,YES,,
simgos,prescription_frequency_rules,1,id,"bigint unsigned",NO,PRI,auto_increment
simgos,prescription_frequency_rules,2,code,varchar(255),NO,UNI,
simgos,prescription_frequency_rules,3,description,varchar(255),YES,,
simgos,prescription_frequency_rules,4,times_per_day,"tinyint unsigned",NO,,
simgos,prescription_frequency_rules,5,interval_hours,"tinyint unsigned",YES,,
simgos,prescription_frequency_rules,6,is_active,tinyint(1),NO,,
simgos,prescription_frequency_rules,7,created_at,timestamp,YES,,
simgos,prescription_frequency_rules,8,updated_at,timestamp,YES,,
simgos,prescription_fulfillment_items,1,id,"bigint unsigned",NO,PRI,auto_increment
simgos,prescription_fulfillment_items,2,prescription_fulfillment_id,"bigint unsigned",NO,MUL,
simgos,prescription_fulfillment_items,3,prescription_item_id,"bigint unsigned",NO,MUL,
simgos,prescription_fulfillment_items,4,quantity_served,"int unsigned",NO,,
simgos,prescription_fulfillment_items,5,is_substituted,tinyint(1),NO,,
simgos,prescription_fulfillment_items,6,notes,text,YES,,
simgos,prescription_fulfillment_items,7,created_at,timestamp,YES,,
simgos,prescription_fulfillment_items,8,updated_at,timestamp,YES,,
simgos,prescription_fulfillments,1,id,"bigint unsigned",NO,PRI,auto_increment
simgos,prescription_fulfillments,2,prescription_id,"bigint unsigned",NO,MUL,
simgos,prescription_fulfillments,3,served_by,"bigint unsigned",NO,MUL,
simgos,prescription_fulfillments,4,served_at,datetime,NO,,
simgos,prescription_fulfillments,5,status,varchar(255),NO,,
simgos,prescription_fulfillments,6,notes,text,YES,,
simgos,prescription_fulfillments,7,created_at,timestamp,YES,,
simgos,prescription_fulfillments,8,updated_at,timestamp,YES,,
simgos,prescription_initial_reviews,1,id,"bigint unsigned",NO,PRI,auto_increment
simgos,prescription_initial_reviews,2,prescription_id,"bigint unsigned",NO,MUL,
simgos,prescription_initial_reviews,3,reviewed_by,"bigint unsigned",NO,MUL,
simgos,prescription_initial_reviews,4,reviewed_at,datetime,NO,,
simgos,prescription_initial_reviews,5,is_appropriate,tinyint(1),NO,,
simgos,prescription_initial_reviews,6,issues_found,text,YES,,
simgos,prescription_initial_reviews,7,recommendation,text,YES,,
simgos,prescription_initial_reviews,8,status,varchar(255),NO,,
simgos,prescription_initial_reviews,9,created_at,timestamp,YES,,
simgos,prescription_initial_reviews,10,updated_at,timestamp,YES,,
simgos,prescription_items,1,id,"bigint unsigned",NO,PRI,auto_increment
simgos,prescription_items,2,prescription_id,"bigint unsigned",NO,MUL,
simgos,prescription_items,3,item_id,"bigint unsigned",YES,MUL,
simgos,prescription_items,4,drug_name,varchar(255),NO,,
simgos,prescription_items,5,dosage,varchar(255),NO,,
simgos,prescription_items,6,frequency,varchar(255),NO,,
simgos,prescription_items,7,route,varchar(255),YES,,
simgos,prescription_items,8,duration,varchar(255),YES,,
simgos,prescription_items,9,quantity,"int unsigned",YES,,
simgos,prescription_items,10,notes,text,YES,,
simgos,prescription_items,11,created_at,timestamp,YES,,
simgos,prescription_items,12,updated_at,timestamp,YES,,
simgos,prescription_origin_unit_restrictions,1,id,"bigint unsigned",NO,PRI,auto_increment
simgos,prescription_origin_unit_restrictions,2,ward_id,"bigint unsigned",NO,MUL,
simgos,prescription_origin_unit_restrictions,3,item_id,"bigint unsigned",YES,MUL,
simgos,prescription_origin_unit_restrictions,4,is_allowed,tinyint(1),NO,,
simgos,prescription_origin_unit_restrictions,5,note,text,YES,,
simgos,prescription_origin_unit_restrictions,6,is_active,tinyint(1),NO,,
simgos,prescription_origin_unit_restrictions,7,created_at,timestamp,YES,,
simgos,prescription_origin_unit_restrictions,8,updated_at,timestamp,YES,,
simgos,prescriptions,1,id,"bigint unsigned",NO,PRI,auto_increment
simgos,prescriptions,2,prescription_number,varchar(255),YES,UNI,
simgos,prescriptions,3,visit_id,"bigint unsigned",NO,MUL,
simgos,prescriptions,4,diagnosis_id,"bigint unsigned",YES,MUL,
simgos,prescriptions,5,prescribed_by,"bigint unsigned",NO,MUL,
simgos,prescriptions,6,prescribed_at,datetime,NO,,
simgos,prescriptions,7,weight_kg,"decimal(5,2)",YES,,
simgos,prescriptions,8,height_cm,"decimal(5,2)",YES,,
simgos,prescriptions,9,has_drug_allergy,tinyint(1),NO,,
simgos,prescriptions,10,is_pregnant,tinyint(1),NO,,
simgos,prescriptions,11,is_breastfeeding,tinyint(1),NO,,
simgos,prescriptions,12,is_discharge_prescription,tinyint(1),NO,,
simgos,prescriptions,13,is_emergency,tinyint(1),NO,,
simgos,prescriptions,14,notes,text,YES,,
simgos,prescriptions,15,created_by,"bigint unsigned",YES,MUL,
simgos,prescriptions,16,status,varchar(255),NO,,
simgos,prescriptions,17,created_at,timestamp,YES,,
simgos,prescriptions,18,updated_at,timestamp,YES,,
simgos,pressure_ulcer_risk_assessments,1,id,"bigint unsigned",NO,PRI,auto_increment
simgos,pressure_ulcer_risk_assessments,2,visit_id,"bigint unsigned",NO,,
simgos,pressure_ulcer_risk_assessments,3,sensory_perception,"tinyint unsigned",NO,,
simgos,pressure_ulcer_risk_assessments,4,moisture,"tinyint unsigned",NO,,
simgos,pressure_ulcer_risk_assessments,5,activity,"tinyint unsigned",NO,,
simgos,pressure_ulcer_risk_assessments,6,mobility,"tinyint unsigned",NO,,
simgos,pressure_ulcer_risk_assessments,7,nutrition,"tinyint unsigned",NO,,
simgos,pressure_ulcer_risk_assessments,8,friction_shear,"tinyint unsigned",NO,,
simgos,pressure_ulcer_risk_assessments,9,total_score,"tinyint unsigned",NO,,
simgos,pressure_ulcer_risk_assessments,10,risk_level,varchar(20),YES,,
simgos,pressure_ulcer_risk_assessments,11,assessed_at,timestamp,YES,,
simgos,pressure_ulcer_risk_assessments,12,created_at,timestamp,YES,,
simgos,pressure_ulcer_risk_assessments,13,updated_at,timestamp,YES,,
simgos,procedure_consent_information,1,id,"bigint unsigned",NO,PRI,auto_increment
simgos,procedure_consent_information,2,consent_id,"bigint unsigned",NO,MUL,
simgos,procedure_consent_information,3,explained_by,"bigint unsigned",NO,MUL,
simgos,procedure_consent_information,4,diagnosis_explanation,text,YES,,
simgos,procedure_consent_information,5,procedure_explanation,text,YES,,
simgos,procedure_consent_information,6,purpose,text,YES,,
simgos,procedure_consent_information,7,risks_and_complications,text,YES,,
simgos,procedure_consent_information,8,alternative_procedures,text,YES,,
simgos,procedure_consent_information,9,prognosis,text,YES,,
simgos,procedure_consent_information,10,explained_at,datetime,NO,,
simgos,procedure_consent_information,11,created_at,timestamp,YES,,
simgos,procedure_consent_information,12,updated_at,timestamp,YES,,
simgos,procedure_consent_information_givers,1,id,"bigint unsigned",NO,PRI,auto_increment
simgos,procedure_consent_information_givers,2,consent_id,"bigint unsigned",NO,MUL,
simgos,procedure_consent_information_givers,3,giver_id,"bigint unsigned",NO,MUL,
simgos,procedure_consent_information_givers,4,giver_role,varchar(40),NO,,
simgos,procedure_consent_information_givers,5,signed_at,datetime,NO,,
simgos,procedure_consent_information_givers,6,created_at,timestamp,YES,,
simgos,procedure_consent_information_givers,7,updated_at,timestamp,YES,,
simgos,procedure_consent_information_items,1,id,"bigint unsigned",NO,PRI,auto_increment
simgos,procedure_consent_information_items,2,information_id,"bigint unsigned",NO,MUL,
simgos,procedure_consent_information_items,3,item_name,varchar(255),NO,,
simgos,procedure_consent_information_items,4,is_explained,tinyint(1),NO,,
simgos,procedure_consent_information_items,5,is_understood,tinyint(1),NO,,
simgos,procedure_consent_information_items,6,created_at,timestamp,YES,,
simgos,procedure_consent_information_items,7,updated_at,timestamp,YES,,
simgos,procedure_consent_information_receivers,1,id,"bigint unsigned",NO,PRI,auto_increment
simgos,procedure_consent_information_receivers,2,consent_id,"bigint unsigned",NO,MUL,
simgos,procedure_consent_information_receivers,3,receiver_name,varchar(255),NO,,
simgos,procedure_consent_information_receivers,4,receiver_relationship,varchar(40),NO,,
simgos,procedure_consent_information_receivers,5,signed_at,datetime,NO,,
simgos,procedure_consent_information_receivers,6,created_at,timestamp,YES,,
simgos,procedure_consent_information_receivers,7,updated_at,timestamp,YES,,
simgos,procedure_consent_patient_acknowledgements,1,id,"bigint unsigned",NO,PRI,auto_increment
simgos,procedure_consent_patient_acknowledgements,2,consent_id,"bigint unsigned",NO,MUL,
simgos,procedure_consent_patient_acknowledgements,3,acknowledger_name,varchar(255),NO,,
simgos,procedure_consent_patient_acknowledgements,4,relationship_to_patient,varchar(40),NO,,
simgos,procedure_consent_patient_acknowledgements,5,decision,varchar(10),NO,,
simgos,procedure_consent_patient_acknowledgements,6,signed_at,datetime,NO,,
simgos,procedure_consent_patient_acknowledgements,7,created_at,timestamp,YES,,
simgos,procedure_consent_patient_acknowledgements,8,updated_at,timestamp,YES,,
simgos,procedure_surgeries,1,id,"bigint unsigned",NO,PRI,auto_increment
simgos,procedure_surgeries,2,visit_id,"bigint unsigned",NO,,
simgos,procedure_surgeries,3,procedure_id,"bigint unsigned",YES,,
simgos,procedure_surgeries,4,surgery_name,varchar(255),NO,,
simgos,procedure_surgeries,5,surgery_type,varchar(255),YES,,
simgos,procedure_surgeries,6,anesthesia_type,varchar(255),YES,,
simgos,procedure_surgeries,7,performed_at,timestamp,YES,,
simgos,procedure_surgeries,8,notes,text,YES,,
simgos,procedure_surgeries,9,created_at,timestamp,YES,,
simgos,procedure_surgeries,10,updated_at,timestamp,YES,,
simgos,procedure_surgeries,11,deleted_at,timestamp,YES,,
simgos,procedures,1,id,"bigint unsigned",NO,PRI,auto_increment
simgos,procedures,2,code,varchar(255),YES,,
simgos,procedures,3,name,varchar(255),NO,,
simgos,procedures,4,is_active,tinyint(1),NO,,
simgos,procedures,5,created_at,timestamp,YES,,
simgos,procedures,6,updated_at,timestamp,YES,,
simgos,prognosas,1,id,"bigint unsigned",NO,PRI,auto_increment
simgos,prognosas,2,kunjungan_id,"bigint unsigned",NO,MUL,
simgos,prognosas,3,kode_diagnosa,varchar(10),NO,,
simgos,prognosas,4,nama_diagnosa,varchar(255),NO,,
simgos,prognosas,5,hasil_prognosa,varchar(20),NO,,
simgos,prognosas,6,catatan,text,YES,,
simgos,prognosas,7,bpjs_response,json,YES,,
simgos,prognosas,8,bpjs_error,text,YES,,
simgos,prognosas,9,created_at,timestamp,YES,,
simgos,prognosas,10,updated_at,timestamp,YES,,
simgos,provider_services,1,id,"bigint unsigned",NO,PRI,auto_increment
simgos,provider_services,2,payment_provider_id,"bigint unsigned",NO,MUL,
simgos,provider_services,3,service_code,varchar(255),YES,UNI,
simgos,provider_services,4,service_name,varchar(255),NO,,
simgos,provider_services,5,service_type,varchar(255),NO,,
simgos,provider_services,6,admin_fee_type,varchar(255),NO,,
simgos,provider_services,7,admin_fee_amount,"decimal(15,2)",NO,,
simgos,provider_services,8,is_active,tinyint(1),NO,,
simgos,provider_services,9,created_at,timestamp,YES,,
simgos,provider_services,10,updated_at,timestamp,YES,,
simgos,quantity_restrictions,1,id,"bigint unsigned",NO,PRI,auto_increment
simgos,quantity_restrictions,2,drug_name,varchar(255),NO,UNI,
simgos,quantity_restrictions,3,max_quantity_per_prescription,"int unsigned",NO,,
simgos,quantity_restrictions,4,unit,varchar(255),NO,,
simgos,quantity_restrictions,5,notes,text,YES,,
simgos,quantity_restrictions,6,is_active,tinyint(1),NO,,
simgos,quantity_restrictions,7,created_at,timestamp,YES,,
simgos,quantity_restrictions,8,updated_at,timestamp,YES,,
simgos,queue_calls,1,id,"bigint unsigned",NO,PRI,auto_increment
simgos,queue_calls,2,ward_queue_id,"bigint unsigned",NO,MUL,
simgos,queue_calls,3,called_at,datetime,NO,,
simgos,queue_calls,4,called_by,"bigint unsigned",NO,MUL,
simgos,queue_calls,5,counter,varchar(255),NO,,
simgos,queue_calls,6,created_at,timestamp,YES,,
simgos,queue_calls,7,updated_at,timestamp,YES,,
simgos,radiology_claim_items,1,id,"bigint unsigned",NO,PRI,auto_increment
simgos,radiology_claim_items,2,radiology_claim_id,"bigint unsigned",NO,MUL,
simgos,radiology_claim_items,3,exam_name,varchar(255),NO,,
simgos,radiology_claim_items,4,amount,"decimal(15,2)",NO,,
simgos,radiology_claim_items,5,created_at,timestamp,YES,,
simgos,radiology_claim_items,6,updated_at,timestamp,YES,,
simgos,radiology_claims,1,id,"bigint unsigned",NO,PRI,auto_increment
simgos,radiology_claims,2,claim_file_id,"bigint unsigned",NO,MUL,
simgos,radiology_claims,3,order_id,"bigint unsigned",YES,MUL,
simgos,radiology_claims,4,submitted_at,datetime,YES,,
simgos,radiology_claims,5,status,varchar(255),NO,,
simgos,radiology_claims,6,created_at,timestamp,YES,,
simgos,radiology_claims,7,updated_at,timestamp,YES,,
simgos,radiology_order_items,1,id,"bigint unsigned",NO,PRI,auto_increment
simgos,radiology_order_items,2,radiology_order_id,"bigint unsigned",NO,MUL,
simgos,radiology_order_items,3,examination_name,varchar(255),NO,,
simgos,radiology_order_items,4,body_part,varchar(255),YES,,
simgos,radiology_order_items,5,price,"decimal(10,2)",YES,,
simgos,radiology_order_items,6,created_at,timestamp,YES,,
simgos,radiology_order_items,7,updated_at,timestamp,YES,,
simgos,radiology_orders,1,id,"bigint unsigned",NO,PRI,auto_increment
simgos,radiology_orders,2,visit_id,"bigint unsigned",NO,MUL,
simgos,radiology_orders,3,patient_id,"bigint unsigned",NO,MUL,
simgos,radiology_orders,4,ordering_doctor_id,"bigint unsigned",YES,MUL,
simgos,radiology_orders,5,ordered_at,datetime,NO,,
simgos,radiology_orders,6,clinical_notes,text,YES,,
simgos,radiology_orders,7,status,varchar(255),NO,,
simgos,radiology_orders,8,created_at,timestamp,YES,,
simgos,radiology_orders,9,updated_at,timestamp,YES,,
simgos,radiology_result_summaries,1,id,"bigint unsigned",NO,PRI,auto_increment
simgos,radiology_result_summaries,2,visit_id,"bigint unsigned",NO,MUL,
simgos,radiology_result_summaries,3,summarized_by,"bigint unsigned",NO,MUL,
simgos,radiology_result_summaries,4,created_by,"bigint unsigned",YES,MUL,
simgos,radiology_result_summaries,5,overall_impression,text,YES,,
simgos,radiology_result_summaries,6,summarized_at,datetime,NO,,
simgos,radiology_result_summaries,7,created_at,timestamp,YES,,
simgos,radiology_result_summaries,8,updated_at,timestamp,YES,,
simgos,radiology_result_summary_items,1,id,"bigint unsigned",NO,PRI,auto_increment
simgos,radiology_result_summary_items,2,summary_id,"bigint unsigned",NO,MUL,
simgos,radiology_result_summary_items,3,exam_name,varchar(255),NO,,
simgos,radiology_result_summary_items,4,finding,text,YES,,
simgos,radiology_result_summary_items,5,impression,text,YES,,
simgos,radiology_result_summary_items,6,performed_at,datetime,YES,,
simgos,radiology_result_summary_items,7,created_at,timestamp,YES,,
simgos,radiology_result_summary_items,8,updated_at,timestamp,YES,,
simgos,radiology_results,1,id,"bigint unsigned",NO,PRI,auto_increment
simgos,radiology_results,2,radiology_order_id,"bigint unsigned",NO,MUL,
simgos,radiology_results,3,findings,text,NO,,
simgos,radiology_results,4,impression,text,YES,,
simgos,radiology_results,5,radiologist_id,"bigint unsigned",YES,MUL,
simgos,radiology_results,6,examined_at,datetime,NO,,
simgos,radiology_results,7,status,varchar(255),NO,,
simgos,radiology_results,8,created_at,timestamp,YES,,
simgos,radiology_results,9,updated_at,timestamp,YES,,
simgos,radiology_rooms,1,id,"bigint unsigned",NO,PRI,auto_increment
simgos,radiology_rooms,2,ward_id,"bigint unsigned",NO,MUL,
simgos,radiology_rooms,3,radiology_type,varchar(255),NO,,
simgos,radiology_rooms,4,is_active,tinyint(1),NO,,
simgos,radiology_rooms,5,created_at,timestamp,YES,,
simgos,radiology_rooms,6,updated_at,timestamp,YES,,
simgos,radiology_viewer_logs,1,id,"bigint unsigned",NO,PRI,auto_increment
simgos,radiology_viewer_logs,2,visit_id,"bigint unsigned",NO,MUL,
simgos,radiology_viewer_logs,3,accession_number,varchar(100),YES,,
simgos,radiology_viewer_logs,4,viewed_by,"bigint unsigned",NO,MUL,
simgos,radiology_viewer_logs,5,viewed_at,datetime,NO,,
simgos,radiology_viewer_logs,6,ip_address,varchar(45),YES,,
simgos,radiology_viewer_logs,7,notes,text,YES,,
simgos,radiology_viewer_logs,8,created_at,timestamp,YES,,
simgos,radiology_viewer_logs,9,updated_at,timestamp,YES,,
simgos,raven_test_examinations,1,id,"bigint unsigned",NO,PRI,auto_increment
simgos,raven_test_examinations,2,visit_id,"bigint unsigned",NO,,
simgos,raven_test_examinations,3,test_form,varchar(10),YES,,
simgos,raven_test_examinations,4,raw_score,"smallint unsigned",YES,,
simgos,raven_test_examinations,5,percentile,"tinyint unsigned",YES,,
simgos,raven_test_examinations,6,iq_grade,varchar(10),YES,,
simgos,raven_test_examinations,7,examiner_notes,text,YES,,
simgos,raven_test_examinations,8,tested_at,timestamp,YES,,
simgos,raven_test_examinations,9,created_at,timestamp,YES,,
simgos,raven_test_examinations,10,updated_at,timestamp,YES,,
simgos,receiving_items,1,id,"bigint unsigned",NO,PRI,auto_increment
simgos,receiving_items,2,receiving_record_id,"bigint unsigned",NO,MUL,
simgos,receiving_items,3,item_id,"bigint unsigned",NO,MUL,
simgos,receiving_items,4,quantity,"int unsigned",NO,,
simgos,receiving_items,5,unit_price,"decimal(15,2)",YES,,
simgos,receiving_items,6,created_at,timestamp,YES,,
simgos,receiving_items,7,updated_at,timestamp,YES,,
simgos,receiving_records,1,id,"bigint unsigned",NO,PRI,auto_increment
simgos,receiving_records,2,ward_id,"bigint unsigned",NO,MUL,
simgos,receiving_records,3,received_by,"bigint unsigned",NO,MUL,
simgos,receiving_records,4,received_at,datetime,NO,,
simgos,receiving_records,5,notes,text,YES,,
simgos,receiving_records,6,created_at,timestamp,YES,,
simgos,receiving_records,7,updated_at,timestamp,YES,,
simgos,record_file_loans,1,id,"bigint unsigned",NO,PRI,auto_increment
simgos,record_file_loans,2,patient_id,"bigint unsigned",NO,,
simgos,record_file_loans,3,borrower_name,varchar(150),NO,,
simgos,record_file_loans,4,borrower_unit,varchar(150),YES,,
simgos,record_file_loans,5,purpose,varchar(200),YES,,
simgos,record_file_loans,6,loaned_at,timestamp,NO,,
simgos,record_file_loans,7,due_at,timestamp,YES,,
simgos,record_file_loans,8,returned_at,timestamp,YES,,
simgos,record_file_loans,9,status,varchar(20),NO,,
simgos,record_file_loans,10,created_at,timestamp,YES,,
simgos,record_file_loans,11,updated_at,timestamp,YES,,
simgos,reference_audits,1,id,"bigint unsigned",NO,PRI,auto_increment
simgos,reference_audits,2,entity_type,varchar(20),NO,MUL,
simgos,reference_audits,3,entity_id,"bigint unsigned",NO,,
simgos,reference_audits,4,action,varchar(20),NO,,
simgos,reference_audits,5,user_id,"bigint unsigned",YES,MUL,
simgos,reference_audits,6,before,json,YES,,
simgos,reference_audits,7,after,json,YES,,
simgos,reference_audits,8,created_at,timestamp,NO,,DEFAULT_GENERATED
simgos,reference_entries,1,id,"bigint unsigned",NO,PRI,auto_increment
simgos,reference_entries,2,legacy_table_id,"bigint unsigned",YES,UNI,
simgos,reference_entries,3,reference_type_id,"bigint unsigned",NO,MUL,
simgos,reference_entries,4,code,varchar(255),NO,,
simgos,reference_entries,5,name,varchar(500),NO,,
simgos,reference_entries,6,ref_id,varchar(5),YES,MUL,
simgos,reference_entries,7,text,varchar(100),YES,,
simgos,reference_entries,8,config,json,YES,,
simgos,reference_entries,9,scoring,tinyint,YES,,
simgos,reference_entries,10,is_active,tinyint(1),NO,,
simgos,reference_entries,11,version,"int unsigned",NO,,
simgos,reference_entries,12,created_at,timestamp,YES,,
simgos,reference_entries,13,updated_at,timestamp,YES,,
simgos,reference_maps,1,id,"bigint unsigned",NO,PRI,auto_increment
simgos,reference_maps,2,source_system,varchar(255),NO,MUL,
simgos,reference_maps,3,source_code,varchar(255),NO,,
simgos,reference_maps,4,target_category,varchar(255),NO,,
simgos,reference_maps,5,target_code,varchar(255),NO,,
simgos,reference_maps,6,description,text,YES,,
simgos,reference_maps,7,is_active,tinyint(1),NO,,
simgos,reference_maps,8,created_at,timestamp,YES,,
simgos,reference_maps,9,updated_at,timestamp,YES,,
simgos,reference_types,1,id,"bigint unsigned",NO,PRI,auto_increment
simgos,reference_types,2,legacy_id,"mediumint unsigned",YES,UNI,
simgos,reference_types,3,name,varchar(250),NO,,
simgos,reference_types,4,abbreviation,varchar(5),YES,,
simgos,reference_types,5,is_application,tinyint(1),NO,,
simgos,reference_types,6,management_scope,varchar(10),NO,MUL,
simgos,reference_types,7,is_active,tinyint(1),NO,,
simgos,reference_types,8,version,"int unsigned",NO,,
simgos,reference_types,9,created_at,timestamp,YES,,
simgos,reference_types,10,updated_at,timestamp,YES,,
simgos,referral_codes,1,id,"bigint unsigned",NO,PRI,auto_increment
simgos,referral_codes,2,code,varchar(255),NO,UNI,
simgos,referral_codes,3,name,varchar(255),NO,,
simgos,referral_codes,4,category,varchar(255),YES,,
simgos,referral_codes,5,is_active,tinyint(1),NO,,
simgos,referral_codes,6,created_at,timestamp,YES,,
simgos,referral_codes,7,updated_at,timestamp,YES,,
simgos,referral_letters,1,id,"bigint unsigned",NO,PRI,auto_increment
simgos,referral_letters,2,visit_id,"bigint unsigned",NO,MUL,
simgos,referral_letters,3,from_department_id,"bigint unsigned",NO,MUL,
simgos,referral_letters,4,to_department_id,"bigint unsigned",NO,MUL,
simgos,referral_letters,5,issued_at,datetime,NO,,
simgos,referral_letters,6,notes,text,YES,,
simgos,referral_letters,7,created_at,timestamp,YES,,
simgos,referral_letters,8,updated_at,timestamp,YES,,
simgos,referrals,1,id,"bigint unsigned",NO,PRI,auto_increment
simgos,referrals,2,referral_number,varchar(255),NO,UNI,
simgos,referrals,3,patient_id,"bigint unsigned",NO,MUL,
simgos,referrals,4,direction,varchar(255),NO,,
simgos,referrals,5,facility_name,varchar(255),NO,,
simgos,referrals,6,reason,text,YES,,
simgos,referrals,7,referred_at,datetime,NO,,
simgos,referrals,8,status,varchar(255),NO,,
simgos,referrals,9,created_at,timestamp,YES,,
simgos,referrals,10,updated_at,timestamp,YES,,
simgos,region_types,1,id,"bigint unsigned",NO,PRI,auto_increment
simgos,region_types,2,name,varchar(255),NO,UNI,
simgos,region_types,3,digit_count,"tinyint unsigned",NO,,
simgos,region_types,4,delimiter,varchar(1),NO,,
simgos,region_types,5,is_active,tinyint(1),NO,,
simgos,region_types,6,created_at,timestamp,YES,,
simgos,region_types,7,updated_at,timestamp,YES,,
simgos,registration_functions,1,id,"bigint unsigned",NO,PRI,auto_increment
simgos,registration_functions,2,code,varchar(255),NO,UNI,
simgos,registration_functions,3,name,varchar(255),NO,,
simgos,registration_functions,4,description,text,YES,,
simgos,registration_functions,5,is_active,tinyint(1),NO,,
simgos,registration_functions,6,created_at,timestamp,YES,,
simgos,registration_functions,7,updated_at,timestamp,YES,,
simgos,registration_histories,1,id,"bigint unsigned",NO,PRI,auto_increment
simgos,registration_histories,2,registration_id,"bigint unsigned",NO,MUL,
simgos,registration_histories,3,old_status,varchar(255),YES,,
simgos,registration_histories,4,new_status,varchar(255),NO,,
simgos,registration_histories,5,changed_by,"bigint unsigned",YES,MUL,
simgos,registration_histories,6,changed_at,datetime,NO,,
simgos,registration_histories,7,notes,text,YES,,
simgos,registration_histories,8,created_at,timestamp,YES,,
simgos,registration_histories,9,updated_at,timestamp,YES,,
simgos,registration_invoices,1,id,"bigint unsigned",NO,PRI,auto_increment
simgos,registration_invoices,2,registration_id,"bigint unsigned",NO,MUL,
simgos,registration_invoices,3,invoice_id,"bigint unsigned",NO,MUL,
simgos,registration_invoices,4,invoice_category,varchar(255),NO,,
simgos,registration_invoices,5,amount,"decimal(15,2)",NO,,
simgos,registration_invoices,6,notes,text,YES,,
simgos,registration_invoices,7,created_at,timestamp,YES,,
simgos,registration_invoices,8,updated_at,timestamp,YES,,
simgos,registrations,1,id,"bigint unsigned",NO,PRI,auto_increment
simgos,registrations,2,registration_number,varchar(255),YES,UNI,
simgos,registrations,3,patient_id,"bigint unsigned",NO,MUL,
simgos,registrations,4,registered_at,datetime,NO,,
simgos,registrations,5,admission_diagnosis_id,"bigint unsigned",YES,,
simgos,registrations,6,referral_id,"bigint unsigned",YES,MUL,
simgos,registrations,7,package_id,"bigint unsigned",YES,MUL,
simgos,registrations,8,is_emergency,tinyint(1),NO,,
simgos,registrations,9,has_fall_risk,tinyint(1),NO,,
simgos,registrations,10,newborn_weight_grams,"decimal(6,2)",YES,,
simgos,registrations,11,newborn_length_cm,"decimal(5,2)",YES,,
simgos,registrations,12,birth_time,time,YES,,
simgos,registrations,13,found_location,varchar(255),YES,,
simgos,registrations,14,found_at,datetime,YES,,
simgos,registrations,15,satu_sehat_consent,tinyint(1),NO,,
simgos,registrations,16,registered_by,"bigint unsigned",YES,MUL,
simgos,registrations,17,status,varchar(255),NO,,
simgos,registrations,18,closure_id,varchar(26),YES,UNI,
simgos,registrations,19,closed_at,datetime,YES,,
simgos,registrations,20,closed_by,"bigint unsigned",YES,MUL,
simgos,registrations,21,closure_reason,varchar(255),YES,,
simgos,registrations,22,closure_snapshot,json,YES,,
simgos,registrations,23,closure_checksum,varchar(64),YES,,
simgos,registrations,24,created_at,timestamp,YES,,
simgos,registrations,25,updated_at,timestamp,YES,,
simgos,rehabilitation_procedure_examination_items,1,id,"bigint unsigned",NO,PRI,auto_increment
simgos,rehabilitation_procedure_examination_items,2,rehabilitation_procedure_examination_id,"bigint unsigned",NO,MUL,
simgos,rehabilitation_procedure_examination_items,3,step_name,varchar(150),NO,,
simgos,rehabilitation_procedure_examination_items,4,duration_minutes,"smallint unsigned",YES,,
simgos,rehabilitation_procedure_examination_items,5,result,varchar(100),YES,,
simgos,rehabilitation_procedure_examination_items,6,sequence,"smallint unsigned",NO,,
simgos,rehabilitation_procedure_examination_items,7,created_at,timestamp,YES,,
simgos,rehabilitation_procedure_examination_items,8,updated_at,timestamp,YES,,
simgos,rehabilitation_procedure_examinations,1,id,"bigint unsigned",NO,PRI,auto_increment
simgos,rehabilitation_procedure_examinations,2,visit_id,"bigint unsigned",NO,,
simgos,rehabilitation_procedure_examinations,3,procedure_name,varchar(150),NO,,
simgos,rehabilitation_procedure_examinations,4,therapist_id,"bigint unsigned",YES,,
simgos,rehabilitation_procedure_examinations,5,diagnosis_summary,text,YES,,
simgos,rehabilitation_procedure_examinations,6,functional_goal,text,YES,,
simgos,rehabilitation_procedure_examinations,7,notes,text,YES,,
simgos,rehabilitation_procedure_examinations,8,examined_at,timestamp,YES,,
simgos,rehabilitation_procedure_examinations,9,created_at,timestamp,YES,,
simgos,rehabilitation_procedure_examinations,10,updated_at,timestamp,YES,,
simgos,rencana_kontrols,1,id,"bigint unsigned",NO,PRI,auto_increment
simgos,rencana_kontrols,2,sep_id,"bigint unsigned",NO,MUL,
simgos,rencana_kontrols,3,registration_id,"bigint unsigned",YES,UNI,
simgos,rencana_kontrols,4,jenis_kontrol,varchar(255),NO,,
simgos,rencana_kontrols,5,poli_kontrol,varchar(255),NO,,
simgos,rencana_kontrols,6,tanggal_rencana_kontrol,date,NO,,
simgos,rencana_kontrols,7,dpjp_doctor_id,"bigint unsigned",YES,MUL,
simgos,rencana_kontrols,8,no_surat_kontrol,varchar(255),YES,UNI,
simgos,rencana_kontrols,9,local_status,varchar(255),NO,,
simgos,rencana_kontrols,10,bpjs_response,json,YES,,
simgos,rencana_kontrols,11,error_message,text,YES,,
simgos,rencana_kontrols,12,created_at,timestamp,YES,,
simgos,rencana_kontrols,13,updated_at,timestamp,YES,,
simgos,report_type_items,1,id,"bigint unsigned",NO,PRI,auto_increment
simgos,report_type_items,2,report_type_id,"bigint unsigned",NO,MUL,
simgos,report_type_items,3,name,varchar(255),NO,,
simgos,report_type_items,4,code,varchar(255),YES,,
simgos,report_type_items,5,sequence,"smallint unsigned",NO,,
simgos,report_type_items,6,is_active,tinyint(1),NO,,
simgos,report_type_items,7,created_at,timestamp,YES,,
simgos,report_type_items,8,updated_at,timestamp,YES,,
simgos,report_types,1,id,"bigint unsigned",NO,PRI,auto_increment
simgos,report_types,2,name,varchar(255),NO,,
simgos,report_types,3,class_name,varchar(255),NO,,
simgos,report_types,4,module,varchar(10),NO,,
simgos,report_types,5,level,"tinyint unsigned",NO,,
simgos,report_types,6,is_active,tinyint(1),NO,,
simgos,report_types,7,created_at,timestamp,YES,,
simgos,report_types,8,updated_at,timestamp,YES,,
simgos,reservations,1,id,"bigint unsigned",NO,PRI,auto_increment
simgos,reservations,2,patient_id,"bigint unsigned",NO,MUL,
simgos,reservations,3,ward_id,"bigint unsigned",NO,MUL,
simgos,reservations,4,reserved_at,datetime,NO,,
simgos,reservations,5,scheduled_at,datetime,NO,,
simgos,reservations,6,status,varchar(255),NO,,
simgos,reservations,7,created_at,timestamp,YES,,
simgos,reservations,8,updated_at,timestamp,YES,,
simgos,resume_medis,1,id,"bigint unsigned",NO,PRI,auto_increment
simgos,resume_medis,2,payload,json,NO,,
simgos,resume_medis,3,response,json,YES,,
simgos,resume_medis,4,status,varchar(255),NO,,
simgos,resume_medis,5,error_message,text,YES,,
simgos,resume_medis,6,created_at,timestamp,YES,,
simgos,resume_medis,7,updated_at,timestamp,YES,,
simgos,return_cancellations,1,id,"bigint unsigned",NO,PRI,auto_increment
simgos,return_cancellations,2,return_id,varchar(255),NO,,
simgos,return_cancellations,3,cancellation_number,varchar(255),NO,UNI,
simgos,return_cancellations,4,reason,text,NO,,
simgos,return_cancellations,5,cancellation_date,datetime,NO,,
simgos,return_cancellations,6,requested_by,varchar(255),NO,,
simgos,return_cancellations,7,status,varchar(255),NO,,
simgos,return_cancellations,8,created_at,timestamp,YES,,
simgos,return_cancellations,9,updated_at,timestamp,YES,,
simgos,risk_factors,1,id,"bigint unsigned",NO,PRI,auto_increment
simgos,risk_factors,2,visit_id,"bigint unsigned",NO,MUL,
simgos,risk_factors,3,risk_category,varchar(100),NO,,
simgos,risk_factors,4,description,text,YES,,
simgos,risk_factors,5,risk_level,varchar(20),YES,,
simgos,risk_factors,6,identified_by,"bigint unsigned",NO,MUL,
simgos,risk_factors,7,identified_at,datetime,NO,,
simgos,risk_factors,8,mitigation_plan,text,YES,,
simgos,risk_factors,9,created_at,timestamp,YES,,
simgos,risk_factors,10,updated_at,timestamp,YES,,
simgos,role_has_permissions,1,permission_id,"bigint unsigned",NO,PRI,
simgos,role_has_permissions,2,role_id,"bigint unsigned",NO,PRI,
simgos,roles,1,id,"bigint unsigned",NO,PRI,auto_increment
simgos,roles,2,name,varchar(255),NO,MUL,
simgos,roles,3,guard_name,varchar(255),NO,,
simgos,roles,4,created_at,timestamp,YES,,
simgos,roles,5,updated_at,timestamp,YES,,
simgos,room_class_reference_groups,1,id,"bigint unsigned",NO,PRI,auto_increment
simgos,room_class_reference_groups,2,name,varchar(255),NO,UNI,
simgos,room_class_reference_groups,3,code,varchar(10),YES,UNI,
simgos,room_class_reference_groups,4,is_active,tinyint(1),NO,,
simgos,room_class_reference_groups,5,created_at,timestamp,YES,,
simgos,room_class_reference_groups,6,updated_at,timestamp,YES,,
simgos,room_classes,1,id,"bigint unsigned",NO,PRI,auto_increment
simgos,room_classes,2,name,varchar(255),NO,UNI,
simgos,room_classes,3,code,varchar(10),YES,UNI,
simgos,room_classes,4,is_active,tinyint(1),NO,,
simgos,room_classes,5,created_at,timestamp,YES,,
simgos,room_classes,6,updated_at,timestamp,YES,,
simgos,rooms,1,id,"bigint unsigned",NO,PRI,auto_increment
simgos,rooms,2,ward_id,"bigint unsigned",NO,MUL,
simgos,rooms,3,room_number,varchar(255),NO,,
simgos,rooms,4,class_id,"bigint unsigned",YES,MUL,
simgos,rooms,5,is_active,tinyint(1),NO,,
simgos,rooms,6,created_at,timestamp,YES,,
simgos,rooms,7,updated_at,timestamp,YES,,
simgos,rs_online_submissions,1,id,"bigint unsigned",NO,PRI,auto_increment
simgos,rs_online_submissions,2,resource,varchar(255),NO,,
simgos,rs_online_submissions,3,payload,json,NO,,
simgos,rs_online_submissions,4,response,json,YES,,
simgos,rs_online_submissions,5,status,varchar(255),NO,,
simgos,rs_online_submissions,6,error_message,text,YES,,
simgos,rs_online_submissions,7,created_at,timestamp,YES,,
simgos,rs_online_submissions,8,updated_at,timestamp,YES,,
simgos,rujukan_antar_rs,1,id,"bigint unsigned",NO,PRI,auto_increment
simgos,rujukan_antar_rs,2,patient_id,"bigint unsigned",YES,MUL,
simgos,rujukan_antar_rs,3,no_sep_asal,varchar(255),NO,,
simgos,rujukan_antar_rs,4,tanggal_rencana_kunjungan,date,NO,,
simgos,rujukan_antar_rs,5,jenis_pelayanan,varchar(255),NO,,
simgos,rujukan_antar_rs,6,tipe_rujukan,varchar(255),NO,,
simgos,rujukan_antar_rs,7,ppk_tujuan,varchar(255),NO,,
simgos,rujukan_antar_rs,8,diagnosa,varchar(255),NO,,
simgos,rujukan_antar_rs,9,catatan,text,YES,,
simgos,rujukan_antar_rs,10,no_rujukan,varchar(255),YES,UNI,
simgos,rujukan_antar_rs,11,local_status,varchar(255),NO,,
simgos,rujukan_antar_rs,12,bpjs_response,json,YES,,
simgos,rujukan_antar_rs,13,error_message,text,YES,,
simgos,rujukan_antar_rs,14,created_at,timestamp,YES,,
simgos,rujukan_antar_rs,15,updated_at,timestamp,YES,,
simgos,rujukan_khusus,1,id,"bigint unsigned",NO,PRI,auto_increment
simgos,rujukan_khusus,2,no_rujukan_asal,varchar(255),NO,,
simgos,rujukan_khusus,3,diagnosa,varchar(255),NO,,
simgos,rujukan_khusus,4,kode_prosedur,varchar(255),NO,,
simgos,rujukan_khusus,5,no_rujukan_khusus,varchar(255),YES,UNI,
simgos,rujukan_khusus,6,local_status,varchar(255),NO,,
simgos,rujukan_khusus,7,bpjs_response,json,YES,,
simgos,rujukan_khusus,8,error_message,text,YES,,
simgos,rujukan_khusus,9,created_at,timestamp,YES,,
simgos,rujukan_khusus,10,updated_at,timestamp,YES,,
simgos,rujukans,1,id,"bigint unsigned",NO,PRI,auto_increment
simgos,rujukans,2,direction,varchar(255),NO,,
simgos,rujukans,3,action,varchar(255),NO,,
simgos,rujukans,4,no_rujukan,varchar(255),YES,,
simgos,rujukans,5,payload,json,NO,,
simgos,rujukans,6,response,json,YES,,
simgos,rujukans,7,status,varchar(255),NO,,
simgos,rujukans,8,error_message,text,YES,,
simgos,rujukans,9,created_at,timestamp,YES,,
simgos,rujukans,10,updated_at,timestamp,YES,,
simgos,sale_items,1,id,"bigint unsigned",NO,PRI,auto_increment
simgos,sale_items,2,sale_id,"bigint unsigned",NO,MUL,
simgos,sale_items,3,item_id,"bigint unsigned",NO,MUL,
simgos,sale_items,4,quantity,"int unsigned",NO,,
simgos,sale_items,5,unit_price,"decimal(15,2)",NO,,
simgos,sale_items,6,subtotal,"decimal(15,2)",NO,,
simgos,sale_items,7,created_at,timestamp,YES,,
simgos,sale_items,8,updated_at,timestamp,YES,,
simgos,sale_returns,1,id,"bigint unsigned",NO,PRI,auto_increment
simgos,sale_returns,2,sale_id,"bigint unsigned",NO,MUL,
simgos,sale_returns,3,returned_at,datetime,NO,,
simgos,sale_returns,4,reason,text,YES,,
simgos,sale_returns,5,refund_amount,"decimal(15,2)",NO,,
simgos,sale_returns,6,created_at,timestamp,YES,,
simgos,sale_returns,7,updated_at,timestamp,YES,,
simgos,sales,1,id,"bigint unsigned",NO,PRI,auto_increment
simgos,sales,2,sale_number,varchar(255),NO,UNI,
simgos,sales,3,patient_id,"bigint unsigned",YES,MUL,
simgos,sales,4,sold_by,"bigint unsigned",NO,MUL,
simgos,sales,5,sold_at,datetime,NO,,
simgos,sales,6,total_amount,"decimal(15,2)",NO,,
simgos,sales,7,status,varchar(255),NO,,
simgos,sales,8,created_at,timestamp,YES,,
simgos,sales,9,updated_at,timestamp,YES,,
simgos,sales_taxes,1,id,"bigint unsigned",NO,PRI,auto_increment
simgos,sales_taxes,2,name,varchar(255),NO,UNI,
simgos,sales_taxes,3,rate,"decimal(5,2)",NO,,
simgos,sales_taxes,4,effective_date,date,YES,,
simgos,sales_taxes,5,is_active,tinyint(1),NO,,
simgos,sales_taxes,6,created_at,timestamp,YES,,
simgos,sales_taxes,7,updated_at,timestamp,YES,,
simgos,satu_sehat_staging_submissions,1,id,"bigint unsigned",NO,PRI,auto_increment
simgos,satu_sehat_staging_submissions,2,resource_type,varchar(255),NO,,
simgos,satu_sehat_staging_submissions,3,satusehat_id,varchar(255),YES,,
simgos,satu_sehat_staging_submissions,4,source_type,varchar(255),NO,MUL,
simgos,satu_sehat_staging_submissions,5,source_id,"bigint unsigned",NO,,
simgos,satu_sehat_staging_submissions,6,payload,json,NO,,
simgos,satu_sehat_staging_submissions,7,status,varchar(255),NO,MUL,
simgos,satu_sehat_staging_submissions,8,attempts,"int unsigned",NO,,
simgos,satu_sehat_staging_submissions,9,last_error,text,YES,,
simgos,satu_sehat_staging_submissions,10,sent_at,timestamp,YES,,
simgos,satu_sehat_staging_submissions,11,created_at,timestamp,YES,,
simgos,satu_sehat_staging_submissions,12,updated_at,timestamp,YES,,
simgos,scanned_documents,1,id,"bigint unsigned",NO,PRI,auto_increment
simgos,scanned_documents,2,patient_id,"bigint unsigned",YES,MUL,
simgos,scanned_documents,3,document_type,varchar(255),NO,,
simgos,scanned_documents,4,file_path,varchar(255),NO,,
simgos,scanned_documents,5,scanned_at,datetime,NO,,
simgos,scanned_documents,6,scanned_by,"bigint unsigned",YES,MUL,
simgos,scanned_documents,7,created_at,timestamp,YES,,
simgos,scanned_documents,8,updated_at,timestamp,YES,,
simgos,sep_pengajuans,1,id,"bigint unsigned",NO,PRI,auto_increment
simgos,sep_pengajuans,2,sep_id,"bigint unsigned",NO,MUL,
simgos,sep_pengajuans,3,jenis,varchar(255),NO,,
simgos,sep_pengajuans,4,alasan,text,NO,,
simgos,sep_pengajuans,5,status,varchar(255),NO,,
simgos,sep_pengajuans,6,approved_by,"bigint unsigned",YES,MUL,
simgos,sep_pengajuans,7,approved_at,datetime,YES,,
simgos,sep_pengajuans,8,bpjs_response,json,YES,,
simgos,sep_pengajuans,9,error_message,text,YES,,
simgos,sep_pengajuans,10,created_at,timestamp,YES,,
simgos,sep_pengajuans,11,updated_at,timestamp,YES,,
simgos,sep_reconciliation_attempts,1,id,"bigint unsigned",NO,PRI,auto_increment
simgos,sep_reconciliation_attempts,2,sep_id,"bigint unsigned",NO,MUL,
simgos,sep_reconciliation_attempts,3,attempted_no_sep,varchar(255),NO,,
simgos,sep_reconciliation_attempts,4,status,varchar(255),NO,,
simgos,sep_reconciliation_attempts,5,bpjs_code,varchar(255),YES,,
simgos,sep_reconciliation_attempts,6,message,text,YES,,
simgos,sep_reconciliation_attempts,7,note,text,NO,,
simgos,sep_reconciliation_attempts,8,attempted_by,"bigint unsigned",NO,MUL,
simgos,sep_reconciliation_attempts,9,attempted_at,timestamp,NO,,
simgos,sep_reconciliation_attempts,10,created_at,timestamp,YES,,
simgos,sep_reconciliation_attempts,11,updated_at,timestamp,YES,,
simgos,seps,1,id,"bigint unsigned",NO,PRI,auto_increment
simgos,seps,2,registration_id,"bigint unsigned",YES,UNI,
simgos,seps,3,guarantor_id,"bigint unsigned",YES,MUL,
simgos,seps,4,visit_type,varchar(255),NO,,
simgos,seps,5,patient_id,"bigint unsigned",NO,MUL,
simgos,seps,6,no_kartu,varchar(255),NO,,
simgos,seps,7,no_rujukan,varchar(255),YES,,
simgos,seps,8,no_sep,varchar(255),YES,UNI,
simgos,seps,9,tgl_sep,date,NO,,
simgos,seps,10,poli_tujuan,varchar(255),YES,,
simgos,seps,11,kelas_rawat,varchar(255),YES,,
simgos,seps,12,dpjp_doctor_id,"bigint unsigned",YES,MUL,
simgos,seps,13,diagnosa_awal,varchar(255),YES,,
simgos,seps,14,catatan,text,YES,,
simgos,seps,15,no_surat_kontrol,varchar(255),YES,,
simgos,seps,16,status_kecelakaan,varchar(255),NO,,
simgos,seps,17,kecelakaan_provinsi_code,varchar(255),YES,,
simgos,seps,18,kecelakaan_kabupaten_code,varchar(255),YES,,
simgos,seps,19,kecelakaan_kecamatan_code,varchar(255),YES,,
simgos,seps,20,suplesi_jasa_raharja,tinyint(1),NO,,
simgos,seps,21,local_status,varchar(255),NO,,
simgos,seps,22,bpjs_response,json,YES,,
simgos,seps,23,error_message,text,YES,,
simgos,seps,24,submitted_at,datetime,YES,,
simgos,seps,25,created_at,timestamp,YES,,
simgos,seps,26,updated_at,timestamp,YES,,
simgos,service_handovers,1,id,"bigint unsigned",NO,PRI,auto_increment
simgos,service_handovers,2,visit_id,"bigint unsigned",NO,MUL,
simgos,service_handovers,3,ward_id,"bigint unsigned",NO,MUL,
simgos,service_handovers,4,handed_over_by,"bigint unsigned",YES,MUL,
simgos,service_handovers,5,received_by,"bigint unsigned",YES,MUL,
simgos,service_handovers,6,handed_over_at,datetime,NO,,
simgos,service_handovers,7,received_at,datetime,YES,,
simgos,service_handovers,8,notes,text,YES,,
simgos,service_handovers,9,status,varchar(255),NO,,
simgos,service_handovers,10,created_at,timestamp,YES,,
simgos,service_handovers,11,updated_at,timestamp,YES,,
simgos,service_tariff_distributions,1,id,"bigint unsigned",NO,PRI,auto_increment
simgos,service_tariff_distributions,2,service_tariff_id,"bigint unsigned",YES,,
simgos,service_tariff_distributions,3,component_id,"bigint unsigned",YES,,
simgos,service_tariff_distributions,4,amount,"decimal(15,2)",NO,,
simgos,service_tariff_distributions,5,is_active,tinyint(1),NO,,
simgos,service_tariff_distributions,6,created_at,timestamp,YES,,
simgos,service_tariff_distributions,7,updated_at,timestamp,YES,,
simgos,service_tariffs,1,id,"bigint unsigned",NO,PRI,auto_increment
simgos,service_tariffs,2,service_id,"bigint unsigned",NO,MUL,
simgos,service_tariffs,3,room_class_id,"bigint unsigned",YES,MUL,
simgos,service_tariffs,4,administrasi,"decimal(15,2)",NO,,
simgos,service_tariffs,5,sarana,"decimal(15,2)",NO,,
simgos,service_tariffs,6,bhp,"decimal(15,2)",NO,,
simgos,service_tariffs,7,dokter_operator,"decimal(15,2)",NO,,
simgos,service_tariffs,8,dokter_anastesi,"decimal(15,2)",NO,,
simgos,service_tariffs,9,dokter_lainnya,"decimal(15,2)",NO,,
simgos,service_tariffs,10,penata_anastesi,"decimal(15,2)",NO,,
simgos,service_tariffs,11,paramedis,"decimal(15,2)",NO,,
simgos,service_tariffs,12,non_medis,"decimal(15,2)",NO,,
simgos,service_tariffs,13,price,"decimal(15,2)",NO,,
simgos,service_tariffs,14,effective_date,date,NO,,
simgos,service_tariffs,15,decree_number,varchar(255),YES,,
simgos,service_tariffs,16,decree_date,date,YES,,
simgos,service_tariffs,17,created_by,"bigint unsigned",YES,MUL,
simgos,service_tariffs,18,is_active,tinyint(1),NO,,
simgos,service_tariffs,19,created_at,timestamp,YES,,
simgos,service_tariffs,20,updated_at,timestamp,YES,,
simgos,service_types,1,id,"bigint unsigned",NO,PRI,auto_increment
simgos,service_types,2,name,varchar(255),NO,UNI,
simgos,service_types,3,code,varchar(10),YES,UNI,
simgos,service_types,4,is_active,tinyint(1),NO,,
simgos,service_types,5,created_at,timestamp,YES,,
simgos,service_types,6,updated_at,timestamp,YES,,
simgos,services,1,id,"bigint unsigned",NO,PRI,auto_increment
simgos,services,2,code,varchar(255),YES,UNI,
simgos,services,3,name,varchar(255),NO,,
simgos,services,4,category,varchar(255),YES,,
simgos,services,5,kptl_no,varchar(255),YES,,
simgos,services,6,kptl_status,"tinyint unsigned",YES,,
simgos,services,7,type_id,"bigint unsigned",YES,MUL,
simgos,services,8,is_active,tinyint(1),NO,,
simgos,services,9,created_at,timestamp,YES,,
simgos,services,10,updated_at,timestamp,YES,,
simgos,shipment_items,1,id,"bigint unsigned",NO,PRI,auto_increment
simgos,shipment_items,2,shipment_id,"bigint unsigned",NO,MUL,
simgos,shipment_items,3,item_id,"bigint unsigned",NO,MUL,
simgos,shipment_items,4,quantity,"int unsigned",NO,,
simgos,shipment_items,5,created_at,timestamp,YES,,
simgos,shipment_items,6,updated_at,timestamp,YES,,
simgos,shipments,1,id,"bigint unsigned",NO,PRI,auto_increment
simgos,shipments,2,from_ward_id,"bigint unsigned",NO,MUL,
simgos,shipments,3,to_ward_id,"bigint unsigned",NO,MUL,
simgos,shipments,4,shipped_by,"bigint unsigned",NO,MUL,
simgos,shipments,5,shipped_at,datetime,NO,,
simgos,shipments,6,status,varchar(255),NO,,
simgos,shipments,7,created_at,timestamp,YES,,
simgos,shipments,8,updated_at,timestamp,YES,,
simgos,sick_leave_certificates,1,id,"bigint unsigned",NO,PRI,auto_increment
simgos,sick_leave_certificates,2,letter_number,varchar(255),NO,UNI,
simgos,sick_leave_certificates,3,patient_id,"bigint unsigned",NO,MUL,
simgos,sick_leave_certificates,4,visit_id,"bigint unsigned",NO,MUL,
simgos,sick_leave_certificates,5,doctor_id,"bigint unsigned",NO,MUL,
simgos,sick_leave_certificates,6,issue_date,date,NO,,
simgos,sick_leave_certificates,7,start_date,date,NO,,
simgos,sick_leave_certificates,8,end_date,date,NO,,
simgos,sick_leave_certificates,9,duration_days,int,NO,,
simgos,sick_leave_certificates,10,diagnosis,text,YES,,
simgos,sick_leave_certificates,11,remarks,text,YES,,
simgos,sick_leave_certificates,12,created_by,"bigint unsigned",YES,MUL,
simgos,sick_leave_certificates,13,created_at,timestamp,YES,,
simgos,sick_leave_certificates,14,updated_at,timestamp,YES,,
simgos,sirs_online_bor_tempat_tidurs,1,id,"bigint unsigned",NO,PRI,auto_increment
simgos,sirs_online_bor_tempat_tidurs,2,id_tt,varchar(255),NO,,
simgos,sirs_online_bor_tempat_tidurs,3,ruang,varchar(255),NO,,
simgos,sirs_online_bor_tempat_tidurs,4,jumlah_ruang,int,YES,,
simgos,sirs_online_bor_tempat_tidurs,5,jumlah,int,YES,,
simgos,sirs_online_bor_tempat_tidurs,6,terpakai,int,YES,,
simgos,sirs_online_bor_tempat_tidurs,7,terpakai_suspek,int,YES,,
simgos,sirs_online_bor_tempat_tidurs,8,terpakai_konfirmasi,int,YES,,
simgos,sirs_online_bor_tempat_tidurs,9,antrian,int,YES,,
simgos,sirs_online_bor_tempat_tidurs,10,prepare,int,YES,,
simgos,sirs_online_bor_tempat_tidurs,11,prepare_plan,int,YES,,
simgos,sirs_online_bor_tempat_tidurs,12,covid,int,YES,,
simgos,sirs_online_bor_tempat_tidurs,13,terpakai_dbd,int,YES,,
simgos,sirs_online_bor_tempat_tidurs,14,terpakai_dbd_anak,int,YES,,
simgos,sirs_online_bor_tempat_tidurs,15,jumlah_dbd,int,YES,,
simgos,sirs_online_bor_tempat_tidurs,16,response,json,YES,,
simgos,sirs_online_bor_tempat_tidurs,17,status,varchar(255),NO,,
simgos,sirs_online_bor_tempat_tidurs,18,error_message,text,YES,,
simgos,sirs_online_bor_tempat_tidurs,19,created_at,timestamp,YES,,
simgos,sirs_online_bor_tempat_tidurs,20,updated_at,timestamp,YES,,
simgos,skin_prick_test_examinations,1,id,"bigint unsigned",NO,PRI,auto_increment
simgos,skin_prick_test_examinations,2,visit_id,"bigint unsigned",NO,,
simgos,skin_prick_test_examinations,3,allergen,varchar(150),NO,,
simgos,skin_prick_test_examinations,4,wheal_size_mm,"decimal(4,1)",YES,,
simgos,skin_prick_test_examinations,5,flare_size_mm,"decimal(4,1)",YES,,
simgos,skin_prick_test_examinations,6,result,varchar(20),NO,,
simgos,skin_prick_test_examinations,7,reaction_onset_minutes,"smallint unsigned",YES,,
simgos,skin_prick_test_examinations,8,notes,text,YES,,
simgos,skin_prick_test_examinations,9,tested_at,timestamp,YES,,
simgos,skin_prick_test_examinations,10,created_at,timestamp,YES,,
simgos,skin_prick_test_examinations,11,updated_at,timestamp,YES,,
simgos,skrinnings,1,id,"bigint unsigned",NO,PRI,auto_increment
simgos,skrinnings,2,kunjungan_id,"bigint unsigned",NO,MUL,
simgos,skrinnings,3,jenis_skrinning,varchar(50),NO,,
simgos,skrinnings,4,pertanyaan,text,NO,,
simgos,skrinnings,5,jawaban,text,NO,,
simgos,skrinnings,6,skor,"smallint unsigned",YES,,
simgos,skrinnings,7,kesimpulan,text,YES,,
simgos,skrinnings,8,bpjs_response,json,YES,,
simgos,skrinnings,9,bpjs_error,text,YES,,
simgos,skrinnings,10,created_at,timestamp,YES,,
simgos,skrinnings,11,updated_at,timestamp,YES,,
simgos,smart_claim_id_mappings,1,id,char(36),NO,PRI,
simgos,smart_claim_id_mappings,2,ref_id,"bigint unsigned",NO,,
simgos,smart_claim_id_mappings,3,ref_type,varchar(255),NO,MUL,
simgos,smart_claim_id_mappings,4,type_code,varchar(255),YES,,
simgos,smart_claim_id_mappings,5,created_at,timestamp,YES,,
simgos,smart_claim_id_mappings,6,updated_at,timestamp,YES,,
simgos,social_conditions,1,id,"bigint unsigned",NO,PRI,auto_increment
simgos,social_conditions,2,visit_id,"bigint unsigned",NO,MUL,
simgos,social_conditions,3,living_situation,varchar(150),YES,,
simgos,social_conditions,4,occupation_status,varchar(100),YES,,
simgos,social_conditions,5,financial_status,varchar(100),YES,,
simgos,social_conditions,6,support_system,text,YES,,
simgos,social_conditions,7,recorded_by,"bigint unsigned",NO,MUL,
simgos,social_conditions,8,recorded_at,datetime,NO,,
simgos,social_conditions,9,created_at,timestamp,YES,,
simgos,social_conditions,10,updated_at,timestamp,YES,,
simgos,spesialistik_submissions,1,id,"bigint unsigned",NO,PRI,auto_increment
simgos,spesialistik_submissions,2,encounter_local_id,"bigint unsigned",YES,,
simgos,spesialistik_submissions,3,use_case,varchar(255),NO,,
simgos,spesialistik_submissions,4,resource_type,varchar(255),NO,,
simgos,spesialistik_submissions,5,payload,json,NO,,
simgos,spesialistik_submissions,6,satu_sehat_staging_submission_id,"bigint unsigned",YES,MUL,
simgos,spesialistik_submissions,7,status,varchar(255),NO,,
simgos,spesialistik_submissions,8,error_message,text,YES,,
simgos,spesialistik_submissions,9,created_at,timestamp,YES,,
simgos,spesialistik_submissions,10,updated_at,timestamp,YES,,
simgos,spris,1,id,"bigint unsigned",NO,PRI,auto_increment
simgos,spris,2,sep_id,"bigint unsigned",NO,MUL,
simgos,spris,3,tanggal_rencana_rawat_inap,date,NO,,
simgos,spris,4,dpjp_doctor_id,"bigint unsigned",YES,MUL,
simgos,spris,5,no_spri,varchar(255),YES,UNI,
simgos,spris,6,local_status,varchar(255),NO,,
simgos,spris,7,bpjs_response,json,YES,,
simgos,spris,8,error_message,text,YES,,
simgos,spris,9,created_at,timestamp,YES,,
simgos,spris,10,updated_at,timestamp,YES,,
simgos,staff_members,1,id,"bigint unsigned",NO,PRI,auto_increment
simgos,staff_members,2,employee_id,"bigint unsigned",NO,MUL,
simgos,staff_members,3,staff_role,varchar(255),YES,,
simgos,staff_members,4,is_active,tinyint(1),NO,,
simgos,staff_members,5,created_at,timestamp,YES,,
simgos,staff_members,6,updated_at,timestamp,YES,,
simgos,staff_ward_assignments,1,id,"bigint unsigned",NO,PRI,auto_increment
simgos,staff_ward_assignments,2,staff_member_id,"bigint unsigned",NO,MUL,
simgos,staff_ward_assignments,3,ward_id,"bigint unsigned",NO,MUL,
simgos,staff_ward_assignments,4,assigned_at,timestamp,YES,,
simgos,staff_ward_assignments,5,is_active,tinyint(1),NO,,
simgos,staff_ward_assignments,6,created_at,timestamp,YES,,
simgos,staff_ward_assignments,7,updated_at,timestamp,YES,,
simgos,stock_opname_items,1,id,"bigint unsigned",NO,PRI,auto_increment
simgos,stock_opname_items,2,stock_opname_id,"bigint unsigned",NO,MUL,
simgos,stock_opname_items,3,item_id,"bigint unsigned",NO,MUL,
simgos,stock_opname_items,4,system_quantity,int,NO,,
simgos,stock_opname_items,5,physical_quantity,int,NO,,
simgos,stock_opname_items,6,difference,int,NO,,
simgos,stock_opname_items,7,created_at,timestamp,YES,,
simgos,stock_opname_items,8,updated_at,timestamp,YES,,
simgos,stock_opnames,1,id,"bigint unsigned",NO,PRI,auto_increment
simgos,stock_opnames,2,ward_id,"bigint unsigned",NO,MUL,
simgos,stock_opnames,3,opname_date,date,NO,,
simgos,stock_opnames,4,conducted_by,"bigint unsigned",NO,MUL,
simgos,stock_opnames,5,status,varchar(255),NO,,
simgos,stock_opnames,6,notes,text,YES,,
simgos,stock_opnames,7,created_at,timestamp,YES,,
simgos,stock_opnames,8,updated_at,timestamp,YES,,
simgos,stock_request_items,1,id,"bigint unsigned",NO,PRI,auto_increment
simgos,stock_request_items,2,stock_request_id,"bigint unsigned",NO,MUL,
simgos,stock_request_items,3,item_id,"bigint unsigned",NO,MUL,
simgos,stock_request_items,4,quantity,"int unsigned",NO,,
simgos,stock_request_items,5,created_at,timestamp,YES,,
simgos,stock_request_items,6,updated_at,timestamp,YES,,
simgos,stock_requests,1,id,"bigint unsigned",NO,PRI,auto_increment
simgos,stock_requests,2,request_number,varchar(255),NO,UNI,
simgos,stock_requests,3,ward_id,"bigint unsigned",NO,MUL,
simgos,stock_requests,4,item_id,"bigint unsigned",NO,MUL,
simgos,stock_requests,5,quantity,"int unsigned",NO,,
simgos,stock_requests,6,requested_by,"bigint unsigned",NO,MUL,
simgos,stock_requests,7,requested_at,datetime,NO,,
simgos,stock_requests,8,fulfilled_at,datetime,YES,,
simgos,stock_requests,9,notes,text,YES,,
simgos,stock_requests,10,status,varchar(255),NO,,
simgos,stock_requests,11,created_at,timestamp,YES,,
simgos,stock_requests,12,updated_at,timestamp,YES,,
simgos,suppliers,1,id,"bigint unsigned",NO,PRI,auto_increment
simgos,suppliers,2,code,varchar(255),YES,UNI,
simgos,suppliers,3,name,varchar(255),NO,,
simgos,suppliers,4,contact_person,varchar(255),YES,,
simgos,suppliers,5,phone,varchar(255),YES,,
simgos,suppliers,6,email,varchar(255),YES,,
simgos,suppliers,7,address,text,YES,,
simgos,suppliers,8,is_active,tinyint(1),NO,,
simgos,suppliers,9,created_at,timestamp,YES,,
simgos,suppliers,10,updated_at,timestamp,YES,,
simgos,supporting_documents,1,id,"bigint unsigned",NO,PRI,auto_increment
simgos,supporting_documents,2,claim_file_id,"bigint unsigned",NO,MUL,
simgos,supporting_documents,3,document_type,varchar(255),NO,,
simgos,supporting_documents,4,file_path,varchar(255),NO,,
simgos,supporting_documents,5,uploaded_at,datetime,YES,,
simgos,supporting_documents,6,created_at,timestamp,YES,,
simgos,supporting_documents,7,updated_at,timestamp,YES,,
simgos,surgeries,1,id,"bigint unsigned",NO,PRI,auto_increment
simgos,surgeries,2,visit_id,"bigint unsigned",NO,MUL,
simgos,surgeries,3,diagnosis_id,"bigint unsigned",YES,MUL,
simgos,surgeries,4,procedure_name,varchar(255),NO,,
simgos,surgeries,5,surgeon_id,"bigint unsigned",NO,MUL,
simgos,surgeries,6,anesthesia_type,varchar(255),YES,,
simgos,surgeries,7,started_at,datetime,YES,,
simgos,surgeries,8,ended_at,datetime,YES,,
simgos,surgeries,9,notes,text,YES,,
simgos,surgeries,10,status,varchar(255),NO,,
simgos,surgeries,11,created_by,"bigint unsigned",YES,MUL,
simgos,surgeries,12,created_at,timestamp,YES,,
simgos,surgeries,13,updated_at,timestamp,YES,,
simgos,surgery_performers,1,id,"bigint unsigned",NO,PRI,auto_increment
simgos,surgery_performers,2,surgery_id,"bigint unsigned",YES,,
simgos,surgery_performers,3,visit_id,"bigint unsigned",YES,,
simgos,surgery_performers,4,doctor_id,"bigint unsigned",YES,,
simgos,surgery_performers,5,role,varchar(255),YES,,
simgos,surgery_performers,6,notes,varchar(255),YES,,
simgos,surgery_performers,7,created_at,timestamp,YES,,
simgos,surgery_performers,8,updated_at,timestamp,YES,,
simgos,surgery_performers,9,deleted_at,timestamp,YES,,
simgos,surgical_procedure_histories,1,id,"bigint unsigned",NO,PRI,auto_increment
simgos,surgical_procedure_histories,2,visit_id,"bigint unsigned",NO,MUL,
simgos,surgical_procedure_histories,3,created_by,"bigint unsigned",YES,MUL,
simgos,surgical_procedure_histories,4,procedure_name,varchar(255),NO,,
simgos,surgical_procedure_histories,5,procedure_date,date,YES,,
simgos,surgical_procedure_histories,6,facility_name,varchar(255),YES,,
simgos,surgical_procedure_histories,7,surgeon_name,varchar(255),YES,,
simgos,surgical_procedure_histories,8,complications,text,YES,,
simgos,surgical_procedure_histories,9,created_at,timestamp,YES,,
simgos,surgical_procedure_histories,10,updated_at,timestamp,YES,,
simgos,surgical_safety_evaluation_results,1,id,"bigint unsigned",NO,PRI,auto_increment
simgos,surgical_safety_evaluation_results,2,visit_id,"bigint unsigned",NO,MUL,
simgos,surgical_safety_evaluation_results,3,operating_room_id,"bigint unsigned",YES,MUL,
simgos,surgical_safety_evaluation_results,4,evaluator_id,"bigint unsigned",YES,MUL,
simgos,surgical_safety_evaluation_results,5,checklist_score,int,NO,,
simgos,surgical_safety_evaluation_results,6,compliant,tinyint(1),NO,,
simgos,surgical_safety_evaluation_results,7,evaluated_at,datetime,NO,,
simgos,surgical_safety_evaluation_results,8,notes,text,YES,,
simgos,surgical_safety_evaluation_results,9,created_at,timestamp,YES,,
simgos,surgical_safety_evaluation_results,10,updated_at,timestamp,YES,,
simgos,system_license_audit_logs,1,id,"bigint unsigned",NO,PRI,auto_increment
simgos,system_license_audit_logs,2,event_type,varchar(50),NO,MUL,
simgos,system_license_audit_logs,3,details,json,YES,,
simgos,system_license_audit_logs,4,ip_address,varchar(45),YES,,
simgos,system_license_audit_logs,5,user_agent,varchar(255),YES,,
simgos,system_license_audit_logs,6,created_at,timestamp,YES,,
simgos,system_license_audit_logs,7,updated_at,timestamp,YES,,
simgos,system_license_watermarks,1,id,"bigint unsigned",NO,PRI,auto_increment
simgos,system_license_watermarks,2,highest_seen_timestamp,"bigint unsigned",NO,MUL,
simgos,system_license_watermarks,3,recorded_at,datetime,NO,,
simgos,system_license_watermarks,4,checksum,varchar(64),NO,,
simgos,system_license_watermarks,5,created_at,timestamp,YES,,
simgos,system_license_watermarks,6,updated_at,timestamp,YES,,
simgos,system_licenses,1,id,"bigint unsigned",NO,PRI,auto_increment
simgos,system_licenses,2,instance_id,varchar(64),NO,UNI,
simgos,system_licenses,3,client_name,varchar(255),NO,,
simgos,system_licenses,4,client_code,varchar(50),NO,MUL,
simgos,system_licenses,5,license_key,varchar(128),NO,UNI,
simgos,system_licenses,6,token_payload,longtext,NO,,
simgos,system_licenses,7,digital_signature,longtext,NO,,
simgos,system_licenses,8,hardware_id,varchar(128),NO,MUL,
simgos,system_licenses,9,tier,varchar(50),NO,,
simgos,system_licenses,10,issued_at,datetime,NO,,
simgos,system_licenses,11,valid_until,datetime,NO,MUL,
simgos,system_licenses,12,last_synced_at,datetime,YES,,
simgos,system_licenses,13,max_users,"int unsigned",NO,,
simgos,system_licenses,14,allowed_modules,json,NO,,
simgos,system_licenses,15,integrity_hash,varchar(64),NO,,
simgos,system_licenses,16,status,varchar(30),NO,,
simgos,system_licenses,17,created_at,timestamp,YES,,
simgos,system_licenses,18,updated_at,timestamp,YES,,
simgos,tb_disease_histories,1,id,"bigint unsigned",NO,PRI,auto_increment
simgos,tb_disease_histories,2,visit_id,"bigint unsigned",NO,MUL,
simgos,tb_disease_histories,3,created_by,"bigint unsigned",YES,MUL,
simgos,tb_disease_histories,4,previous_tb_treatment,tinyint(1),NO,,
simgos,tb_disease_histories,5,treatment_year,"smallint unsigned",YES,,
simgos,tb_disease_histories,6,treatment_outcome,varchar(255),YES,,
simgos,tb_disease_histories,7,tb_category,varchar(255),YES,,
simgos,tb_disease_histories,8,notes,text,YES,,
simgos,tb_disease_histories,9,created_at,timestamp,YES,,
simgos,tb_disease_histories,10,updated_at,timestamp,YES,,
simgos,thigh_examinations,1,id,"bigint unsigned",NO,PRI,auto_increment
simgos,thigh_examinations,2,visit_id,"bigint unsigned",NO,,
simgos,thigh_examinations,3,side,varchar(20),YES,,
simgos,thigh_examinations,4,muscle_strength,varchar(10),YES,,
simgos,thigh_examinations,5,circumference_cm,"decimal(4,1)",YES,,
simgos,thigh_examinations,6,swelling,tinyint(1),NO,,
simgos,thigh_examinations,7,findings,text,YES,,
simgos,thigh_examinations,8,examined_at,timestamp,YES,,
simgos,thigh_examinations,9,created_at,timestamp,YES,,
simgos,thigh_examinations,10,updated_at,timestamp,YES,,
simgos,throat_examinations,1,id,"bigint unsigned",NO,PRI,auto_increment
simgos,throat_examinations,2,visit_id,"bigint unsigned",NO,,
simgos,throat_examinations,3,pharynx,varchar(100),YES,,
simgos,throat_examinations,4,uvula,varchar(50),YES,,
simgos,throat_examinations,5,mucosa,varchar(100),YES,,
simgos,throat_examinations,6,exudate,tinyint(1),NO,,
simgos,throat_examinations,7,findings,text,YES,,
simgos,throat_examinations,8,examined_at,timestamp,YES,,
simgos,throat_examinations,9,created_at,timestamp,YES,,
simgos,throat_examinations,10,updated_at,timestamp,YES,,
simgos,tindakans,1,id,"bigint unsigned",NO,PRI,auto_increment
simgos,tindakans,2,kunjungan_id,"bigint unsigned",NO,MUL,
simgos,tindakans,3,kode_tindakan,varchar(10),NO,,
simgos,tindakans,4,nama_tindakan,varchar(255),NO,,
simgos,tindakans,5,tanggal_tindakan,date,NO,,
simgos,tindakans,6,pelaksana,varchar(255),YES,,
simgos,tindakans,7,catatan,text,YES,,
simgos,tindakans,8,bpjs_response,json,YES,,
simgos,tindakans,9,bpjs_error,text,YES,,
simgos,tindakans,10,created_at,timestamp,YES,,
simgos,tindakans,11,updated_at,timestamp,YES,,
simgos,toe_examinations,1,id,"bigint unsigned",NO,PRI,auto_increment
simgos,toe_examinations,2,visit_id,"bigint unsigned",NO,,
simgos,toe_examinations,3,foot_side,varchar(255),NO,,
simgos,toe_examinations,4,deformity,varchar(255),YES,,
simgos,toe_examinations,5,ulceration,tinyint(1),NO,,
simgos,toe_examinations,6,capillary_refill_seconds,double,YES,,
simgos,toe_examinations,7,sensation_monofilament,varchar(255),YES,,
simgos,toe_examinations,8,notes,text,YES,,
simgos,toe_examinations,9,examined_at,timestamp,YES,,
simgos,toe_examinations,10,created_at,timestamp,YES,,
simgos,toe_examinations,11,updated_at,timestamp,YES,,
simgos,toe_examinations,12,deleted_at,timestamp,YES,,
simgos,toenail_examinations,1,id,"bigint unsigned",NO,PRI,auto_increment
simgos,toenail_examinations,2,visit_id,"bigint unsigned",NO,,
simgos,toenail_examinations,3,color,varchar(50),YES,,
simgos,toenail_examinations,4,capillary_refill_seconds,"tinyint unsigned",YES,,
simgos,toenail_examinations,5,clubbing,tinyint(1),NO,,
simgos,toenail_examinations,6,cyanosis,tinyint(1),NO,,
simgos,toenail_examinations,7,lesions,varchar(150),YES,,
simgos,toenail_examinations,8,findings,text,YES,,
simgos,toenail_examinations,9,examined_at,timestamp,YES,,
simgos,toenail_examinations,10,created_at,timestamp,YES,,
simgos,toenail_examinations,11,updated_at,timestamp,YES,,
simgos,tongue_examinations,1,id,"bigint unsigned",NO,PRI,auto_increment
simgos,tongue_examinations,2,visit_id,"bigint unsigned",NO,,
simgos,tongue_examinations,3,color,varchar(50),YES,,
simgos,tongue_examinations,4,coating,varchar(100),YES,,
simgos,tongue_examinations,5,moisture,varchar(50),YES,,
simgos,tongue_examinations,6,lesions,varchar(150),YES,,
simgos,tongue_examinations,7,movement,varchar(100),YES,,
simgos,tongue_examinations,8,findings,text,YES,,
simgos,tongue_examinations,9,examined_at,timestamp,YES,,
simgos,tongue_examinations,10,created_at,timestamp,YES,,
simgos,tongue_examinations,11,updated_at,timestamp,YES,,
simgos,tonsil_examinations,1,id,"bigint unsigned",NO,PRI,auto_increment
simgos,tonsil_examinations,2,visit_id,"bigint unsigned",NO,,
simgos,tonsil_examinations,3,side,varchar(20),YES,,
simgos,tonsil_examinations,4,grade,"tinyint unsigned",YES,,
simgos,tonsil_examinations,5,color,varchar(50),YES,,
simgos,tonsil_examinations,6,exudate,tinyint(1),NO,,
simgos,tonsil_examinations,7,findings,text,YES,,
simgos,tonsil_examinations,8,examined_at,timestamp,YES,,
simgos,tonsil_examinations,9,created_at,timestamp,YES,,
simgos,tonsil_examinations,10,updated_at,timestamp,YES,,
simgos,transcranial_doppler_examinations,1,id,"bigint unsigned",NO,PRI,auto_increment
simgos,transcranial_doppler_examinations,2,visit_id,"bigint unsigned",NO,,
simgos,transcranial_doppler_examinations,3,indication,varchar(150),YES,,
simgos,transcranial_doppler_examinations,4,vessel,varchar(20),YES,,
simgos,transcranial_doppler_examinations,5,mean_velocity_cm_s,"decimal(5,1)",YES,,
simgos,transcranial_doppler_examinations,6,pulsatility_index,"decimal(4,2)",YES,,
simgos,transcranial_doppler_examinations,7,findings,text,YES,,
simgos,transcranial_doppler_examinations,8,examined_at,timestamp,YES,,
simgos,transcranial_doppler_examinations,9,created_at,timestamp,YES,,
simgos,transcranial_doppler_examinations,10,updated_at,timestamp,YES,,
simgos,transcranial_doppler_windows,1,id,"bigint unsigned",NO,PRI,auto_increment
simgos,transcranial_doppler_windows,2,transcranial_doppler_examination_id,"bigint unsigned",NO,MUL,
simgos,transcranial_doppler_windows,3,window_site,varchar(30),NO,,
simgos,transcranial_doppler_windows,4,signal_quality,varchar(20),YES,,
simgos,transcranial_doppler_windows,5,depth_mm,"smallint unsigned",YES,,
simgos,transcranial_doppler_windows,6,velocity_cm_s,"decimal(5,1)",YES,,
simgos,transcranial_doppler_windows,7,created_at,timestamp,YES,,
simgos,transcranial_doppler_windows,8,updated_at,timestamp,YES,,
simgos,transfer_medication_reconciliation_items,1,id,"bigint unsigned",NO,PRI,auto_increment
simgos,transfer_medication_reconciliation_items,2,reconciliation_id,"bigint unsigned",NO,MUL,
simgos,transfer_medication_reconciliation_items,3,drug_name,varchar(255),NO,,
simgos,transfer_medication_reconciliation_items,4,dose,varchar(50),YES,,
simgos,transfer_medication_reconciliation_items,5,frequency,varchar(50),YES,,
simgos,transfer_medication_reconciliation_items,6,route,varchar(30),YES,,
simgos,transfer_medication_reconciliation_items,7,action,varchar(20),NO,,
simgos,transfer_medication_reconciliation_items,8,reason,varchar(255),YES,,
simgos,transfer_medication_reconciliation_items,9,created_at,timestamp,YES,,
simgos,transfer_medication_reconciliation_items,10,updated_at,timestamp,YES,,
simgos,transfer_medication_reconciliations,1,id,"bigint unsigned",NO,PRI,auto_increment
simgos,transfer_medication_reconciliations,2,visit_id,"bigint unsigned",NO,MUL,
simgos,transfer_medication_reconciliations,3,reconciled_by,"bigint unsigned",NO,MUL,
simgos,transfer_medication_reconciliations,4,created_by,"bigint unsigned",YES,MUL,
simgos,transfer_medication_reconciliations,5,transferred_to_ward_id,"bigint unsigned",NO,MUL,
simgos,transfer_medication_reconciliations,6,source_of_medication_list,varchar(255),YES,,
simgos,transfer_medication_reconciliations,7,notes,text,YES,,
simgos,transfer_medication_reconciliations,8,status,varchar(20),NO,,
simgos,transfer_medication_reconciliations,9,reconciled_at,datetime,NO,,
simgos,transfer_medication_reconciliations,10,created_at,timestamp,YES,,
simgos,transfer_medication_reconciliations,11,updated_at,timestamp,YES,,
simgos,treatment_histories,1,id,"bigint unsigned",NO,PRI,auto_increment
simgos,treatment_histories,2,visit_id,"bigint unsigned",NO,MUL,
simgos,treatment_histories,3,created_by,"bigint unsigned",YES,MUL,
simgos,treatment_histories,4,treatment_description,text,NO,,
simgos,treatment_histories,5,facility_name,varchar(255),YES,,
simgos,treatment_histories,6,treatment_date,date,YES,,
simgos,treatment_histories,7,outcome,varchar(255),YES,,
simgos,treatment_histories,8,created_at,timestamp,YES,,
simgos,treatment_histories,9,updated_at,timestamp,YES,,
simgos,treatment_protocol_step_drugs,1,id,"bigint unsigned",NO,PRI,auto_increment
simgos,treatment_protocol_step_drugs,2,treatment_protocol_step_id,"bigint unsigned",NO,MUL,
simgos,treatment_protocol_step_drugs,3,drug_name,varchar(150),NO,,
simgos,treatment_protocol_step_drugs,4,dosage,varchar(50),NO,,
simgos,treatment_protocol_step_drugs,5,frequency,varchar(50),NO,,
simgos,treatment_protocol_step_drugs,6,route,varchar(50),YES,,
simgos,treatment_protocol_step_drugs,7,created_at,timestamp,YES,,
simgos,treatment_protocol_step_drugs,8,updated_at,timestamp,YES,,
simgos,treatment_protocol_steps,1,id,"bigint unsigned",NO,PRI,auto_increment
simgos,treatment_protocol_steps,2,treatment_protocol_id,"bigint unsigned",NO,MUL,
simgos,treatment_protocol_steps,3,sequence,"int unsigned",NO,,
simgos,treatment_protocol_steps,4,instruction,varchar(255),NO,,
simgos,treatment_protocol_steps,5,scheduled_at,datetime,YES,,
simgos,treatment_protocol_steps,6,status,varchar(255),NO,,
simgos,treatment_protocol_steps,7,created_at,timestamp,YES,,
simgos,treatment_protocol_steps,8,updated_at,timestamp,YES,,
simgos,treatment_protocols,1,id,"bigint unsigned",NO,PRI,auto_increment
simgos,treatment_protocols,2,visit_id,"bigint unsigned",NO,MUL,
simgos,treatment_protocols,3,protocol_name,varchar(150),NO,,
simgos,treatment_protocols,4,prescribed_by,"bigint unsigned",NO,MUL,
simgos,treatment_protocols,5,started_at,datetime,NO,,
simgos,treatment_protocols,6,ended_at,datetime,YES,,
simgos,treatment_protocols,7,status,varchar(255),NO,,
simgos,treatment_protocols,8,notes,text,YES,,
simgos,treatment_protocols,9,created_by,"bigint unsigned",YES,MUL,
simgos,treatment_protocols,10,created_at,timestamp,YES,,
simgos,treatment_protocols,11,updated_at,timestamp,YES,,
simgos,triages,1,id,"bigint unsigned",NO,PRI,auto_increment
simgos,triages,2,visit_id,"bigint unsigned",NO,MUL,
simgos,triages,3,level,"tinyint unsigned",NO,,
simgos,triages,4,chief_complaint,text,YES,,
simgos,triages,5,assessed_by,"bigint unsigned",NO,MUL,
simgos,triages,6,assessed_at,datetime,NO,,
simgos,triages,7,notes,text,YES,,
simgos,triages,8,created_by,"bigint unsigned",YES,MUL,
simgos,triages,9,created_at,timestamp,YES,,
simgos,triages,10,updated_at,timestamp,YES,,
simgos,tumor_assessments,1,id,"bigint unsigned",NO,PRI,auto_increment
simgos,tumor_assessments,2,visit_id,"bigint unsigned",NO,MUL,
simgos,tumor_assessments,3,diagnosis_id,"bigint unsigned",YES,MUL,
simgos,tumor_assessments,4,assessed_by,"bigint unsigned",NO,MUL,
simgos,tumor_assessments,5,created_by,"bigint unsigned",YES,MUL,
simgos,tumor_assessments,6,tumor_location,varchar(255),NO,,
simgos,tumor_assessments,7,size_cm,"decimal(5,2)",YES,,
simgos,tumor_assessments,8,tnm_t,varchar(10),YES,,
simgos,tumor_assessments,9,tnm_n,varchar(10),YES,,
simgos,tumor_assessments,10,tnm_m,varchar(10),YES,,
simgos,tumor_assessments,11,grade,varchar(10),YES,,
simgos,tumor_assessments,12,notes,text,YES,,
simgos,tumor_assessments,13,assessed_at,datetime,NO,,
simgos,tumor_assessments,14,created_at,timestamp,YES,,
simgos,tumor_assessments,15,updated_at,timestamp,YES,,
simgos,ultrasound_guided_procedures,1,id,"bigint unsigned",NO,PRI,auto_increment
simgos,ultrasound_guided_procedures,2,patient_id,"bigint unsigned",NO,MUL,
simgos,ultrasound_guided_procedures,3,visit_id,"bigint unsigned",NO,MUL,
simgos,ultrasound_guided_procedures,4,doctor_id,"bigint unsigned",YES,MUL,
simgos,ultrasound_guided_procedures,5,procedure_name,varchar(255),NO,,
simgos,ultrasound_guided_procedures,6,target_site,varchar(255),YES,,
simgos,ultrasound_guided_procedures,7,needle_gauge,varchar(255),YES,,
simgos,ultrasound_guided_procedures,8,findings_and_outcome,text,YES,,
simgos,ultrasound_guided_procedures,9,complications,text,YES,,
simgos,ultrasound_guided_procedures,10,performed_at,datetime,NO,,
simgos,ultrasound_guided_procedures,11,created_by,"bigint unsigned",YES,MUL,
simgos,ultrasound_guided_procedures,12,created_at,timestamp,YES,,
simgos,ultrasound_guided_procedures,13,updated_at,timestamp,YES,,
simgos,unit_of_measures,1,id,"bigint unsigned",NO,PRI,auto_increment
simgos,unit_of_measures,2,name,varchar(255),NO,UNI,
simgos,unit_of_measures,3,code,varchar(10),YES,UNI,
simgos,unit_of_measures,4,abbreviation,varchar(20),YES,,
simgos,unit_of_measures,5,is_active,tinyint(1),NO,,
simgos,unit_of_measures,6,created_at,timestamp,YES,,
simgos,unit_of_measures,7,updated_at,timestamp,YES,,
simgos,upper_arm_examinations,1,id,"bigint unsigned",NO,PRI,auto_increment
simgos,upper_arm_examinations,2,visit_id,"bigint unsigned",NO,,
simgos,upper_arm_examinations,3,side,varchar(20),YES,,
simgos,upper_arm_examinations,4,muscle_strength,varchar(10),YES,,
simgos,upper_arm_examinations,5,range_of_motion,varchar(100),YES,,
simgos,upper_arm_examinations,6,deformity,tinyint(1),NO,,
simgos,upper_arm_examinations,7,findings,text,YES,,
simgos,upper_arm_examinations,8,examined_at,timestamp,YES,,
simgos,upper_arm_examinations,9,created_at,timestamp,YES,,
simgos,upper_arm_examinations,10,updated_at,timestamp,YES,,
simgos,upper_gi_tract_examinations,1,id,"bigint unsigned",NO,PRI,auto_increment
simgos,upper_gi_tract_examinations,2,visit_id,"bigint unsigned",NO,,
simgos,upper_gi_tract_examinations,3,procedure_type,varchar(50),NO,,
simgos,upper_gi_tract_examinations,4,esophagus_findings,text,YES,,
simgos,upper_gi_tract_examinations,5,stomach_findings,text,YES,,
simgos,upper_gi_tract_examinations,6,duodenum_findings,text,YES,,
simgos,upper_gi_tract_examinations,7,hpylori_result,varchar(20),YES,,
simgos,upper_gi_tract_examinations,8,examined_at,timestamp,YES,,
simgos,upper_gi_tract_examinations,9,created_at,timestamp,YES,,
simgos,upper_gi_tract_examinations,10,updated_at,timestamp,YES,,
simgos,users,1,id,"bigint unsigned",NO,PRI,auto_increment
simgos,users,2,name,varchar(255),NO,,
simgos,users,3,username,varchar(255),NO,UNI,
simgos,users,4,email,varchar(255),NO,UNI,
simgos,users,5,password,varchar(255),NO,,
simgos,users,6,is_locked,tinyint(1),NO,,
simgos,users,7,is_active,tinyint(1),NO,,
simgos,users,8,active_until,date,YES,,
simgos,users,9,password_changed_at,timestamp,YES,,
simgos,users,10,remember_token,varchar(100),YES,,
simgos,users,11,created_at,timestamp,YES,,
simgos,users,12,updated_at,timestamp,YES,,
simgos,video_attachments,1,id,"bigint unsigned",NO,PRI,auto_increment
simgos,video_attachments,2,patient_id,"bigint unsigned",YES,MUL,
simgos,video_attachments,3,visit_id,"bigint unsigned",YES,MUL,
simgos,video_attachments,4,title,varchar(255),NO,,
simgos,video_attachments,5,file_path,varchar(255),NO,,
simgos,video_attachments,6,mime_type,varchar(255),YES,,
simgos,video_attachments,7,duration_seconds,int,YES,,
simgos,video_attachments,8,recorded_by,"bigint unsigned",YES,MUL,
simgos,video_attachments,9,notes,text,YES,,
simgos,video_attachments,10,is_active,tinyint(1),NO,,
simgos,video_attachments,11,created_at,timestamp,YES,,
simgos,video_attachments,12,updated_at,timestamp,YES,,
simgos,visit_cancellations,1,id,"bigint unsigned",NO,PRI,auto_increment
simgos,visit_cancellations,2,visit_id,"bigint unsigned",NO,MUL,
simgos,visit_cancellations,3,cancelled_at,datetime,NO,,
simgos,visit_cancellations,4,cancelled_by,"bigint unsigned",YES,MUL,
simgos,visit_cancellations,5,reason,text,YES,,
simgos,visit_cancellations,6,created_at,timestamp,YES,,
simgos,visit_cancellations,7,updated_at,timestamp,YES,,
simgos,visit_date_changes,1,id,"bigint unsigned",NO,PRI,auto_increment
simgos,visit_date_changes,2,visit_id,"bigint unsigned",NO,MUL,
simgos,visit_date_changes,3,old_date,date,NO,,
simgos,visit_date_changes,4,new_date,date,NO,,
simgos,visit_date_changes,5,changed_by,"bigint unsigned",YES,MUL,
simgos,visit_date_changes,6,reason,text,YES,,
simgos,visit_date_changes,7,created_at,timestamp,YES,,
simgos,visit_date_changes,8,updated_at,timestamp,YES,,
simgos,visits,1,id,"bigint unsigned",NO,PRI,auto_increment
simgos,visits,2,visit_number,varchar(255),YES,UNI,
simgos,visits,3,registration_id,"bigint unsigned",NO,MUL,
simgos,visits,4,attending_physician_id,"bigint unsigned",YES,MUL,
simgos,visits,5,ward_id,"bigint unsigned",YES,MUL,
simgos,visits,6,bed_id,"bigint unsigned",YES,MUL,
simgos,visits,7,admitted_at,datetime,NO,,
simgos,visits,8,discharged_at,datetime,YES,,
simgos,visits,9,is_new_visit,tinyint(1),NO,,
simgos,visits,10,is_deposit,tinyint(1),NO,,
simgos,visits,11,deposit_class_id,"bigint unsigned",YES,MUL,
simgos,visits,12,received_by,"bigint unsigned",YES,MUL,
simgos,visits,13,final_outcome,varchar(255),YES,,
simgos,visits,14,discharge_disposition_code,varchar(32),YES,,
simgos,visits,15,discharge_disposition_text,varchar(255),YES,,
simgos,visits,16,discharge_disposition_recorded_by,"bigint unsigned",YES,MUL,
simgos,visits,17,discharge_disposition_recorded_at,timestamp,YES,,
simgos,visits,18,final_outcome_by,"bigint unsigned",YES,MUL,
simgos,visits,19,final_outcome_at,datetime,YES,,
simgos,visits,20,status,varchar(255),NO,,
simgos,visits,21,created_at,timestamp,YES,,
simgos,visits,22,updated_at,timestamp,YES,,
simgos,vital_signs,1,id,"bigint unsigned",NO,PRI,auto_increment
simgos,vital_signs,2,visit_id,"bigint unsigned",NO,MUL,
simgos,vital_signs,3,recorded_at,datetime,NO,,
simgos,vital_signs,4,temperature,"decimal(4,1)",YES,,
simgos,vital_signs,5,pulse,"smallint unsigned",YES,,
simgos,vital_signs,6,respiratory_rate,"smallint unsigned",YES,,
simgos,vital_signs,7,systolic,"smallint unsigned",YES,,
simgos,vital_signs,8,diastolic,"smallint unsigned",YES,,
simgos,vital_signs,9,oxygen_saturation,"tinyint unsigned",YES,,
simgos,vital_signs,10,pain_scale,"tinyint unsigned",YES,,
simgos,vital_signs,11,recorded_by,"bigint unsigned",NO,MUL,
simgos,vital_signs,12,created_by,"bigint unsigned",YES,MUL,
simgos,vital_signs,13,created_at,timestamp,YES,,
simgos,vital_signs,14,updated_at,timestamp,YES,,
simgos,ward_class_assignments,1,id,"bigint unsigned",NO,PRI,auto_increment
simgos,ward_class_assignments,2,ward_id,"bigint unsigned",NO,MUL,
simgos,ward_class_assignments,3,room_class_id,"bigint unsigned",NO,MUL,
simgos,ward_class_assignments,4,created_at,timestamp,YES,,
simgos,ward_class_assignments,5,updated_at,timestamp,YES,,
simgos,ward_item_stocks,1,id,"bigint unsigned",NO,PRI,auto_increment
simgos,ward_item_stocks,2,item_id,"bigint unsigned",NO,MUL,
simgos,ward_item_stocks,3,ward_id,"bigint unsigned",NO,MUL,
simgos,ward_item_stocks,4,quantity,"int unsigned",NO,,
simgos,ward_item_stocks,5,created_at,timestamp,YES,,
simgos,ward_item_stocks,6,updated_at,timestamp,YES,,
simgos,ward_queues,1,id,"bigint unsigned",NO,PRI,auto_increment
simgos,ward_queues,2,ward_id,"bigint unsigned",NO,MUL,
simgos,ward_queues,3,queue_number,"int unsigned",NO,,
simgos,ward_queues,4,visit_id,"bigint unsigned",YES,MUL,
simgos,ward_queues,5,called_at,datetime,YES,,
simgos,ward_queues,6,status,varchar(255),NO,,
simgos,ward_queues,7,created_at,timestamp,YES,,
simgos,ward_queues,8,updated_at,timestamp,YES,,
simgos,ward_services,1,id,"bigint unsigned",NO,PRI,auto_increment
simgos,ward_services,2,ward_id,"bigint unsigned",NO,MUL,
simgos,ward_services,3,service_id,"bigint unsigned",NO,MUL,
simgos,ward_services,4,is_active,tinyint(1),NO,,
simgos,ward_services,5,created_at,timestamp,YES,,
simgos,ward_services,6,updated_at,timestamp,YES,,
simgos,ward_stock_transactions,1,id,"bigint unsigned",NO,PRI,auto_increment
simgos,ward_stock_transactions,2,ward_id,"bigint unsigned",NO,MUL,
simgos,ward_stock_transactions,3,item_id,"bigint unsigned",NO,MUL,
simgos,ward_stock_transactions,4,type,varchar(255),NO,,
simgos,ward_stock_transactions,5,quantity,"int unsigned",NO,,
simgos,ward_stock_transactions,6,performed_by,"bigint unsigned",NO,MUL,
simgos,ward_stock_transactions,7,performed_at,datetime,NO,,
simgos,ward_stock_transactions,8,notes,text,YES,,
simgos,ward_stock_transactions,9,created_at,timestamp,YES,,
simgos,ward_stock_transactions,10,updated_at,timestamp,YES,,
simgos,ward_tariffs,1,id,"bigint unsigned",NO,PRI,auto_increment
simgos,ward_tariffs,2,ward_id,"bigint unsigned",YES,,
simgos,ward_tariffs,3,room_class_id,"bigint unsigned",YES,,
simgos,ward_tariffs,4,price,"decimal(15,2)",NO,,
simgos,ward_tariffs,5,effective_date,date,YES,,
simgos,ward_tariffs,6,is_active,tinyint(1),NO,,
simgos,ward_tariffs,7,created_at,timestamp,YES,,
simgos,ward_tariffs,8,updated_at,timestamp,YES,,
simgos,ward_tariffs,9,sarana,"decimal(15,2)",NO,,
simgos,ward_tariffs,10,jasa_pelayanan,"decimal(15,2)",NO,,
simgos,ward_tariffs,11,decree_number,varchar(255),YES,,
simgos,ward_tariffs,12,decree_date,date,YES,,
simgos,ward_transfer_routes,1,id,"bigint unsigned",NO,PRI,auto_increment
simgos,ward_transfer_routes,2,from_ward_id,"bigint unsigned",NO,MUL,
simgos,ward_transfer_routes,3,to_ward_id,"bigint unsigned",NO,MUL,
simgos,ward_transfer_routes,4,requires_approval,tinyint(1),NO,,
simgos,ward_transfer_routes,5,is_active,tinyint(1),NO,,
simgos,ward_transfer_routes,6,created_at,timestamp,YES,,
simgos,ward_transfer_routes,7,updated_at,timestamp,YES,,
simgos,ward_types,1,id,"bigint unsigned",NO,PRI,auto_increment
simgos,ward_types,2,name,varchar(255),NO,UNI,
simgos,ward_types,3,code,varchar(10),YES,UNI,
simgos,ward_types,4,is_active,tinyint(1),NO,,
simgos,ward_types,5,created_at,timestamp,YES,,
simgos,ward_types,6,updated_at,timestamp,YES,,
simgos,ward_visit_types,1,id,"bigint unsigned",NO,PRI,auto_increment
simgos,ward_visit_types,2,name,varchar(255),NO,UNI,
simgos,ward_visit_types,3,code,varchar(10),YES,UNI,
simgos,ward_visit_types,4,is_active,tinyint(1),NO,,
simgos,ward_visit_types,5,created_at,timestamp,YES,,
simgos,ward_visit_types,6,updated_at,timestamp,YES,,
simgos,wards,1,id,"bigint unsigned",NO,PRI,auto_increment
simgos,wards,2,name,varchar(255),NO,,
simgos,wards,3,type_id,"bigint unsigned",YES,MUL,
simgos,wards,4,visit_type_id,"bigint unsigned",YES,MUL,
simgos,wards,5,bpjs_poli_code,varchar(255),YES,MUL,
simgos,wards,6,allows_request,tinyint(1),NO,,
simgos,wards,7,created_by,"bigint unsigned",YES,MUL,
simgos,wards,8,is_active,tinyint(1),NO,,
simgos,wards,9,created_at,timestamp,YES,,
simgos,wards,10,updated_at,timestamp,YES,,
temp,temp,1,ID,int,YES,,
tte,logs,1,ID,int,NO,PRI,auto_increment
tte,logs,2,PROVIDER_ID,tinyint,NO,MUL,
tte,logs,3,TANGGAL,datetime,NO,MUL,
tte,logs,4,OLEH,smallint,NO,,
tte,logs,5,STATUS_CODE,smallint,NO,,
tte,logs,6,RESPONSE,varchar(1000),NO,,
tte,logs,7,IP,char(15),NO,,
tte,logs,8,REF_ID,char(36),NO,,
tte,sign,1,ID,char(36),NO,PRI,
tte,sign,2,PROVIDER_ID,tinyint,NO,MUL,
tte,sign,3,PROVIDER_REF_ID,char(36),NO,,
tte,sign,4,TTD_OLEH,char(16),NO,,
tte,sign,5,TTD_TANGGAL,datetime,NO,,
tte,sign,6,REF_ID,char(36),NO,MUL,
tte,sign,7,REF_JENIS,tinyint,NO,MUL,
