nama_schema,nama_tabel,nama_index,tidak_unik,urutan,nama_kolom,jenis_index
aplikasi,allow_ip_authentication,NOMOR,0,1,NOMOR,BTREE
aplikasi,allow_ip_authentication,PRIMARY,0,1,ID,BTREE
aplikasi,automaticexecute,PRIMARY,0,1,ID,BTREE
aplikasi,automaticexecute_02,PRIMARY,0,1,ID,BTREE
aplikasi,automaticexecute_03,PRIMARY,0,1,ID,BTREE
aplikasi,group_pengguna_akses_module,PRIMARY,0,1,ID,BTREE
aplikasi,info_teks,JENIS,1,1,JENIS,BTREE
aplikasi,info_teks,PRIMARY,0,1,ID,BTREE
aplikasi,info_teks,PUBLISH,1,1,PUBLISH,BTREE
aplikasi,info_teks,STATUS,1,1,STATUS,BTREE
aplikasi,instansi,PPK,0,1,PPK,BTREE
aplikasi,instansi,PRIMARY,0,1,ID,BTREE
aplikasi,integrasi,PRIMARY,0,1,ID,BTREE
aplikasi,integrasi,REF,1,1,REF,BTREE
aplikasi,modules,IDX,1,1,IDX,BTREE
aplikasi,modules,PRIMARY,0,1,ID,BTREE
aplikasi,oauth2,CLIENT_ID,1,1,CLIENT_ID,BTREE
aplikasi,oauth2,PRIMARY,0,1,ID,BTREE
aplikasi,oauth2,STATUS,1,1,STATUS,BTREE
aplikasi,oauth2_access,EXPIRED,1,1,REVOKED,BTREE
aplikasi,oauth2_access,OAUTH2_ID,1,1,OAUTH2_ID,BTREE
aplikasi,oauth2_access,PRIMARY,0,1,ID,BTREE
aplikasi,oauth2_access,TOKEN_HASH,1,1,TOKEN_HASH,BTREE
aplikasi,objek,PRIMARY,0,1,ID,BTREE
aplikasi,objek,TABEL_ENTITY_SERVICE,0,1,TABEL,BTREE
aplikasi,objek,TABEL_ENTITY_SERVICE,0,2,ENTITY,BTREE
aplikasi,objek,TABEL_ENTITY_SERVICE,0,3,SERVICE,BTREE
aplikasi,pengaturan_awal_referensi,PRIMARY,0,1,JENIS,BTREE
aplikasi,pengguna,JENIS,1,1,JENIS,BTREE
aplikasi,pengguna,LOCK_APP,1,1,LOCK_APP,BTREE
aplikasi,pengguna,LOGIN,1,1,LOGIN,BTREE
aplikasi,pengguna,MASA_AKTIF,1,1,MASA_AKTIF,BTREE
aplikasi,pengguna,NIK,1,1,NIK,BTREE
aplikasi,pengguna,NIP,1,1,NIP,BTREE
aplikasi,pengguna,PRIMARY,0,1,ID,BTREE
aplikasi,pengguna,STATUS,1,1,STATUS,BTREE
aplikasi,pengguna_akses,GROUP_PENGGUNA_AKSES_MODULE,1,1,GROUP_PENGGUNA_AKSES_MODULE,BTREE
aplikasi,pengguna_akses,PENGGUNA,1,1,PENGGUNA,BTREE
aplikasi,pengguna_akses,PRIMARY,0,1,ID,BTREE
aplikasi,pengguna_akses_ruangan,PENGGUNA,1,1,PENGGUNA,BTREE
aplikasi,pengguna_akses_ruangan,PENGGUNA_STATUS,1,1,PENGGUNA,BTREE
aplikasi,pengguna_akses_ruangan,PENGGUNA_STATUS,1,2,STATUS,BTREE
aplikasi,pengguna_akses_ruangan,PRIMARY,0,1,ID,BTREE
aplikasi,pengguna_akses_ruangan,RUANGAN,1,1,RUANGAN,BTREE
aplikasi,pengguna_akses_ruangan,STATUS,1,1,STATUS,BTREE
aplikasi,pengguna_akses_ruangan,TANGGAL,1,1,TANGGAL,BTREE
aplikasi,pengguna_log,LOKASI_AKSES,1,1,LOKASI_AKSES,BTREE
aplikasi,pengguna_log,PENGGUNA,1,1,PENGGUNA,BTREE
aplikasi,pengguna_log,PRIMARY,0,1,ID,BTREE
aplikasi,pengguna_log,TANGGAL_AKSES,1,1,TANGGAL_AKSES,BTREE
aplikasi,pengguna_log,TUJUAN_AKSES,1,1,TUJUAN_AKSES,BTREE
aplikasi,petunjuk,IDX,1,1,IDX,BTREE
aplikasi,petunjuk,LEVEL,1,1,LEVEL,BTREE
aplikasi,petunjuk,PRIMARY,0,1,ID,BTREE
aplikasi,petunjuk,STATUS,1,1,STATUS,BTREE
aplikasi,printer_list,PRIMARY,0,1,ID,BTREE
aplikasi,properti_config,JENIS,1,1,JENIS,BTREE
aplikasi,properti_config,NAMA,1,1,NAMA,BTREE
aplikasi,properti_config,PRIMARY,0,1,ID,BTREE
aplikasi,signature,PRIMARY,0,1,X_ID,BTREE
aplikasi,sinkronisasi,ID_TERAKHIR,1,1,ID_TERAKHIR,BTREE
aplikasi,sinkronisasi,PRIMARY,0,1,ID,BTREE
aplikasi,sinkronisasi,TANGGAL,1,1,TANGGAL_TERAKHIR,BTREE
berkas_klaim,berkas,PENJAMIN_JENIS_TAHUN_BULAN,0,1,PENJAMIN_ID,BTREE
berkas_klaim,berkas,PENJAMIN_JENIS_TAHUN_BULAN,0,2,JENIS,BTREE
berkas_klaim,berkas,PENJAMIN_JENIS_TAHUN_BULAN,0,3,TAHUN,BTREE
berkas_klaim,berkas,PENJAMIN_JENIS_TAHUN_BULAN,0,4,BULAN,BTREE
berkas_klaim,berkas,PRIMARY,0,1,ID,BTREE
berkas_klaim,berkas,TANGGAL_DIBUAT,1,1,TANGGAL,BTREE
berkas_klaim,berkas_detil,BERKASI_ID,1,1,BERKAS_ID,BTREE
berkas_klaim,berkas_detil,PRIMARY,0,1,ID,BTREE
berkas_klaim,berkas_detil,SEP_NO,1,1,NOMOR,BTREE
berkas_klaim,dokumen_pendukung,BERKAS,1,1,BERKAS,BTREE
berkas_klaim,dokumen_pendukung,NOSEP,1,1,NOSEP,BTREE
berkas_klaim,dokumen_pendukung,PRIMARY,0,1,ID,BTREE
berkas_klaim,kelengkapan,PRIMARY,0,1,NOPEN,BTREE
berkas_klaim,kelengkapan,STATUS,1,1,STATUS,BTREE
berkas_klaim,kelengkapan_komentar,NOPEN,1,1,NOPEN,BTREE
berkas_klaim,kelengkapan_komentar,PRIMARY,0,1,ID,BTREE
berkas_klaim,kelengkapan_komentar,REPLY_FROM,1,1,REPLY_FROM,BTREE
berkas_klaim,lab_klinik,NORM,1,1,NORM,BTREE
berkas_klaim,lab_klinik,NORM_NOSEP,0,1,NORM,BTREE
berkas_klaim,lab_klinik,NORM_NOSEP,0,2,NOSEP,BTREE
berkas_klaim,lab_klinik,NOSEP,1,1,NOSEP,BTREE
berkas_klaim,lab_klinik,PRIMARY,0,1,ID,BTREE
berkas_klaim,lab_klinik,STATUS,1,1,STATUS,BTREE
berkas_klaim,lab_klinik_detil,HASIL_LAB,1,1,HASIL_LAB,BTREE
berkas_klaim,lab_klinik_detil,LAB_KLINIK,1,1,LAB_KLINIK,BTREE
berkas_klaim,lab_klinik_detil,PRIMARY,0,1,ID,BTREE
berkas_klaim,lab_klinik_detil,STATUS,1,1,STATUS,BTREE
berkas_klaim,lab_klinik_detil,TINDAKAN_MEDIS,1,1,TINDAKAN_MEDIS,BTREE
berkas_klaim,obat_farmasi,NOSEP,1,1,NOSEP,BTREE
berkas_klaim,obat_farmasi,PENDAFTARAN,1,1,PENDAFTARAN,BTREE
berkas_klaim,obat_farmasi,PENDAFTARAN_NOSEP,0,1,PENDAFTARAN,BTREE
berkas_klaim,obat_farmasi,PENDAFTARAN_NOSEP,0,2,NOSEP,BTREE
berkas_klaim,obat_farmasi,PRIMARY,0,1,ID,BTREE
berkas_klaim,obat_farmasi,STATUS,1,1,STATUS,BTREE
berkas_klaim,obat_farmasi_detil,KUNJUNGAN,1,1,KUNJUNGAN,BTREE
berkas_klaim,obat_farmasi_detil,OBAT_FARMASI,1,1,OBAT_FARMASI,BTREE
berkas_klaim,obat_farmasi_detil,PRIMARY,0,1,ID,BTREE
berkas_klaim,obat_farmasi_detil,STATUS,1,1,STATUS,BTREE
berkas_klaim,obat_farmasi_detil,UNIQUE_KUNJUNGAN,0,1,KUNJUNGAN,BTREE
berkas_klaim,patologi_anatomi,NORM,1,1,NORM,BTREE
berkas_klaim,patologi_anatomi,NORM_NOSEP,0,1,NORM,BTREE
berkas_klaim,patologi_anatomi,NORM_NOSEP,0,2,NOSEP,BTREE
berkas_klaim,patologi_anatomi,NOSEP,1,1,NOSEP,BTREE
berkas_klaim,patologi_anatomi,PRIMARY,0,1,ID,BTREE
berkas_klaim,patologi_anatomi,STATUS,1,1,STATUS,BTREE
berkas_klaim,patologi_anatomi_detil,HASIL_PA,1,1,HASIL_PA,BTREE
berkas_klaim,patologi_anatomi_detil,PATOLOGI_ANATOMI,1,1,PATOLOGI_ANATOMI,BTREE
berkas_klaim,patologi_anatomi_detil,PRIMARY,0,1,ID,BTREE
berkas_klaim,patologi_anatomi_detil,STATUS,1,1,STATUS,BTREE
berkas_klaim,radiologi,NORM,1,1,NORM,BTREE
berkas_klaim,radiologi,NORM_NOSEP,0,1,NORM,BTREE
berkas_klaim,radiologi,NORM_NOSEP,0,2,NOSEP,BTREE
berkas_klaim,radiologi,NOSEP,1,1,NOSEP,BTREE
berkas_klaim,radiologi,PRIMARY,0,1,ID,BTREE
berkas_klaim,radiologi,STATUS,1,1,STATUS,BTREE
berkas_klaim,radiologi_detil,HASIL_RAD,1,1,HASIL_RAD,BTREE
berkas_klaim,radiologi_detil,PRIMARY,0,1,ID,BTREE
berkas_klaim,radiologi_detil,RADIOLOGI,1,1,RADIOLOGI,BTREE
berkas_klaim,radiologi_detil,STATUS,1,1,STATUS,BTREE
berkas_klaim,temp_daftar_dokumen,NOPEN,1,1,NOPEN,BTREE
bpjs,dpjp,PRIMARY,0,1,kode,BTREE
bpjs,jenis_referensi,PRIMARY,0,1,id,BTREE
bpjs,kamar,PRIMARY,0,1,kodekelas,BTREE
bpjs,klaim,jenisPelayanan,1,1,jenisPelayanan,BTREE
bpjs,klaim,peserta_noKartu,1,1,peserta_noKartu,BTREE
bpjs,klaim,PRIMARY,0,1,noSEP,BTREE
bpjs,klaim,status_id,1,1,status_id,BTREE
bpjs,klaim,tglPulang,1,1,tglPulang,BTREE
bpjs,klaim,tglSep,1,1,tglSep,BTREE
bpjs,kunjungan,noSuratSKDP,1,1,noSuratSKDP,BTREE
bpjs,kunjungan,noTrans,1,1,noTrans,BTREE
bpjs,kunjungan,PRIMARY,0,1,noKartu,BTREE
bpjs,kunjungan,PRIMARY,0,2,noSEP,BTREE
bpjs,kunjungan,tglSEP,1,1,tglSEP,BTREE
bpjs,lpk,PRIMARY,0,1,noSep,BTREE
bpjs,map_kelas,kelas_kelas_rs,0,1,kelas,BTREE
bpjs,map_kelas,kelas_kelas_rs,0,2,kelas_rs,BTREE
bpjs,map_kelas,PRIMARY,0,1,id,BTREE
bpjs,map_kelas,status,1,1,status,BTREE
bpjs,monitoring_rencana_kontrol,noKartu,1,1,noKartu,BTREE
bpjs,monitoring_rencana_kontrol,noSepAsalKontrol,1,1,noSepAsalKontrol,BTREE
bpjs,monitoring_rencana_kontrol,PRIMARY,0,1,noSuratKontrol,BTREE
bpjs,monitoring_rencana_kontrol,tglRencanaKontrol,1,1,tglRencanaKontrol,BTREE
bpjs,monitoring_rencana_kontrol,tglSEP,1,1,tglSEP,BTREE
bpjs,monitoring_rencana_kontrol,tglTerbitKontrol,1,1,tglTerbitKontrol,BTREE
bpjs,pengajuan,noKartu,1,1,noKartu,BTREE
bpjs,pengajuan,PRIMARY,0,1,noKartu,BTREE
bpjs,pengajuan,PRIMARY,0,2,tglSep,BTREE
bpjs,pengajuan,PRIMARY,0,3,jnsPelayanan,BTREE
bpjs,peserta,nik,1,1,nik,BTREE
bpjs,peserta,norm,1,1,norm,BTREE
bpjs,peserta,PRIMARY,0,1,noKartu,BTREE
bpjs,poli,PRIMARY,0,1,kode,BTREE
bpjs,ppk,PRIMARY,0,1,kode,BTREE
bpjs,prb,noKartu,1,1,noKartu,BTREE
bpjs,prb,PRIMARY,0,1,noSRB,BTREE
bpjs,referensi,jenis_referensi_id_kode,0,1,jenis_referensi_id,BTREE
bpjs,referensi,jenis_referensi_id_kode,0,2,kode,BTREE
bpjs,referensi,PRIMARY,0,1,id,BTREE
bpjs,rencana_kontrol,jnsKontrol,1,1,jnsKontrol,BTREE
bpjs,rencana_kontrol,noSEP,1,1,nomor,BTREE
bpjs,rencana_kontrol,PRIMARY,0,1,noSurat,BTREE
bpjs,rujukan,noSep,1,1,noSep,BTREE
bpjs,rujukan,PRIMARY,0,1,noRujukan,BTREE
bpjs,rujukan,tglRujukan,1,1,tglRujukan,BTREE
bpjs,rujukan_khusus,PRIMARY,0,1,noRujukan,BTREE
bpjs,rujukan_masuk,noKartu,1,1,noKartu,BTREE
bpjs,rujukan_masuk,PRIMARY,0,1,noKunjungan,BTREE
bpjs,rujukan_masuk,tglKunjungan,1,1,tglKunjungan,BTREE
bpjs,tempat_tidur,hapus_ruang,1,1,hapus_ruang,BTREE
bpjs,tempat_tidur,kirim,1,1,kirim,BTREE
bpjs,tempat_tidur,kodekelas_koderuang,0,1,kodekelas,BTREE
bpjs,tempat_tidur,kodekelas_koderuang,0,2,koderuang,BTREE
bpjs,tempat_tidur,PRIMARY,0,1,id,BTREE
bpjs,tempat_tidur,ruang_baru,1,1,ruang_baru,BTREE
bpjs-smartclaim,composition_id,pendaftaran_nomor_ref_id,0,1,ref_id,BTREE
bpjs-smartclaim,composition_id,pendaftaran_nomor_ref_id,0,2,type_code,BTREE
bpjs-smartclaim,composition_id,PRIMARY,0,1,id,BTREE
bpjs-smartclaim,condition_id,diagnosa_id,0,1,ref_id,BTREE
bpjs-smartclaim,condition_id,PRIMARY,0,1,id,BTREE
bpjs-smartclaim,diagnostic_report_id,PRIMARY,0,1,id,BTREE
bpjs-smartclaim,diagnostic_report_id,ref_id_category_code,0,1,ref_id,BTREE
bpjs-smartclaim,diagnostic_report_id,ref_id_category_code,0,2,category_code,BTREE
bpjs-smartclaim,encounter_id,pendaftaran_nomor,0,1,ref_id,BTREE
bpjs-smartclaim,encounter_id,PRIMARY,0,1,id,BTREE
bpjs-smartclaim,klaim,bulan,1,1,bulan,BTREE
bpjs-smartclaim,klaim,jenis_pelayanan_id,1,1,jenis_pelayanan_id,BTREE
bpjs-smartclaim,klaim,nomor_sep,0,1,no_sep,BTREE
bpjs-smartclaim,klaim,PRIMARY,0,1,id,BTREE
bpjs-smartclaim,klaim,status,1,1,status,BTREE
bpjs-smartclaim,klaim,tahun,1,1,tahun,BTREE
bpjs-smartclaim,medication_request_id,PRIMARY,0,1,id,BTREE
bpjs-smartclaim,medication_request_id,ref_id,1,1,ref_id,BTREE
bpjs-smartclaim,observation_id,category_code_ref_id,0,1,category_code,BTREE
bpjs-smartclaim,observation_id,category_code_ref_id,0,2,ref_id,BTREE
bpjs-smartclaim,observation_id,PRIMARY,0,1,id,BTREE
bpjs-smartclaim,organization_id,PRIMARY,0,1,id,BTREE
bpjs-smartclaim,organization_id,ruangan_id,0,1,ref_id,BTREE
bpjs-smartclaim,patient_id,norm,0,1,ref_id,BTREE
bpjs-smartclaim,patient_id,PRIMARY,0,1,id,BTREE
bpjs-smartclaim,practitioner_id,pegawai_id,0,1,ref_id,BTREE
bpjs-smartclaim,practitioner_id,PRIMARY,0,1,id,BTREE
bpjs-smartclaim,procedure_id,PRIMARY,0,1,id,BTREE
bpjs-smartclaim,procedure_id,prosedur_id,0,1,ref_id,BTREE
cetakan,karcis_pasien,JENIS,1,1,JENIS,BTREE
cetakan,karcis_pasien,NOPEN,1,1,NOPEN,BTREE
cetakan,karcis_pasien,PRIMARY,0,1,ID,BTREE
cetakan,karcis_pasien,TANGGAL,1,1,TANGGAL,BTREE
cetakan,kartu_pasien,JENIS,1,1,JENIS,BTREE
cetakan,kartu_pasien,NORM,1,1,NORM,BTREE
cetakan,kartu_pasien,PRIMARY,0,1,ID,BTREE
cetakan,kartu_pasien,TANGGAL,1,1,TANGGAL,BTREE
cetakan,kwitansi_pembayaran,JENIS_LAYANAN_ID,1,1,JENIS_LAYANAN_ID,BTREE
cetakan,kwitansi_pembayaran,NOMOR,0,1,NOMOR,BTREE
cetakan,kwitansi_pembayaran,PRIMARY,0,1,ID,BTREE
cetakan,kwitansi_pembayaran,STATUS,1,1,STATUS,BTREE
cetakan,kwitansi_pembayaran,TAGIHAN_TANGGAL,0,1,TAGIHAN,BTREE
cetakan,kwitansi_pembayaran,TAGIHAN_TANGGAL,0,2,TANGGAL,BTREE
cetakan,kwitansi_pembayaran,TUNAI,1,1,TUNAI,BTREE
document-storage,document,DOCUMENT_DIRECTORY_ID,1,1,DOCUMENT_DIRECTORY_ID,BTREE
document-storage,document,PRIMARY,0,1,ID,BTREE
document-storage,document,REFERENCE_ID,1,1,REFERENCE_ID,BTREE
document-storage,document_directory,PRIMARY,0,1,ID,BTREE
dukcapil,keluarga,PRIMARY,0,1,NO_KK,BTREE
dukcapil,penduduk,NO_KK,1,1,NO_KK,BTREE
dukcapil,penduduk,PRIMARY,0,1,NIK,BTREE
gambar,photo_pasien,PRIMARY,0,1,NORM,BTREE
gambar,photo_pegawai,PRIMARY,0,1,NIP,BTREE
generator,id_bridge_log,PRIMARY,0,1,TANGGAL,BTREE
generator,id_bridge_log,PRIMARY,0,2,NOMOR,BTREE
generator,id_farmasi,PRIMARY,0,1,TANGGAL,BTREE
generator,id_farmasi,PRIMARY,0,2,NOMOR,BTREE
generator,id_hasil_evaluasi_sst,PRIMARY,0,1,TANGGAL,BTREE
generator,id_hasil_evaluasi_sst,PRIMARY,0,2,NOMOR,BTREE
generator,id_hasil_lab,PRIMARY,0,1,TANGGAL,BTREE
generator,id_hasil_lab,PRIMARY,0,2,NOMOR,BTREE
generator,id_karcis,PRIMARY,0,1,TANGGAL,BTREE
generator,id_karcis,PRIMARY,0,2,NOMOR,BTREE
generator,id_kartu,PRIMARY,0,1,TANGGAL,BTREE
generator,id_kartu,PRIMARY,0,2,NOMOR,BTREE
generator,id_keluarga_pasien,PRIMARY,0,1,SHDK,BTREE
generator,id_keluarga_pasien,PRIMARY,0,2,NORM,BTREE
generator,id_keluarga_pasien,PRIMARY,0,3,JENIS_KELAMIN,BTREE
generator,id_keluarga_pasien,PRIMARY,0,4,ID,BTREE
generator,id_o2,PRIMARY,0,1,TANGGAL,BTREE
generator,id_o2,PRIMARY,0,2,NOMOR,BTREE
generator,id_parameter_tindakan_lab,PRIMARY,0,1,TINDAKAN,BTREE
generator,id_parameter_tindakan_lab,PRIMARY,0,2,NOMOR,BTREE
generator,id_pengguna_akses_log,PRIMARY,0,1,ID,BTREE
generator,id_pengguna_akses_log,TANGGAL,1,1,TANGGAL,BTREE
generator,id_pengguna_akses_log,TANGGAL_NOMOR,0,1,TANGGAL,BTREE
generator,id_pengguna_akses_log,TANGGAL_NOMOR,0,2,NOMOR,BTREE
generator,id_retur_farmasi,PRIMARY,0,1,TANGGAL,BTREE
generator,id_retur_farmasi,PRIMARY,0,2,NOMOR,BTREE
generator,id_tindakan_medis,PRIMARY,0,1,TANGGAL,BTREE
generator,id_tindakan_medis,PRIMARY,0,2,NOMOR,BTREE
generator,id_waktu_pelayanan_kpo,PRIMARY,0,1,TANGGAL,BTREE
generator,id_waktu_pelayanan_kpo,PRIMARY,0,2,NOMOR,BTREE
generator,kode_kejadian,PRIMARY,0,1,TANGGAL,BTREE
generator,kode_kejadian,PRIMARY,0,2,NOMOR,BTREE
generator,no_antrian,PRIMARY,0,1,TANGGAL,BTREE
generator,no_antrian,PRIMARY,0,2,NOMOR,BTREE
generator,no_antrian_ruangan,PRIMARY,0,1,RUANGAN,BTREE
generator,no_antrian_ruangan,PRIMARY,0,2,TANGGAL,BTREE
generator,no_antrian_ruangan,PRIMARY,0,3,NOMOR,BTREE
generator,no_farmasi_kpo,PRIMARY,0,1,RUANGAN,BTREE
generator,no_farmasi_kpo,PRIMARY,0,2,TANGGAL,BTREE
generator,no_farmasi_kpo,PRIMARY,0,3,NOMOR,BTREE
generator,no_formulir_antimikroba_approve,PRIMARY,0,1,FORMULIR,BTREE
generator,no_formulir_antimikroba_approve,PRIMARY,0,2,NOMOR,BTREE
generator,no_iterasi_obat,PRIMARY,0,1,KUNJUNGAN,BTREE
generator,no_iterasi_obat,PRIMARY,0,2,TANGGAL,BTREE
generator,no_iterasi_obat,PRIMARY,0,3,NOMOR,BTREE
generator,no_kejadian,PRIMARY,0,1,TAHUN,BTREE
generator,no_kejadian,PRIMARY,0,2,BULAN,BTREE
generator,no_kejadian,PRIMARY,0,3,NOMOR,BTREE
generator,no_konsul,PRIMARY,0,1,RUANGAN,BTREE
generator,no_konsul,PRIMARY,0,2,TANGGAL,BTREE
generator,no_konsul,PRIMARY,0,3,NOMOR,BTREE
generator,no_kontrol,PRIMARY,0,1,TAHUN,BTREE
generator,no_kontrol,PRIMARY,0,2,NOMOR,BTREE
generator,no_kuitansi,PRIMARY,0,1,ID,BTREE
generator,no_kuitansi,TANGGAL,1,1,TANGGAL,BTREE
generator,no_kuitansi,TANGGAL_NOMOR,0,1,TANGGAL,BTREE
generator,no_kuitansi,TANGGAL_NOMOR,0,2,URUT,BTREE
generator,no_kunjungan,PRIMARY,0,1,RUANGAN,BTREE
generator,no_kunjungan,PRIMARY,0,2,TANGGAL,BTREE
generator,no_kunjungan,PRIMARY,0,3,NOMOR,BTREE
generator,no_material_request,PRIMARY,0,1,TANGGAL,BTREE
generator,no_material_request,PRIMARY,0,2,NOMOR,BTREE
generator,no_mutasi,PRIMARY,0,1,RUANGAN,BTREE
generator,no_mutasi,PRIMARY,0,2,TANGGAL,BTREE
generator,no_mutasi,PRIMARY,0,3,NOMOR,BTREE
generator,no_order_lab,PRIMARY,0,1,RUANGAN,BTREE
generator,no_order_lab,PRIMARY,0,2,TANGGAL,BTREE
generator,no_order_lab,PRIMARY,0,3,NOMOR,BTREE
generator,no_order_rad,PRIMARY,0,1,RUANGAN,BTREE
generator,no_order_rad,PRIMARY,0,2,TANGGAL,BTREE
generator,no_order_rad,PRIMARY,0,3,NOMOR,BTREE
generator,no_order_resep,PRIMARY,0,1,RUANGAN,BTREE
generator,no_order_resep,PRIMARY,0,2,TANGGAL,BTREE
generator,no_order_resep,PRIMARY,0,3,NOMOR,BTREE
generator,no_pembayaran,PRIMARY,0,1,ID,BTREE
generator,no_pembayaran,TANGGAL,1,1,TANGGAL,BTREE
generator,no_pembayaran,TANGGAL_NOMOR,0,1,TANGGAL,BTREE
generator,no_pembayaran,TANGGAL_NOMOR,0,2,NOMOR,BTREE
generator,no_penawaran_harga,PRIMARY,0,1,TANGGAL,BTREE
generator,no_penawaran_harga,PRIMARY,0,2,NOMOR,BTREE
generator,no_pendaftaran,PRIMARY,0,1,TANGGAL,BTREE
generator,no_pendaftaran,PRIMARY,0,2,NOMOR,BTREE
generator,no_penerimaan,PRIMARY,0,1,RUANGAN,BTREE
generator,no_penerimaan,PRIMARY,0,2,TANGGAL,BTREE
generator,no_penerimaan,PRIMARY,0,3,NOMOR,BTREE
generator,no_pengiriman,PRIMARY,0,1,RUANGAN,BTREE
generator,no_pengiriman,PRIMARY,0,2,TANGGAL,BTREE
generator,no_pengiriman,PRIMARY,0,3,NOMOR,BTREE
generator,no_permintaan,PRIMARY,0,1,RUANGAN,BTREE
generator,no_permintaan,PRIMARY,0,2,TANGGAL,BTREE
generator,no_permintaan,PRIMARY,0,3,NOMOR,BTREE
generator,no_permintaan_darah,PRIMARY,0,1,RUANGAN,BTREE
generator,no_permintaan_darah,PRIMARY,0,2,TANGGAL,BTREE
generator,no_permintaan_darah,PRIMARY,0,3,NOMOR,BTREE
generator,no_protokol_pengobatan,PRIMARY,0,1,KUNJUNGAN,BTREE
generator,no_protokol_pengobatan,PRIMARY,0,2,TANGGAL,BTREE
generator,no_protokol_pengobatan,PRIMARY,0,3,NOMOR,BTREE
generator,no_protokol_pengobatan_detail,PRIMARY,0,1,PROTOKOL,BTREE
generator,no_protokol_pengobatan_detail,PRIMARY,0,2,SIKLUS,BTREE
generator,no_protokol_pengobatan_detail,PRIMARY,0,3,NOMOR,BTREE
generator,no_purchase_order,PRIMARY,0,1,NOMOR,BTREE
generator,no_purchase_order,PRIMARY,0,2,TANGGAL,BTREE
generator,no_resep_terlayani_kpo,PRIMARY,0,1,RUANGAN,BTREE
generator,no_resep_terlayani_kpo,PRIMARY,0,2,TANGGAL,BTREE
generator,no_resep_terlayani_kpo,PRIMARY,0,3,NOMOR,BTREE
generator,no_rujukan,PRIMARY,0,1,TANGGAL,BTREE
generator,no_rujukan,PRIMARY,0,2,NOMOR,BTREE
generator,no_spri,PRIMARY,0,1,ID,BTREE
generator,no_spri,TAHUN,1,1,TAHUN,BTREE
generator,no_spri,TAHUN_URUT,0,1,TAHUN,BTREE
generator,no_spri,TAHUN_URUT,0,2,URUT,BTREE
generator,no_surat_kelahiran,PRIMARY,0,1,ID,BTREE
generator,no_surat_kelahiran,TAHUN,1,1,TAHUN,BTREE
generator,no_surat_kelahiran,TAHUN_URUT,0,1,TAHUN,BTREE
generator,no_surat_kelahiran,TAHUN_URUT,0,2,URUT,BTREE
generator,no_surat_opname,PRIMARY,0,1,ID,BTREE
generator,no_surat_opname,TAHUN,1,1,TAHUN,BTREE
generator,no_surat_opname,TAHUN_URUT,0,1,TAHUN,BTREE
generator,no_surat_opname,TAHUN_URUT,0,2,URUT,BTREE
generator,no_surat_penawaran_harga,PRIMARY,0,1,NOMOR,BTREE
generator,no_surat_penawaran_harga,PRIMARY,0,2,TANGGAL,BTREE
generator,no_surat_sakit,PRIMARY,0,1,ID,BTREE
generator,no_surat_sakit,TAHUN,1,1,TAHUN,BTREE
generator,no_surat_sakit,TAHUN_URUT,0,1,TAHUN,BTREE
generator,no_surat_sakit,TAHUN_URUT,0,2,URUT,BTREE
generator,no_surat_sehat,PRIMARY,0,1,ID,BTREE
generator,no_surat_sehat,TAHUN,1,1,TAHUN,BTREE
generator,no_surat_sehat,TAHUN_URUT,0,1,TAHUN,BTREE
generator,no_surat_sehat,TAHUN_URUT,0,2,URUT,BTREE
generator,no_tagihan,PRIMARY,0,1,TANGGAL,BTREE
generator,no_tagihan,PRIMARY,0,2,NOMOR,BTREE
inacbg,dokumen_pendukung,document_id,1,1,document_id,BTREE
inacbg,dokumen_pendukung,nopen_file_class,1,1,no_klaim,BTREE
inacbg,dokumen_pendukung,nopen_file_class,1,2,file_class,BTREE
inacbg,dokumen_pendukung,PRIMARY,0,1,id,BTREE
inacbg,dokumen_pendukung,status,1,1,status,BTREE
inacbg,grouping,PRIMARY,0,1,NOPEN,BTREE
inacbg,hasil_grouping,CODECBG,1,1,CODECBG,BTREE
inacbg,hasil_grouping,NOSEP,1,1,NOSEP,BTREE
inacbg,hasil_grouping,PRIMARY,0,1,NOPEN,BTREE
inacbg,hasil_grouping,TAGIHAN_ID,1,1,TAGIHAN_ID,BTREE
inacbg,icd_ina_grouper,description,1,1,description,BTREE
inacbg,icd_ina_grouper,PRIMARY,0,1,code,BTREE
inacbg,inacbg,JENIS_KODE_VERSION,0,1,JENIS,BTREE
inacbg,inacbg,JENIS_KODE_VERSION,0,2,KODE,BTREE
inacbg,inacbg,JENIS_KODE_VERSION,0,3,VERSION,BTREE
inacbg,inacbg,PRIMARY,0,1,ID,BTREE
inacbg,jenis_inacbg,PRIMARY,0,1,ID,BTREE
inacbg,jenis_map,PRIMARY,0,1,ID,BTREE
inacbg,klaim_status,PRIMARY,0,1,NOPEN,BTREE
inacbg,klaim_status,SET_ENCOUNTER_RME,1,1,SET_ENCOUNTER_RME,BTREE
inacbg,komentar,NOPEN,1,1,NOPEN,BTREE
inacbg,komentar,PRIMARY,0,1,ID,BTREE
inacbg,komentar,REPLY_FROM,1,1,REPLY_FROM,BTREE
inacbg,list_procedure,JENIS,1,1,JENIS,BTREE
inacbg,list_procedure,PRIMARY,0,1,ID,BTREE
inacbg,logs,METHOD,1,1,METHOD,BTREE
inacbg,logs,NOMOR_SEP,1,1,NOMOR_SEP,BTREE
inacbg,logs,PRIMARY,0,1,ID,BTREE
inacbg,map_inacbg_simrs,PRIMARY,0,1,JENIS,BTREE
inacbg,map_inacbg_simrs,PRIMARY,0,2,INACBG,BTREE
inacbg,map_inacbg_simrs,PRIMARY,0,3,SIMRS,BTREE
inacbg,map_inacbg_simrs,PRIMARY,0,4,VERSION,BTREE
inacbg,map_tarif,JENISTARIF,1,1,JENISTARIF,BTREE
inacbg,map_tarif,PRIMARY,0,1,KELASRS,BTREE
inacbg,map_tarif,PRIMARY,0,2,KEPEMILIKAN,BTREE
inacbg,map_tarif,PRIMARY,0,3,TIPE,BTREE
inacbg,no_urut_berkas,NOPEN,1,1,NOPEN,BTREE
inacbg,no_urut_berkas,PRIMARY,0,1,JENIS,BTREE
inacbg,no_urut_berkas,PRIMARY,0,2,TANGGAL,BTREE
inacbg,no_urut_berkas,PRIMARY,0,3,KELAS,BTREE
inacbg,no_urut_berkas,PRIMARY,0,4,NOMOR,BTREE
inacbg,tarif_inacbg,INACBG,1,1,INACBG,BTREE
inacbg,tarif_inacbg,JENIS_PELAYANAN,1,1,JENIS_PELAYANAN,BTREE
inacbg,tarif_inacbg,KELAS_RAWAT,1,1,KELAS_RAWAT,BTREE
inacbg,tarif_inacbg,KODE_TARIFF,1,1,KODE_TARIFF,BTREE
inacbg,tarif_inacbg,REGIONAL,1,1,REGIONAL,BTREE
inacbg,tipe_inacbg,PRIMARY,0,1,ID,BTREE
inacbg,tipe_inacbg,STATUS,1,1,STATUS,BTREE
informasi,diagnosa_rd,PRIMARY,0,1,TANGGAL,BTREE
informasi,diagnosa_rd,PRIMARY,0,2,ID,BTREE
informasi,diagnosa_ri,PRIMARY,0,1,TANGGAL,BTREE
informasi,diagnosa_ri,PRIMARY,0,2,ID,BTREE
informasi,diagnosa_rj,PRIMARY,0,1,TANGGAL,BTREE
informasi,diagnosa_rj,PRIMARY,0,2,ID,BTREE
informasi,indikator_rs,PRIMARY,0,1,TANGGAL,BTREE
informasi,klaim_iks,PRIMARY,0,1,TANGGAL,BTREE
informasi,klaim_iks,PRIMARY,0,2,ID,BTREE
informasi,klaim_iks,PRIMARY,0,3,IDCARABAYAR,BTREE
informasi,klaim_inacbg,PRIMARY,0,1,TANGGAL,BTREE
informasi,klaim_inacbg,PRIMARY,0,2,ID,BTREE
informasi,klaim_inacbg,PRIMARY,0,3,IDCARABAYAR,BTREE
informasi,klaim_inacbg_ri,PRIMARY,0,1,TANGGAL,BTREE
informasi,klaim_inacbg_ri,PRIMARY,0,2,ID,BTREE
informasi,klaim_inacbg_rj,PRIMARY,0,1,TANGGAL,BTREE
informasi,klaim_inacbg_rj,PRIMARY,0,2,ID,BTREE
informasi,kunjungan,PRIMARY,0,1,TANGGAL,BTREE
informasi,kunjungan,PRIMARY,0,2,ID,BTREE
informasi,kunjungan,PRIMARY,0,3,IDINSTALASI,BTREE
informasi,kunjungan,PRIMARY,0,4,IDUNIT,BTREE
informasi,kunjungan,PRIMARY,0,5,IDSUBUNIT,BTREE
informasi,kunjungan,PRIMARY,0,6,IDCARABAYAR,BTREE
informasi,pasien_rawat_inap,PRIMARY,0,1,TANGGAL,BTREE
informasi,pasien_rawat_inap,PRIMARY,0,2,ID,BTREE
informasi,pasien_rawat_inap,PRIMARY,0,3,IDCARABAYAR,BTREE
informasi,pendapatan,PRIMARY,0,1,TANGGAL,BTREE
informasi,pendapatan,PRIMARY,0,2,ID,BTREE
informasi,pendapatan,PRIMARY,0,3,IDCARABAYAR,BTREE
informasi,penerimaan,PRIMARY,0,1,TANGGAL,BTREE
informasi,penerimaan,PRIMARY,0,2,ID,BTREE
informasi,penerimaan,PRIMARY,0,3,IDCARABAYAR,BTREE
informasi,pengunjung,PRIMARY,0,1,TANGGAL,BTREE
informasi,pengunjung,PRIMARY,0,2,ID,BTREE
informasi,pengunjung,PRIMARY,0,3,IDCARABAYAR,BTREE
informasi,penunjang,PRIMARY,0,1,TANGGAL,BTREE
informasi,penunjang,PRIMARY,0,2,ID,BTREE
informasi,penunjang,PRIMARY,0,3,IDINSTALASI,BTREE
informasi,penunjang,PRIMARY,0,4,IDUNIT,BTREE
informasi,penunjang,PRIMARY,0,5,IDSUBUNIT,BTREE
informasi,penunjang,PRIMARY,0,6,IDCARABAYAR,BTREE
informasi,statistik_10_besar_diagnosa_rujukan,KIRIM,1,1,KIRIM,BTREE
informasi,statistik_10_besar_diagnosa_rujukan,PRIMARY,0,1,TAHUN,BTREE
informasi,statistik_10_besar_diagnosa_rujukan,PRIMARY,0,2,BULAN,BTREE
informasi,statistik_10_besar_diagnosa_rujukan,PRIMARY,0,3,JENIS_RUJUKAN,BTREE
informasi,statistik_10_besar_diagnosa_rujukan,REF_ID_KEMKES,1,1,REF_ID_KEMKES,BTREE
informasi,statistik_10_besar_diagnosa_rujukan,TANGGAL_UPDATED,1,1,TANGGAL_UPDATED,BTREE
informasi,statistik_10_besar_penyakit,KIRIM,1,1,KIRIM,BTREE
informasi,statistik_10_besar_penyakit,PRIMARY,0,1,TAHUN,BTREE
informasi,statistik_10_besar_penyakit,PRIMARY,0,2,BULAN,BTREE
informasi,statistik_10_besar_penyakit,PRIMARY,0,3,JENIS_PELAYANAN,BTREE
informasi,statistik_10_besar_penyakit,REF_ID_KEMKES,1,1,REF_ID_KEMKES,BTREE
informasi,statistik_10_besar_penyakit,TANGGAL_UPDATED,1,1,TANGGAL_UPDATED,BTREE
informasi,statistik_gol_darah,KIRIM,1,1,KIRIM,BTREE
informasi,statistik_gol_darah,PRIMARY,0,1,TAHUN,BTREE
informasi,statistik_gol_darah,PRIMARY,0,2,BULAN,BTREE
informasi,statistik_gol_darah,PRIMARY,0,3,KODE,BTREE
informasi,statistik_gol_darah,REF_ID_KEMKES,1,1,REF_ID_KEMKES,BTREE
informasi,statistik_gol_darah,TANGGAL_UPDATED,1,1,TANGGAL_UPDATED,BTREE
informasi,statistik_indikator,KIRIM,1,1,KIRIM,BTREE
informasi,statistik_indikator,PRIMARY,0,1,TAHUN,BTREE
informasi,statistik_indikator,PRIMARY,0,2,PERIODE,BTREE
informasi,statistik_indikator,PRIMARY,0,3,JENIS,BTREE
informasi,statistik_indikator,REF_ID_KEMKES,1,1,REF_ID_KEMKES,BTREE
informasi,statistik_indikator,TANGGAL_UPDATED,1,1,TANGGAL_UPDATED,BTREE
informasi,statistik_jumlah_kematian,KIRIM,1,1,KIRIM,BTREE
informasi,statistik_jumlah_kematian,PRIMARY,0,1,TAHUN,BTREE
informasi,statistik_jumlah_kematian,PRIMARY,0,2,BULAN,BTREE
informasi,statistik_jumlah_kematian,REF_ID_KEMKES,1,1,REF_ID_KEMKES,BTREE
informasi,statistik_jumlah_kematian,TANGGAL_UPDATED,1,1,TANGGAL_UPDATED,BTREE
informasi,statistik_kunjungan,KIRIM,1,1,KIRIM,BTREE
informasi,statistik_kunjungan,PRIMARY,0,1,TANGGAL,BTREE
informasi,statistik_kunjungan,REF_ID_KEMKES,1,1,REF_ID_KEMKES,BTREE
informasi,statistik_kunjungan,TANGGAL_UPDATED,1,1,TANGGAL_UPDATED,BTREE
informasi,statistik_mutu_pelayanan,KIRIM,1,1,KIRIM,BTREE
informasi,statistik_mutu_pelayanan,PRIMARY,0,1,TAHUN,BTREE
informasi,statistik_mutu_pelayanan,PRIMARY,0,2,BULAN,BTREE
informasi,statistik_mutu_pelayanan,PRIMARY,0,3,KODE,BTREE
informasi,statistik_mutu_pelayanan,REF_ID_KEMKES,1,1,REF_ID_KEMKES,BTREE
informasi,statistik_mutu_pelayanan,TANGGAL_UPDATED,1,1,TANGGAL_UPDATED,BTREE
informasi,statistik_pemeriksaan_laboratorium,KIRIM,1,1,KIRIM,BTREE
informasi,statistik_pemeriksaan_laboratorium,PRIMARY,0,1,TAHUN,BTREE
informasi,statistik_pemeriksaan_laboratorium,PRIMARY,0,2,BULAN,BTREE
informasi,statistik_pemeriksaan_laboratorium,PRIMARY,0,3,KODE,BTREE
informasi,statistik_pemeriksaan_laboratorium,REF_ID_KEMKES,1,1,REF_ID_KEMKES,BTREE
informasi,statistik_pemeriksaan_laboratorium,TANGGAL_UPDATED,1,1,TANGGAL_UPDATED,BTREE
informasi,statistik_rujukan,KIRIM,1,1,KIRIM,BTREE
informasi,statistik_rujukan,PRIMARY,0,1,TANGGAL,BTREE
informasi,statistik_rujukan,REF_ID_KEMKES,1,1,REF_ID_KEMKES,BTREE
informasi,statistik_rujukan,TANGGAL_UPDATED,1,1,TANGGAL_UPDATED,BTREE
informasi,tempat_tidur_kemkes,JENISKAMAR,1,1,JENISKAMAR,BTREE
informasi,tempat_tidur_kemkes,PRIMARY,0,1,IDINSTALASI,BTREE
informasi,tempat_tidur_kemkes,PRIMARY,0,2,IDUNIT,BTREE
informasi,tempat_tidur_kemkes,PRIMARY,0,3,IDSUBUNIT,BTREE
informasi,tempat_tidur_kemkes,PRIMARY,0,4,IDKAMAR,BTREE
informasi,tempat_tidur_kemkes,PRIMARY,0,5,IDKELAS,BTREE
inventory,barang,JENIS_PENGGUNAAN_OBAT,1,1,JENIS_PENGGUNAAN_OBAT,BTREE
inventory,barang,KATEGORI,1,1,KATEGORI,BTREE
inventory,barang,MASA_BERLAKU,1,1,MASA_BERLAKU,BTREE
inventory,barang,NAMA,1,1,NAMA,BTREE
inventory,barang,PRIMARY,0,1,ID,BTREE
inventory,barang,STATUS,1,1,STATUS,BTREE
inventory,barang,TANGGAL,1,1,TANGGAL,BTREE
inventory,barang_paket_tindakan,BARANG,1,1,BARANG,BTREE
inventory,barang_paket_tindakan,PRIMARY,0,1,ID,BTREE
inventory,barang_paket_tindakan,STATUS,1,1,STATUS,BTREE
inventory,barang_paket_tindakan,TINDAKAN,1,1,TINDAKAN,BTREE
inventory,barang_paket_tindakan,TINDAKAN_BARANG,0,1,TINDAKAN,BTREE
inventory,barang_paket_tindakan,TINDAKAN_BARANG,0,2,BARANG,BTREE
inventory,barang_ruangan,BARANG,1,1,BARANG,BTREE
inventory,barang_ruangan,PRIMARY,0,1,ID,BTREE
inventory,barang_ruangan,RUANGAN_BARANG,0,1,RUANGAN,BTREE
inventory,barang_ruangan,RUANGAN_BARANG,0,2,BARANG,BTREE
inventory,barang_ruangan,STATUS,1,1,STATUS,BTREE
inventory,barang_ruangan,TRANSAKSI_STOK_RUANGAN,1,1,TRANSAKSI_STOK_RUANGAN,BTREE
inventory,batas_pengambilan_stok_akhir,PRIMARY,0,1,JENIS,BTREE
inventory,batas_pengambilan_stok_akhir,PRIMARY,0,2,NILAI,BTREE
inventory,dagang,PRIMARY,0,1,ID,BTREE
inventory,harga_barang,BARANG,1,1,BARANG,BTREE
inventory,harga_barang,PRIMARY,0,1,ID,BTREE
inventory,jenis_kategori,PRIMARY,0,1,ID,BTREE
inventory,jenis_transaksi_stok,PRIMARY,0,1,ID,BTREE
inventory,kategori,JENIS,1,1,JENIS,BTREE
inventory,kategori,NAMA,1,1,NAMA,BTREE
inventory,kategori,PRIMARY,0,1,ID,BTREE
inventory,kategori,STATUS,1,1,STATUS,BTREE
inventory,material_request,PRIMARY,0,1,NO_MR,BTREE
inventory,material_request,RUMUS_KATEGORI_B,1,1,RUMUS_KATEGORI_B,BTREE
inventory,material_request,RUMUS_KATEGORI_C,1,1,RUMUS_KATEGORI_C,BTREE
inventory,material_request,RUMUS_PERENCANAAN,1,1,RUMUS_KATEGORI_A,BTREE
inventory,material_request_detil,PRIMARY,0,1,ID,BTREE
inventory,no_seri_barang_ruangan,BARANG_RUANGAN,1,1,BARANG_RUANGAN,BTREE
inventory,no_seri_barang_ruangan,PRIMARY,0,1,ID,BTREE
inventory,pembatalan_penerimaan_barang,JENIS,1,1,JENIS,BTREE
inventory,pembatalan_penerimaan_barang,PENERIMAAN_BARANG,1,1,PENERIMAAN_BARANG,BTREE
inventory,pembatalan_penerimaan_barang,PRIMARY,0,1,ID,BTREE
inventory,pembatalan_penerimaan_barang,TANGGAL,1,1,TANGGAL,BTREE
inventory,penerimaan,JENIS_REF,0,1,JENIS,BTREE
inventory,penerimaan,JENIS_REF,0,2,REF,BTREE
inventory,penerimaan,PRIMARY,0,1,NOMOR,BTREE
inventory,penerimaan,RUANGAN,1,1,RUANGAN,BTREE
inventory,penerimaan,TANGGAL,1,1,TANGGAL,BTREE
inventory,penerimaan_barang,FAKTUR,1,1,FAKTUR,BTREE
inventory,penerimaan_barang,JENIS,1,1,JENIS,BTREE
inventory,penerimaan_barang,PRIMARY,0,1,ID,BTREE
inventory,penerimaan_barang,REF_PO,1,1,REF_PO,BTREE
inventory,penerimaan_barang,REKANAN,1,1,REKANAN,BTREE
inventory,penerimaan_barang,RUANGAN,1,1,RUANGAN,BTREE
inventory,penerimaan_barang,TANGGAL,1,1,TANGGAL,BTREE
inventory,penerimaan_barang_detil,BARANG,1,1,BARANG,BTREE
inventory,penerimaan_barang_detil,PENERIMAAN,1,1,PENERIMAAN,BTREE
inventory,penerimaan_barang_detil,PRIMARY,0,1,ID,BTREE
inventory,pengembalian_barang,PRIMARY,0,1,ID,BTREE
inventory,pengembalian_barang,REKANAN,1,1,REKANAN,BTREE
inventory,pengembalian_barang,RUANGAN,1,1,RUANGAN,BTREE
inventory,pengembalian_barang,TANGGAL,1,1,TANGGAL,BTREE
inventory,pengembalian_barang_detil,BARANG,1,1,BARANG,BTREE
inventory,pengembalian_barang_detil,PENGEMBALIAN,1,1,PENGEMBALIAN,BTREE
inventory,pengembalian_barang_detil,PRIMARY,0,1,ID,BTREE
inventory,penggolongan_barang,BARANG,1,1,BARANG,BTREE
inventory,penggolongan_barang,PRIMARY,0,1,ID,BTREE
inventory,pengiriman,ASAL,1,1,ASAL,BTREE
inventory,pengiriman,PRIMARY,0,1,NOMOR,BTREE
inventory,pengiriman,REF,1,1,PERMINTAAN,BTREE
inventory,pengiriman,TANGGAL,1,1,TANGGAL,BTREE
inventory,pengiriman,TUJUAN,1,1,TUJUAN,BTREE
inventory,pengiriman_detil,PENGIRIMAN_BARANG_ID,1,1,PENGIRIMAN,BTREE
inventory,pengiriman_detil,PERMINTAAN_BARANG_DETIL_ID,1,1,PERMINTAAN_BARANG_DETIL,BTREE
inventory,pengiriman_detil,PRIMARY,0,1,ID,BTREE
inventory,penyedia,PRIMARY,0,1,ID,BTREE
inventory,permintaan,ASAL,1,1,ASAL,BTREE
inventory,permintaan,PRIMARY,0,1,NOMOR,BTREE
inventory,permintaan,TANGGAL,1,1,TANGGAL,BTREE
inventory,permintaan,TUJUAN,1,1,TUJUAN,BTREE
inventory,permintaan_detil,BARANG,1,1,BARANG,BTREE
inventory,permintaan_detil,PERMINTAAN_BARANG_ID,1,1,PERMINTAAN,BTREE
inventory,permintaan_detil,PRIMARY,0,1,ID,BTREE
inventory,purchase_order,NO_MR_SUPPLIER,1,1,NO_MR,BTREE
inventory,purchase_order,PRIMARY,0,1,NO_PO,BTREE
inventory,purchase_order,SUPPLIER,1,1,SUPPLIER,BTREE
inventory,purchase_order_detil,BARANG,1,1,BARANG,BTREE
inventory,purchase_order_detil,NO_PO,1,1,ID_PO,BTREE
inventory,purchase_order_detil,PRIMARY,0,1,ID,BTREE
inventory,recalculation,BARANG_RUANGAN,1,1,BARANG_RUANGAN,BTREE
inventory,recalculation,STATUS,1,1,STATUS,BTREE
inventory,recalculation,TANGGAL,1,1,ID,BTREE
inventory,rumus_perencanaan,PRIMARY,0,1,ID_RUMUS,BTREE
inventory,satuan,NAMA,1,1,NAMA,BTREE
inventory,satuan,PRIMARY,0,1,ID,BTREE
inventory,stok_opname,PRIMARY,0,1,ID,BTREE
inventory,stok_opname,RUANGAN,1,1,RUANGAN,BTREE
inventory,stok_opname,TAHUN,1,1,TANGGAL,BTREE
inventory,stok_opname_detil,BARANG_RUANGAN,1,1,BARANG_RUANGAN,BTREE
inventory,stok_opname_detil,PRIMARY,0,1,ID,BTREE
inventory,stok_opname_detil,STOK_OPNAME,1,1,STOK_OPNAME,BTREE
inventory,stok_opname_detil,TANGGAL_STOK_AKHIR,1,1,TANGGAL,BTREE
inventory,surat_penawaran_harga,PRIMARY,0,1,NOMOR,BTREE
inventory,surat_penawaran_harga,SUPPLIER,1,1,SUPPLIER,BTREE
inventory,surat_penawaran_harga_detil,ID_PENAWARAN,1,1,ID_PENAWARAN,BTREE
inventory,surat_penawaran_harga_detil,PRIMARY,0,1,ID,BTREE
inventory,transaksi_stok_ruangan,BARANG_RUANGAN,1,1,BARANG_RUANGAN,BTREE
inventory,transaksi_stok_ruangan,JENIS,1,1,JENIS,BTREE
inventory,transaksi_stok_ruangan,PRIMARY,0,1,ID,BTREE
inventory,transaksi_stok_ruangan,REF,1,1,REF,BTREE
inventory,transaksi_stok_ruangan,TANGGAL,1,1,TANGGAL,BTREE
kemkes,data_kebutuhan_apd,kirim,1,1,kirim,BTREE
kemkes,data_kebutuhan_apd,PRIMARY,0,1,id_kebutuhan,BTREE
kemkes,data_kebutuhan_sdm,kirim,1,1,kirim,BTREE
kemkes,data_kebutuhan_sdm,PRIMARY,0,1,id_kebutuhan,BTREE
kemkes,data_tempat_tidur,id_tt_ruang,0,1,id_tt,BTREE
kemkes,data_tempat_tidur,id_tt_ruang,0,2,ruang,BTREE
kemkes,data_tempat_tidur,PRIMARY,0,1,id,BTREE
kemkes,diagnosa_pasien,kirim,1,1,kirim,BTREE
kemkes,diagnosa_pasien,nomr_icd_level,0,1,nomr,BTREE
kemkes,diagnosa_pasien,nomr_icd_level,0,2,icd,BTREE
kemkes,diagnosa_pasien,nomr_icd_level,0,3,level,BTREE
kemkes,diagnosa_pasien,PRIMARY,0,1,id,BTREE
kemkes,icd_covid19,PRIMARY,0,1,KODE,BTREE
kemkes,icd_tb,PRIMARY,0,1,KODE,BTREE
kemkes,jenis_kelamin,PRIMARY,0,1,id_gender,BTREE
kemkes,jenis_pasien,PRIMARY,0,1,id_jenis_pasien,BTREE
kemkes,kabupaten,PRIMARY,0,1,kode,BTREE
kemkes,kabupaten,propinsi,1,1,propinsi,BTREE
kemkes,kamar_simrs_rs_online,kamar_simrs,0,1,ruang_kamar,BTREE
kemkes,kamar_simrs_rs_online,PRIMARY,0,1,id,BTREE
kemkes,kamar_simrs_rs_online,status,1,1,status,BTREE
kemkes,kamar_simrs_rs_online,tempat_tidur,1,1,tempat_tidur,BTREE
kemkes,kebutuhan_apd,PRIMARY,0,1,id_kebutuhan,BTREE
kemkes,kebutuhan_sdm,PRIMARY,0,1,id_kebutuhan,BTREE
kemkes,kecamatan,kabkota,1,1,kabkota,BTREE
kemkes,kecamatan,PRIMARY,0,1,kode,BTREE
kemkes,kewarganegaraan,PRIMARY,0,1,id_nation,BTREE
kemkes,pasien,kirim,1,1,kirim,BTREE
kemkes,pasien,noc,1,1,noc,BTREE
kemkes,pasien,PRIMARY,0,1,nomr,BTREE
kemkes,pasien_tb,final,1,1,final,BTREE
kemkes,pasien_tb,id_periode_laporan,1,1,id_periode_laporan,BTREE
kemkes,pasien_tb,id_tb_03,1,1,id_tb_03,BTREE
kemkes,pasien_tb,nourut_pasien,1,1,nourut_pasien,BTREE
kemkes,pasien_tb,PRIMARY,0,1,id,BTREE
kemkes,pasien_tb,tahun,1,1,tahun,BTREE
kemkes,pasien_tb,tahun_buat_laporan,1,1,tahun_buat_laporan,BTREE
kemkes,propinsi,PRIMARY,0,1,prop_kode,BTREE
kemkes,rekap_pasien_keluar,kirim,1,1,kirim,BTREE
kemkes,rekap_pasien_keluar,PRIMARY,0,1,id,BTREE
kemkes,rekap_pasien_keluar,tanggal,0,1,tanggal,BTREE
kemkes,rekap_pasien_komorbid,kirim,1,1,kirim,BTREE
kemkes,rekap_pasien_komorbid,PRIMARY,0,1,id,BTREE
kemkes,rekap_pasien_komorbid,tanggal,0,1,tanggal,BTREE
kemkes,rekap_pasien_masuk,kirim,1,1,kirim,BTREE
kemkes,rekap_pasien_masuk,PRIMARY,0,1,id,BTREE
kemkes,rekap_pasien_masuk,tanggal,0,1,tanggal,BTREE
kemkes,rekap_pasien_nonkomorbid,kirim,1,1,kirim,BTREE
kemkes,rekap_pasien_nonkomorbid,PRIMARY,0,1,id,BTREE
kemkes,rekap_pasien_nonkomorbid,tanggal,0,1,tanggal,BTREE
kemkes,reservasi_antrian,PASIEN,1,1,PASIEN,BTREE
kemkes,reservasi_antrian,PRIMARY,0,1,ID,BTREE
kemkes,reservasi_antrian,RUANGAN,1,1,RUANGAN,BTREE
kemkes,reservasi_antrian,TANGGAL_KUNJUNGAN,1,1,TANGGAL_KUNJUNGAN,BTREE
kemkes,rujukan,PRIMARY,0,1,NOMOR,BTREE
kemkes,rujukan,REF,0,1,REF,BTREE
kemkes,sitt,id_periode_laporan,1,1,id_periode_laporan,BTREE
kemkes,sitt,id_tb_03,1,1,id_tb_03,BTREE
kemkes,sitt,nourut_pasien,1,1,nourut_pasien,BTREE
kemkes,sitt,PRIMARY,0,1,id,BTREE
kemkes,sitt,tahun,1,1,tahun,BTREE
kemkes,sitt,tahun_buat_laporan,1,1,tahun_buat_laporan,BTREE
kemkes,status_isolasi,id_status_rawat,1,1,id_status_rawat,BTREE
kemkes,status_isolasi,PRIMARY,0,1,id_isolasi,BTREE
kemkes,status_keluar,PRIMARY,0,1,id_status,BTREE
kemkes,status_rawat,PRIMARY,0,1,id_status_rawat,BTREE
kemkes,sumber_penularan,PRIMARY,0,1,id_source,BTREE
kemkes,tempat_tidur,PRIMARY,0,1,kode_tt,BTREE
kemkes,terkonfirmasi_tb,KUNJUNGAN,1,1,KUNJUNGAN,BTREE
kemkes,terkonfirmasi_tb,NORM,1,1,NORM,BTREE
kemkes,terkonfirmasi_tb,PRIMARY,0,1,ID,BTREE
kemkes-ihs,account,id,1,1,id,BTREE
kemkes-ihs,account,PRIMARY,0,1,tableId,BTREE
kemkes-ihs,account,refId,1,1,refId,BTREE
kemkes-ihs,account,send,1,1,send,BTREE
kemkes-ihs,account,status,1,1,status,BTREE
kemkes-ihs,allergy_intolerance,id,1,1,id,BTREE
kemkes-ihs,allergy_intolerance,nopen,1,1,nopen,BTREE
kemkes-ihs,allergy_intolerance,PRIMARY,0,1,refId,BTREE
kemkes-ihs,allergy_intolerance,send,1,1,send,BTREE
kemkes-ihs,barang_to_bza,BARANG,1,1,BARANG,BTREE
kemkes-ihs,barang_to_bza,KODE_BZA,1,1,KODE_BZA,BTREE
kemkes-ihs,barang_to_bza,PRIMARY,0,1,ID,BTREE
kemkes-ihs,barang_to_bza,STATUS,1,1,STATUS,BTREE
kemkes-ihs,barang_to_poa_pov,KODE_POA,1,1,KODE_POA,BTREE
kemkes-ihs,barang_to_poa_pov,KODE_POV,1,1,KODE_POV,BTREE
kemkes-ihs,barang_to_poa_pov,PRIMARY,0,1,BARANG,BTREE
kemkes-ihs,barang_to_poa_pov,STATUS,1,1,STATUS,BTREE
kemkes-ihs,bza,PRIMARY,0,1,id,BTREE
kemkes-ihs,bza,status,1,1,status,BTREE
kemkes-ihs,care_plan,id,1,1,id,BTREE
kemkes-ihs,care_plan,PRIMARY,0,1,refId,BTREE
kemkes-ihs,care_plan,PRIMARY,0,2,jenis,BTREE
kemkes-ihs,care_plan,PRIMARY,0,3,nopen,BTREE
kemkes-ihs,care_plan,send,1,1,send,BTREE
kemkes-ihs,care_plan,title,1,1,title,BTREE
kemkes-ihs,care_plan_jadwal_kontrol,id,1,1,id,BTREE
kemkes-ihs,care_plan_jadwal_kontrol,nopen,1,1,nopen,BTREE
kemkes-ihs,care_plan_jadwal_kontrol,PRIMARY,0,1,refId,BTREE
kemkes-ihs,care_plan_jadwal_kontrol,send,1,1,send,BTREE
kemkes-ihs,care_plan_jadwal_kontrol,title,1,1,title,BTREE
kemkes-ihs,code_reference,PRIMARY,0,1,id,BTREE
kemkes-ihs,code_reference,resources,1,1,resources,BTREE
kemkes-ihs,code_reference,status,1,1,status,BTREE
kemkes-ihs,composition,id,1,1,id,BTREE
kemkes-ihs,composition,nopen,1,1,nopen,BTREE
kemkes-ihs,composition,PRIMARY,0,1,refId,BTREE
kemkes-ihs,composition,send,1,1,send,BTREE
kemkes-ihs,condition,id,1,1,id,BTREE
kemkes-ihs,condition,nopen,1,1,nopen,BTREE
kemkes-ihs,condition,PRIMARY,0,1,refId,BTREE
kemkes-ihs,condition,send,1,1,send,BTREE
kemkes-ihs,condition_anamnesis,id,1,1,id,BTREE
kemkes-ihs,condition_anamnesis,kunjungan,1,1,kunjungan,BTREE
kemkes-ihs,condition_anamnesis,nopen,1,1,nopen,BTREE
kemkes-ihs,condition_anamnesis,PRIMARY,0,1,refId,BTREE
kemkes-ihs,condition_anamnesis,send,1,1,send,BTREE
kemkes-ihs,condition_hasil_pa,id,1,1,id,BTREE
kemkes-ihs,condition_hasil_pa,kunjungan,1,1,kunjungan,BTREE
kemkes-ihs,condition_hasil_pa,nopen,1,1,nopen,BTREE
kemkes-ihs,condition_hasil_pa,PRIMARY,0,1,refId,BTREE
kemkes-ihs,condition_hasil_pa,send,1,1,send,BTREE
kemkes-ihs,condition_penilaian_tumor,id,1,1,id,BTREE
kemkes-ihs,condition_penilaian_tumor,kunjungan,1,1,kunjungan,BTREE
kemkes-ihs,condition_penilaian_tumor,nopen,1,1,nopen,BTREE
kemkes-ihs,condition_penilaian_tumor,PRIMARY,0,1,refId,BTREE
kemkes-ihs,condition_penilaian_tumor,PRIMARY,0,2,jenis,BTREE
kemkes-ihs,condition_penilaian_tumor,send,1,1,send,BTREE
kemkes-ihs,condition_riwayat_penyakit_dahulu,id,1,1,id,BTREE
kemkes-ihs,condition_riwayat_penyakit_dahulu,kunjungan,1,1,kunjungan,BTREE
kemkes-ihs,condition_riwayat_penyakit_dahulu,nopen,1,1,nopen,BTREE
kemkes-ihs,condition_riwayat_penyakit_dahulu,PRIMARY,0,1,refId,BTREE
kemkes-ihs,condition_riwayat_penyakit_dahulu,send,1,1,send,BTREE
kemkes-ihs,consent,id,1,1,id,BTREE
kemkes-ihs,consent,norm,1,1,norm,BTREE
kemkes-ihs,consent,PRIMARY,0,1,refId,BTREE
kemkes-ihs,consent,send,1,1,send,BTREE
kemkes-ihs,coverage,id,1,1,id,BTREE
kemkes-ihs,coverage,penjaminId,1,1,penjaminId,BTREE
kemkes-ihs,coverage,PRIMARY,0,1,tableId,BTREE
kemkes-ihs,coverage,refId,1,1,refId,BTREE
kemkes-ihs,coverage,send,1,1,send,BTREE
kemkes-ihs,coverage,status,1,1,status,BTREE
kemkes-ihs,coverage,subscriberId,1,1,subscriberId,BTREE
kemkes-ihs,diagnosa_to_eof,PRIMARY,0,1,KODE_DIAGNOSA,BTREE
kemkes-ihs,diagnosa_to_eof,STATUS,1,1,STATUS,BTREE
kemkes-ihs,diagnostic_report,id,1,1,id,BTREE
kemkes-ihs,diagnostic_report,nopen,1,1,nopen,BTREE
kemkes-ihs,diagnostic_report,PRIMARY,0,1,refId,BTREE
kemkes-ihs,diagnostic_report,send,1,1,send,BTREE
kemkes-ihs,encounter,id,1,1,id,BTREE
kemkes-ihs,encounter,PRIMARY,0,1,refId,BTREE
kemkes-ihs,encounter,send,1,1,send,BTREE
kemkes-ihs,encounter_account,PRIMARY,0,1,tableId,BTREE
kemkes-ihs,encounter_account,refId,1,1,refId,BTREE
kemkes-ihs,encounter_account,send,1,1,send,BTREE
kemkes-ihs,eof,id,1,1,id,BTREE
kemkes-ihs,eof,kunjungan,1,1,kunjungan,BTREE
kemkes-ihs,eof,method_kirim,1,1,method_kirim,BTREE
kemkes-ihs,eof,nopen,1,1,nopen,BTREE
kemkes-ihs,eof,PRIMARY,0,1,refId,BTREE
kemkes-ihs,eof,send,1,1,send,BTREE
kemkes-ihs,eof,type_eoc,1,1,type_eoc,BTREE
kemkes-ihs,imaging_study,id,1,1,id,BTREE
kemkes-ihs,imaging_study,nopen,1,1,nopen,BTREE
kemkes-ihs,imaging_study,PRIMARY,0,1,refId,BTREE
kemkes-ihs,imaging_study,send,1,1,get,BTREE
kemkes-ihs,jenis_kunjungan,ID_CLASS,0,1,ID,BTREE
kemkes-ihs,jenis_kunjungan,ID_CLASS,0,2,CLASS,BTREE
kemkes-ihs,jenis_kunjungan,PRIMARY,0,1,ID,BTREE
kemkes-ihs,jenis_kunjungan,STATUS,1,1,STATUS,BTREE
kemkes-ihs,keluhan_utama_condition,id,1,1,id,BTREE
kemkes-ihs,keluhan_utama_condition,kunjungan,1,1,kunjungan,BTREE
kemkes-ihs,keluhan_utama_condition,nopen,1,1,nopen,BTREE
kemkes-ihs,keluhan_utama_condition,PRIMARY,0,1,refId,BTREE
kemkes-ihs,keluhan_utama_condition,send,1,1,send,BTREE
kemkes-ihs,location,id,1,1,id,BTREE
kemkes-ihs,location,refId,0,1,refId,BTREE
kemkes-ihs,location,send,1,1,send,BTREE
kemkes-ihs,location_ruang_kamar,id,1,1,id,BTREE
kemkes-ihs,location_ruang_kamar,PRIMARY,0,1,refId,BTREE
kemkes-ihs,location_ruang_kamar,ruangan,1,1,ruangan,BTREE
kemkes-ihs,location_ruang_kamar,send,1,1,send,BTREE
kemkes-ihs,location_tempat_tidur,id,1,1,id,BTREE
kemkes-ihs,location_tempat_tidur,PRIMARY,0,1,refId,BTREE
kemkes-ihs,location_tempat_tidur,ruang_kamar,1,1,ruang_kamar,BTREE
kemkes-ihs,location_tempat_tidur,send,1,1,send,BTREE
kemkes-ihs,loinc_terminologi,code,1,1,code,BTREE
kemkes-ihs,loinc_terminologi,Kategori_pemeriksaan,1,1,kategori_pemeriksaan,BTREE
kemkes-ihs,loinc_terminologi,nama_pemeriksaan,1,1,nama_pemeriksaan,BTREE
kemkes-ihs,loinc_terminologi,PRIMARY,0,1,id,BTREE
kemkes-ihs,medication,id,1,1,id,BTREE
kemkes-ihs,medication,jenis,1,1,jenis,BTREE
kemkes-ihs,medication,nopen,1,1,nopen,BTREE
kemkes-ihs,medication,PRIMARY,0,1,refId,BTREE
kemkes-ihs,medication,PRIMARY,0,2,barang,BTREE
kemkes-ihs,medication,PRIMARY,0,3,group_racikan,BTREE
kemkes-ihs,medication,send,1,1,send,BTREE
kemkes-ihs,medication,status_racikan,1,1,status_racikan,BTREE
kemkes-ihs,medication_dispanse,id,1,1,id,BTREE
kemkes-ihs,medication_dispanse,nopen,1,1,nopen,BTREE
kemkes-ihs,medication_dispanse,PRIMARY,0,1,refId,BTREE
kemkes-ihs,medication_dispanse,PRIMARY,0,2,barang,BTREE
kemkes-ihs,medication_dispanse,PRIMARY,0,3,group_racikan,BTREE
kemkes-ihs,medication_dispanse,send,1,1,send,BTREE
kemkes-ihs,medication_dispanse,status_racikan,1,1,status_racikan,BTREE
kemkes-ihs,medication_request,id,1,1,id,BTREE
kemkes-ihs,medication_request,nopen,1,1,nopen,BTREE
kemkes-ihs,medication_request,PRIMARY,0,1,refId,BTREE
kemkes-ihs,medication_request,PRIMARY,0,2,barang,BTREE
kemkes-ihs,medication_request,PRIMARY,0,3,group_racikan,BTREE
kemkes-ihs,medication_request,send,1,1,send,BTREE
kemkes-ihs,medication_request,status_racikan,1,1,status_racikan,BTREE
kemkes-ihs,medication_statement,id,1,1,id,BTREE
kemkes-ihs,medication_statement,nopen,1,1,nopen,BTREE
kemkes-ihs,medication_statement,PRIMARY,0,1,refId,BTREE
kemkes-ihs,medication_statement,PRIMARY,0,2,barang,BTREE
kemkes-ihs,medication_statement,PRIMARY,0,3,group_racikan,BTREE
kemkes-ihs,medication_statement,send,1,1,send,BTREE
kemkes-ihs,medication_statement,status_racikan,1,1,status_racikan,BTREE
kemkes-ihs,observation,id,1,1,id,BTREE
kemkes-ihs,observation,nopen,1,1,nopen,BTREE
kemkes-ihs,observation,PRIMARY,0,1,refId,BTREE
kemkes-ihs,observation,PRIMARY,0,2,jenis,BTREE
kemkes-ihs,observation,send,1,1,send,BTREE
kemkes-ihs,observation_anamnesis_riwayat_lainnya,id,1,1,id,BTREE
kemkes-ihs,observation_anamnesis_riwayat_lainnya,kunjungan,1,1,kunjungan,BTREE
kemkes-ihs,observation_anamnesis_riwayat_lainnya,nopen,1,1,nopen,BTREE
kemkes-ihs,observation_anamnesis_riwayat_lainnya,PRIMARY,0,1,refId,BTREE
kemkes-ihs,observation_anamnesis_riwayat_lainnya,send,1,1,send,BTREE
kemkes-ihs,observation_faktor_risiko,id,1,1,id,BTREE
kemkes-ihs,observation_faktor_risiko,kunjungan,1,1,kunjungan,BTREE
kemkes-ihs,observation_faktor_risiko,nopen,1,1,nopen,BTREE
kemkes-ihs,observation_faktor_risiko,PRIMARY,0,1,refId,BTREE
kemkes-ihs,observation_faktor_risiko,PRIMARY,0,2,jenis,BTREE
kemkes-ihs,observation_faktor_risiko,send,1,1,send,BTREE
kemkes-ihs,observation_pemeriksaan_ekg,id,1,1,id,BTREE
kemkes-ihs,observation_pemeriksaan_ekg,kunjungan,1,1,kunjungan,BTREE
kemkes-ihs,observation_pemeriksaan_ekg,nopen,1,1,nopen,BTREE
kemkes-ihs,observation_pemeriksaan_ekg,PRIMARY,0,1,refId,BTREE
kemkes-ihs,observation_pemeriksaan_ekg,send,1,1,send,BTREE
kemkes-ihs,observation_penilaian_grace_risk_skor,id,1,1,id,BTREE
kemkes-ihs,observation_penilaian_grace_risk_skor,kunjungan,1,1,kunjungan,BTREE
kemkes-ihs,observation_penilaian_grace_risk_skor,nopen,1,1,nopen,BTREE
kemkes-ihs,observation_penilaian_grace_risk_skor,PRIMARY,0,1,refId,BTREE
kemkes-ihs,observation_penilaian_grace_risk_skor,send,1,1,send,BTREE
kemkes-ihs,organization,id,1,1,id,BTREE
kemkes-ihs,organization,kirim,1,1,send,BTREE
kemkes-ihs,organization,refid,0,1,refId,BTREE
kemkes-ihs,parameter_hasil_to_loinc,ID_LOINC,0,1,PARAMETER_HASIL,BTREE
kemkes-ihs,parameter_hasil_to_loinc,ID_LOINC,0,2,LOINC_TERMINOLOGI,BTREE
kemkes-ihs,parameter_hasil_to_loinc,PRIMARY,0,1,PARAMETER_HASIL,BTREE
kemkes-ihs,parameter_hasil_to_loinc,STATUS,1,1,STATUS,BTREE
kemkes-ihs,patient,httpRequest,1,1,httpRequest,BTREE
kemkes-ihs,patient,id,1,1,id,BTREE
kemkes-ihs,patient,nik,1,1,nik,BTREE
kemkes-ihs,patient,PRIMARY,0,1,refId,BTREE
kemkes-ihs,patient,statusRequest,1,1,statusRequest,BTREE
kemkes-ihs,petunjuk_racikan,PRIMARY,0,1,ID_REFERENSI,BTREE
kemkes-ihs,petunjuk_racikan,PRIMARY,0,2,ID_CODING,BTREE
kemkes-ihs,poa,id_bentuk_sediaan,1,1,id_bentuk_sediaan,BTREE
kemkes-ihs,poa,pov,1,1,pov,BTREE
kemkes-ihs,poa,PRIMARY,0,1,id,BTREE
kemkes-ihs,poa,status,1,1,status,BTREE
kemkes-ihs,pov,PRIMARY,0,1,id,BTREE
kemkes-ihs,pov,status,1,1,status,BTREE
kemkes-ihs,practitioner,get,1,1,get,BTREE
kemkes-ihs,practitioner,id,1,1,id,BTREE
kemkes-ihs,practitioner,PRIMARY,0,1,refId,BTREE
kemkes-ihs,procedure,id,1,1,id,BTREE
kemkes-ihs,procedure,nopen,1,1,nopen,BTREE
kemkes-ihs,procedure,PRIMARY,0,1,refId,BTREE
kemkes-ihs,procedure,send,1,1,send,BTREE
kemkes-ihs,prognosis_clinical_impression,id,1,1,id,BTREE
kemkes-ihs,prognosis_clinical_impression,kunjungan,1,1,kunjungan,BTREE
kemkes-ihs,prognosis_clinical_impression,nopen,1,1,nopen,BTREE
kemkes-ihs,prognosis_clinical_impression,PRIMARY,0,1,refId,BTREE
kemkes-ihs,prognosis_clinical_impression,send,1,1,send,BTREE
kemkes-ihs,questionnaire_response,id,1,1,id,BTREE
kemkes-ihs,questionnaire_response,nopen,1,1,nopen,BTREE
kemkes-ihs,questionnaire_response,PRIMARY,0,1,refId,BTREE
kemkes-ihs,questionnaire_response,send,1,1,send,BTREE
kemkes-ihs,referensi_to_type_code_reference,ID_CODE,1,1,ID_CODE,BTREE
kemkes-ihs,referensi_to_type_code_reference,PRIMARY,0,1,JENIS_REFERENSI,BTREE
kemkes-ihs,referensi_to_type_code_reference,PRIMARY,0,2,ID_REFERENSI,BTREE
kemkes-ihs,referensi_to_type_code_reference,STATUS,1,1,STATUS,BTREE
kemkes-ihs,referensi_to_type_code_reference,TYPE_CODE,1,1,TYPE_CODE,BTREE
kemkes-ihs,rute_obat,CODE,1,1,CODE,BTREE
kemkes-ihs,rute_obat,PRIMARY,0,1,RUTE,BTREE
kemkes-ihs,satuan_lab_to_ut,SATUAN_LAB_UNIT_TERM,0,1,SATUAN_LAB,BTREE
kemkes-ihs,satuan_lab_to_ut,SATUAN_LAB_UNIT_TERM,0,2,UNIT_TERM,BTREE
kemkes-ihs,satuan_lab_to_ut,STATUS,1,1,STATUS,BTREE
kemkes-ihs,service_request,id,1,1,id,BTREE
kemkes-ihs,service_request,nopen,1,1,nopen,BTREE
kemkes-ihs,service_request,PRIMARY,0,1,refId,BTREE
kemkes-ihs,service_request,send,1,1,send,BTREE
kemkes-ihs,service_request_jadwal_kontrol,id,1,1,id,BTREE
kemkes-ihs,service_request_jadwal_kontrol,kunjungan,1,1,kunjungan,BTREE
kemkes-ihs,service_request_jadwal_kontrol,nopen,1,1,nopen,BTREE
kemkes-ihs,service_request_jadwal_kontrol,PRIMARY,0,1,refId,BTREE
kemkes-ihs,service_request_jadwal_kontrol,send,1,1,send,BTREE
kemkes-ihs,sinkronisasi,ID_TERAKHIR,1,1,ID_TERAKHIR,BTREE
kemkes-ihs,sinkronisasi,PRIMARY,0,1,ID,BTREE
kemkes-ihs,sinkronisasi,STATUS,1,1,STATUS,BTREE
kemkes-ihs,sinkronisasi,TANGGAL,1,1,TANGGAL_TERAKHIR,BTREE
kemkes-ihs,snomed_ct,active,1,1,active,BTREE
kemkes-ihs,snomed_ct,caseSignificanceId,1,1,caseSignificanceId,BTREE
kemkes-ihs,snomed_ct,conceptId,1,1,conceptId,BTREE
kemkes-ihs,snomed_ct,id,1,1,id,BTREE
kemkes-ihs,snomed_ct,moduleId,1,1,moduleId,BTREE
kemkes-ihs,snomed_ct,term,1,1,term,BTREE
kemkes-ihs,specimen,id,1,1,id,BTREE
kemkes-ihs,specimen,nopen,1,1,nopen,BTREE
kemkes-ihs,specimen,PRIMARY,0,1,refId,BTREE
kemkes-ihs,specimen,send,1,1,send,BTREE
kemkes-ihs,tindakan_to_loinc,PRIMARY,0,1,TINDAKAN,BTREE
kemkes-ihs,tindakan_to_loinc,STATUS,1,1,STATUS,BTREE
kemkes-ihs,tindakan_to_loinc,TINDAKAN_LOINC_TERMINOLOGI,0,1,TINDAKAN,BTREE
kemkes-ihs,tindakan_to_loinc,TINDAKAN_LOINC_TERMINOLOGI,0,2,LOINC_TERMINOLOGI,BTREE
kemkes-ihs,type_code_reference,code,1,1,code,BTREE
kemkes-ihs,type_code_reference,PRIMARY,0,1,type,BTREE
kemkes-ihs,type_code_reference,PRIMARY,0,2,id,BTREE
kemkes-ihs,type_code_reference,status,1,1,status,BTREE
kemkes-rsonline,data_kebutuhan_apd,kirim,1,1,kirim,BTREE
kemkes-rsonline,data_kebutuhan_apd,PRIMARY,0,1,id_kebutuhan,BTREE
kemkes-rsonline,data_kebutuhan_sdm,kirim,1,1,kirim,BTREE
kemkes-rsonline,data_kebutuhan_sdm,PRIMARY,0,1,id_kebutuhan,BTREE
kemkes-rsonline,data_tempat_tidur,id_tt,0,1,id_tt,BTREE
kemkes-rsonline,data_tempat_tidur,id_tt,0,2,ruang,BTREE
kemkes-rsonline,data_tempat_tidur,kirim,1,1,kirim,BTREE
kemkes-rsonline,data_tempat_tidur,PRIMARY,0,1,id,BTREE
kemkes-rsonline,diagnosa_pasien,kirim,1,1,kirim,BTREE
kemkes-rsonline,diagnosa_pasien,nomr,0,1,nomr,BTREE
kemkes-rsonline,diagnosa_pasien,nomr,0,2,icd,BTREE
kemkes-rsonline,diagnosa_pasien,nomr,0,3,level,BTREE
kemkes-rsonline,diagnosa_pasien,PRIMARY,0,1,id,BTREE
kemkes-rsonline,icd_covid19,PRIMARY,0,1,KODE,BTREE
kemkes-rsonline,jenis_kelamin,PRIMARY,0,1,id_gender,BTREE
kemkes-rsonline,jenis_pasien,PRIMARY,0,1,id_jenis_pasien,BTREE
kemkes-rsonline,kabupaten,PRIMARY,0,1,kode,BTREE
kemkes-rsonline,kabupaten,propinsi,1,1,propinsi,BTREE
kemkes-rsonline,kamar_simrs_rs_online,PRIMARY,0,1,id,BTREE
kemkes-rsonline,kamar_simrs_rs_online,ruang_kamar,0,1,ruang_kamar,BTREE
kemkes-rsonline,kamar_simrs_rs_online,status,1,1,status,BTREE
kemkes-rsonline,kamar_simrs_rs_online,tempat_tidur,1,1,tempat_tidur,BTREE
kemkes-rsonline,kebutuhan_apd,PRIMARY,0,1,id_kebutuhan,BTREE
kemkes-rsonline,kebutuhan_sdm,PRIMARY,0,1,id_kebutuhan,BTREE
kemkes-rsonline,kecamatan,kabkota,1,1,kabkota,BTREE
kemkes-rsonline,kecamatan,PRIMARY,0,1,kode,BTREE
kemkes-rsonline,kewarganegaraan,PRIMARY,0,1,id_nation,BTREE
kemkes-rsonline,pasien,kirim,1,1,kirim,BTREE
kemkes-rsonline,pasien,noc,1,1,noc,BTREE
kemkes-rsonline,pasien,PRIMARY,0,1,nomr,BTREE
kemkes-rsonline,propinsi,PRIMARY,0,1,prop_kode,BTREE
kemkes-rsonline,rekap_pasien_keluar,kirim,1,1,kirim,BTREE
kemkes-rsonline,rekap_pasien_keluar,PRIMARY,0,1,id,BTREE
kemkes-rsonline,rekap_pasien_keluar,tanggal,0,1,tanggal,BTREE
kemkes-rsonline,rekap_pasien_komorbid,kirim,1,1,kirim,BTREE
kemkes-rsonline,rekap_pasien_komorbid,PRIMARY,0,1,id,BTREE
kemkes-rsonline,rekap_pasien_komorbid,tanggal,0,1,tanggal,BTREE
kemkes-rsonline,rekap_pasien_masuk,kirim,1,1,kirim,BTREE
kemkes-rsonline,rekap_pasien_masuk,PRIMARY,0,1,id,BTREE
kemkes-rsonline,rekap_pasien_masuk,tanggal,0,1,tanggal,BTREE
kemkes-rsonline,rekap_pasien_nonkomorbid,kirim,1,1,kirim,BTREE
kemkes-rsonline,rekap_pasien_nonkomorbid,PRIMARY,0,1,id,BTREE
kemkes-rsonline,rekap_pasien_nonkomorbid,tanggal,0,1,tanggal,BTREE
kemkes-rsonline,status_isolasi,id_status_rawat,1,1,id_status_rawat,BTREE
kemkes-rsonline,status_isolasi,PRIMARY,0,1,id_isolasi,BTREE
kemkes-rsonline,status_keluar,PRIMARY,0,1,id_status,BTREE
kemkes-rsonline,status_rawat,PRIMARY,0,1,id_status_rawat,BTREE
kemkes-rsonline,sumber_penularan,PRIMARY,0,1,id_source,BTREE
kemkes-rsonline,tempat_tidur,PRIMARY,0,1,kode_tt,BTREE
kemkes-sirs,rl1-2,kirim,1,1,kirim,BTREE
kemkes-sirs,rl1-2,PRIMARY,0,1,object_id,BTREE
kemkes-sirs,rl1-2,ref_id,1,1,id,BTREE
kemkes-sirs,rl1-2,tahun,0,1,tahun,BTREE
kemkes-sirs,rl1-2,tanggal_kirim,1,1,tanggal_kirim,BTREE
kemkes-sirs,rl1-3,kirim,1,1,kirim,BTREE
kemkes-sirs,rl1-3,PRIMARY,0,1,object_id,BTREE
kemkes-sirs,rl1-3,ref_id,1,1,id,BTREE
kemkes-sirs,rl1-3,tahun_no,0,1,tahun,BTREE
kemkes-sirs,rl1-3,tahun_no,0,2,no,BTREE
kemkes-sirs,rl1-3,tanggal_kirim,1,1,tanggal_kirim,BTREE
kemkes-sirs,rl2,kirim,1,1,kirim,BTREE
kemkes-sirs,rl2,PRIMARY,0,1,object_id,BTREE
kemkes-sirs,rl2,ref_id,1,1,id,BTREE
kemkes-sirs,rl2,tahun_no_kode,0,1,tahun,BTREE
kemkes-sirs,rl2,tahun_no_kode,0,2,no_kode,BTREE
kemkes-sirs,rl2,tanggal_kirim,1,1,tanggal_kirim,BTREE
kemkes-sirs,rl3-1,kirim,1,1,kirim,BTREE
kemkes-sirs,rl3-1,PRIMARY,0,1,object_id,BTREE
kemkes-sirs,rl3-1,ref_id,1,1,id,BTREE
kemkes-sirs,rl3-1,tahun_no,0,1,tahun,BTREE
kemkes-sirs,rl3-1,tahun_no,0,2,no,BTREE
kemkes-sirs,rl3-1,tanggal_kirim,1,1,tanggal_kirim,BTREE
kemkes-sirs,rl3-10,kirim,1,1,kirim,BTREE
kemkes-sirs,rl3-10,PRIMARY,0,1,object_id,BTREE
kemkes-sirs,rl3-10,ref_id,1,1,id,BTREE
kemkes-sirs,rl3-10,tahun_no,0,1,tahun,BTREE
kemkes-sirs,rl3-10,tahun_no,0,2,no,BTREE
kemkes-sirs,rl3-10,tanggal_kirim,1,1,tanggal_kirim,BTREE
kemkes-sirs,rl3-11,kirim,1,1,kirim,BTREE
kemkes-sirs,rl3-11,PRIMARY,0,1,object_id,BTREE
kemkes-sirs,rl3-11,ref_id,1,1,id,BTREE
kemkes-sirs,rl3-11,tahun_no,0,1,tahun,BTREE
kemkes-sirs,rl3-11,tahun_no,0,2,no,BTREE
kemkes-sirs,rl3-11,tanggal_kirim,1,1,tanggal_kirim,BTREE
kemkes-sirs,rl3-12,kirim,1,1,kirim,BTREE
kemkes-sirs,rl3-12,PRIMARY,0,1,object_id,BTREE
kemkes-sirs,rl3-12,ref_id,1,1,id,BTREE
kemkes-sirs,rl3-12,tahun_no,0,1,tahun,BTREE
kemkes-sirs,rl3-12,tahun_no,0,2,no,BTREE
kemkes-sirs,rl3-12,tanggal_kirim,1,1,tanggal_kirim,BTREE
kemkes-sirs,rl3-13,kirim,1,1,kirim,BTREE
kemkes-sirs,rl3-13,PRIMARY,0,1,object_id,BTREE
kemkes-sirs,rl3-13,ref_id,1,1,id,BTREE
kemkes-sirs,rl3-13,tahun_no,0,1,tahun,BTREE
kemkes-sirs,rl3-13,tahun_no,0,2,no,BTREE
kemkes-sirs,rl3-13,tanggal_kirim,1,1,tanggal_kirim,BTREE
kemkes-sirs,rl3-13b,kirim,1,1,kirim,BTREE
kemkes-sirs,rl3-13b,PRIMARY,0,1,object_id,BTREE
kemkes-sirs,rl3-13b,ref_id,1,1,id,BTREE
kemkes-sirs,rl3-13b,tahun_no,0,1,tahun,BTREE
kemkes-sirs,rl3-13b,tahun_no,0,2,no,BTREE
kemkes-sirs,rl3-13b,tanggal_kirim,1,1,tanggal_kirim,BTREE
kemkes-sirs,rl3-14,kirim,1,1,kirim,BTREE
kemkes-sirs,rl3-14,PRIMARY,0,1,object_id,BTREE
kemkes-sirs,rl3-14,ref_id,1,1,id,BTREE
kemkes-sirs,rl3-14,tahun_no,0,1,tahun,BTREE
kemkes-sirs,rl3-14,tahun_no,0,2,no,BTREE
kemkes-sirs,rl3-14,tanggal_kirim,1,1,tanggal_kirim,BTREE
kemkes-sirs,rl3-15,kirim,1,1,kirim,BTREE
kemkes-sirs,rl3-15,PRIMARY,0,1,object_id,BTREE
kemkes-sirs,rl3-15,ref_id,1,1,id,BTREE
kemkes-sirs,rl3-15,tahun_no,0,1,tahun,BTREE
kemkes-sirs,rl3-15,tahun_no,0,2,no,BTREE
kemkes-sirs,rl3-15,tanggal_kirim,1,1,tanggal_kirim,BTREE
kemkes-sirs,rl3-2,kirim,1,1,kirim,BTREE
kemkes-sirs,rl3-2,PRIMARY,0,1,object_id,BTREE
kemkes-sirs,rl3-2,ref_id,1,1,id,BTREE
kemkes-sirs,rl3-2,tahun_no,0,1,tahun,BTREE
kemkes-sirs,rl3-2,tahun_no,0,2,no,BTREE
kemkes-sirs,rl3-2,tanggal_kirim,1,1,tanggal_kirim,BTREE
kemkes-sirs,rl3-3,kirim,1,1,kirim,BTREE
kemkes-sirs,rl3-3,PRIMARY,0,1,object_id,BTREE
kemkes-sirs,rl3-3,ref_id,1,1,id,BTREE
kemkes-sirs,rl3-3,tahun_no,0,1,tahun,BTREE
kemkes-sirs,rl3-3,tahun_no,0,2,no,BTREE
kemkes-sirs,rl3-3,tanggal_kirim,1,1,tanggal_kirim,BTREE
kemkes-sirs,rl3-4,kirim,1,1,kirim,BTREE
kemkes-sirs,rl3-4,PRIMARY,0,1,object_id,BTREE
kemkes-sirs,rl3-4,ref_id,1,1,id,BTREE
kemkes-sirs,rl3-4,tahun_no,0,1,tahun,BTREE
kemkes-sirs,rl3-4,tahun_no,0,2,no,BTREE
kemkes-sirs,rl3-4,tanggal_kirim,1,1,tanggal_kirim,BTREE
kemkes-sirs,rl3-5,kirim,1,1,kirim,BTREE
kemkes-sirs,rl3-5,PRIMARY,0,1,object_id,BTREE
kemkes-sirs,rl3-5,ref_id,1,1,id,BTREE
kemkes-sirs,rl3-5,tahun_no,0,1,tahun,BTREE
kemkes-sirs,rl3-5,tahun_no,0,2,no,BTREE
kemkes-sirs,rl3-5,tanggal_kirim,1,1,tanggal_kirim,BTREE
kemkes-sirs,rl3-6,kirim,1,1,kirim,BTREE
kemkes-sirs,rl3-6,PRIMARY,0,1,object_id,BTREE
kemkes-sirs,rl3-6,ref_id,1,1,id,BTREE
kemkes-sirs,rl3-6,tahun_no,0,1,tahun,BTREE
kemkes-sirs,rl3-6,tahun_no,0,2,no,BTREE
kemkes-sirs,rl3-6,tanggal_kirim,1,1,tanggal_kirim,BTREE
kemkes-sirs,rl3-7,kirim,1,1,kirim,BTREE
kemkes-sirs,rl3-7,PRIMARY,0,1,object_id,BTREE
kemkes-sirs,rl3-7,ref_id,1,1,id,BTREE
kemkes-sirs,rl3-7,tahun_no,0,1,tahun,BTREE
kemkes-sirs,rl3-7,tahun_no,0,2,no,BTREE
kemkes-sirs,rl3-7,tanggal_kirim,1,1,tanggal_kirim,BTREE
kemkes-sirs,rl3-8,kirim,1,1,kirim,BTREE
kemkes-sirs,rl3-8,PRIMARY,0,1,object_id,BTREE
kemkes-sirs,rl3-8,ref_id,1,1,id,BTREE
kemkes-sirs,rl3-8,tahun_no,0,1,tahun,BTREE
kemkes-sirs,rl3-8,tahun_no,0,2,no,BTREE
kemkes-sirs,rl3-8,tanggal_kirim,1,1,tanggal_kirim,BTREE
kemkes-sirs,rl3-9,kirim,1,1,kirim,BTREE
kemkes-sirs,rl3-9,PRIMARY,0,1,object_id,BTREE
kemkes-sirs,rl3-9,ref_id,1,1,id,BTREE
kemkes-sirs,rl3-9,tahun_no,0,1,tahun,BTREE
kemkes-sirs,rl3-9,tahun_no,0,2,no,BTREE
kemkes-sirs,rl3-9,tanggal_kirim,1,1,tanggal_kirim,BTREE
kemkes-sirs,rl4a,kirim,1,1,kirim,BTREE
kemkes-sirs,rl4a,PRIMARY,0,1,object_id,BTREE
kemkes-sirs,rl4a,ref_id,1,1,id,BTREE
kemkes-sirs,rl4a,tahun_no,0,1,tahun,BTREE
kemkes-sirs,rl4a,tahun_no,0,2,no_dtd,BTREE
kemkes-sirs,rl4a,tanggal_kirim,1,1,tanggal_kirim,BTREE
kemkes-sirs,rl4a-sebab,kirim,1,1,kirim,BTREE
kemkes-sirs,rl4a-sebab,PRIMARY,0,1,object_id,BTREE
kemkes-sirs,rl4a-sebab,ref_id,1,1,id,BTREE
kemkes-sirs,rl4a-sebab,tahun_no,0,1,tahun,BTREE
kemkes-sirs,rl4a-sebab,tahun_no,0,2,no_dtd,BTREE
kemkes-sirs,rl4a-sebab,tanggal_kirim,1,1,tanggal_kirim,BTREE
kemkes-sirs,rl4b,kirim,1,1,kirim,BTREE
kemkes-sirs,rl4b,PRIMARY,0,1,object_id,BTREE
kemkes-sirs,rl4b,ref_id,1,1,id,BTREE
kemkes-sirs,rl4b,tahun_no,0,1,tahun,BTREE
kemkes-sirs,rl4b,tahun_no,0,2,no_dtd,BTREE
kemkes-sirs,rl4b,tanggal_kirim,1,1,tanggal_kirim,BTREE
kemkes-sirs,rl4b-sebab,kirim,1,1,kirim,BTREE
kemkes-sirs,rl4b-sebab,PRIMARY,0,1,object_id,BTREE
kemkes-sirs,rl4b-sebab,ref_id,1,1,id,BTREE
kemkes-sirs,rl4b-sebab,tahun_no,0,1,tahun,BTREE
kemkes-sirs,rl4b-sebab,tahun_no,0,2,no_dtd,BTREE
kemkes-sirs,rl4b-sebab,tanggal_kirim,1,1,tanggal_kirim,BTREE
kemkes-sirs,rl5-1,kirim,1,1,kirim,BTREE
kemkes-sirs,rl5-1,PRIMARY,0,1,object_id,BTREE
kemkes-sirs,rl5-1,ref_id,1,1,id,BTREE
kemkes-sirs,rl5-1,tahun_bulan_no,0,1,tahun,BTREE
kemkes-sirs,rl5-1,tahun_bulan_no,0,2,bulan,BTREE
kemkes-sirs,rl5-1,tahun_bulan_no,0,3,no,BTREE
kemkes-sirs,rl5-1,tanggal_kirim,1,1,tanggal_kirim,BTREE
kemkes-sirs,rl5-2,kirim,1,1,kirim,BTREE
kemkes-sirs,rl5-2,PRIMARY,0,1,object_id,BTREE
kemkes-sirs,rl5-2,ref_id,1,1,id,BTREE
kemkes-sirs,rl5-2,tahun_bulan_no,0,1,tahun,BTREE
kemkes-sirs,rl5-2,tahun_bulan_no,0,2,bulan,BTREE
kemkes-sirs,rl5-2,tahun_bulan_no,0,3,no,BTREE
kemkes-sirs,rl5-2,tanggal_kirim,1,1,tanggal_kirim,BTREE
kemkes-sirs,rl5-3,kirim,1,1,kirim,BTREE
kemkes-sirs,rl5-3,no_urut,1,1,no_urut,BTREE
kemkes-sirs,rl5-3,PRIMARY,0,1,object_id,BTREE
kemkes-sirs,rl5-3,ref_id,1,1,id,BTREE
kemkes-sirs,rl5-3,tahun_bulan_no,0,1,tahun,BTREE
kemkes-sirs,rl5-3,tahun_bulan_no,0,2,bulan,BTREE
kemkes-sirs,rl5-3,tahun_bulan_no,0,3,kode_icd_10,BTREE
kemkes-sirs,rl5-3,tanggal_kirim,1,1,tanggal_kirim,BTREE
kemkes-sirs,rl5-4,kirim,1,1,kirim,BTREE
kemkes-sirs,rl5-4,no_urut,1,1,no_urut,BTREE
kemkes-sirs,rl5-4,PRIMARY,0,1,object_id,BTREE
kemkes-sirs,rl5-4,ref_id,1,1,id,BTREE
kemkes-sirs,rl5-4,tahun_bulan_no,0,1,tahun,BTREE
kemkes-sirs,rl5-4,tahun_bulan_no,0,2,bulan,BTREE
kemkes-sirs,rl5-4,tahun_bulan_no,0,3,kode_icd_10,BTREE
kemkes-sirs,rl5-4,tanggal_kirim,1,1,tanggal_kirim,BTREE
laporan,request_report,DOCUMENT_STORAGE_ID,1,1,DOCUMENT_STORAGE_ID,BTREE
laporan,request_report,KEY,1,1,KEY,BTREE
laporan,request_report,PRIMARY,0,1,ID,BTREE
laporan,request_report,REF_ID,1,1,REF_ID,BTREE
laporan,request_report,REPORT_ID,1,1,DOCUMENT_DIRECTORY_ID,BTREE
laporan,request_report,STATUS,1,1,STATUS,BTREE
layanan,batas_layanan_obat,FARMASI,1,1,FARMASI,BTREE
layanan,batas_layanan_obat,NORM,1,1,NORM,BTREE
layanan,batas_layanan_obat,PRIMARY,0,1,ID,BTREE
layanan,batas_layanan_obat,REF,1,1,REF,BTREE
layanan,batas_layanan_obat,STATUS,1,1,STATUS,BTREE
layanan,batas_layanan_obat,TANGGAL,1,1,TANGGAL,BTREE
layanan,bon_sisa_farmasi,FARMASI,1,1,FARMASI,BTREE
layanan,bon_sisa_farmasi,PRIMARY,0,1,ID,BTREE
layanan,bon_sisa_farmasi,REF,1,1,REF,BTREE
layanan,bon_sisa_farmasi,STATUS,1,1,STATUS,BTREE
layanan,bon_sisa_farmasi,TANGGAL,1,1,TANGGAL,BTREE
layanan,catatan_hasil_lab,DOKTER,1,1,DOKTER,BTREE
layanan,catatan_hasil_lab,PRIMARY,0,1,KUNJUNGAN,BTREE
layanan,catatan_hasil_lab,TANGGAL,1,1,TANGGAL,BTREE
layanan,dcm_rad,PATIENT_ID_STUDY_UID_SERIES_UID,0,1,PATIENT_ID,BTREE
layanan,dcm_rad,PATIENT_ID_STUDY_UID_SERIES_UID,0,2,STUDY_UID,BTREE
layanan,dcm_rad,PATIENT_ID_STUDY_UID_SERIES_UID,0,3,SERIES_UID,BTREE
layanan,dcm_rad,PRIMARY,0,1,ID,BTREE
layanan,dcm_rad,TANGGAL,1,1,TANGGAL,BTREE
layanan,dcm_rad,TINDAKAN_MEDIS,1,1,TINDAKAN_MEDIS,BTREE
layanan,farmasi,FARMASI,1,1,FARMASI,BTREE
layanan,farmasi,FLAG,1,1,FLAG,BTREE
layanan,farmasi,FREKUENSI,1,1,FREKUENSI,BTREE
layanan,farmasi,ID_ORDER_DETAIL,1,1,ID_ORDER_DETAIL,BTREE
layanan,farmasi,KLAIM_TERPISAH,1,1,KLAIM_TERPISAH,BTREE
layanan,farmasi,KUNJUNGAN,1,1,KUNJUNGAN,BTREE
layanan,farmasi,PRIMARY,0,1,ID,BTREE
layanan,farmasi,REF,1,1,REF,BTREE
layanan,farmasi,RUTE_PEMBERIAN,1,1,RUTE_PEMBERIAN,BTREE
layanan,farmasi,STATUS,1,1,STATUS,BTREE
layanan,farmasi,TANGGAL,1,1,TANGGAL,BTREE
layanan,farmasi,TINDAKAN,1,1,TINDAKAN,BTREE
layanan,farmasi_kpo,JENIS,1,1,JENIS,BTREE
layanan,farmasi_kpo,PRIMARY,0,1,NOMOR,BTREE
layanan,farmasi_kpo,RESEP_TERLAYANI_KPO,1,1,RESEP_TERLAYANI_KPO,BTREE
layanan,farmasi_kpo,RUANGAN_DEPO,1,1,RUANGAN_DEPO,BTREE
layanan,farmasi_kpo,STATUS,1,1,STATUS,BTREE
layanan,farmasi_kpo,UPDATE_TIME,1,1,UPDATE_TIME,BTREE
layanan,formulir_antibiotik,formulir_antibiotik_TANGGAL_IDX,1,1,TANGGAL,BTREE
layanan,formulir_antibiotik,PRIMARY,0,1,ID,BTREE
layanan,formulir_antibiotik_approve,formulir_antibiotik_approve_TANGGAL_IDX,1,1,FORMULIR,BTREE
layanan,formulir_antibiotik_approve,PRIMARY,0,1,ID,BTREE
layanan,formulir_antibiotik_detail,PRIMARY,0,1,ID,BTREE
layanan,formulir_antibiotik_hl,PRIMARY,0,1,ID,BTREE
layanan,formulir_antibiotik_hlm,PRIMARY,0,1,ID,BTREE
layanan,formulir_antibiotik_hr,PRIMARY,0,1,ID,BTREE
layanan,formulir_antibiotik_pl,PRIMARY,0,1,ID,BTREE
layanan,formulir_antibiotik_pu,PRIMARY,0,1,ID,BTREE
layanan,formulir_antibiotik_rs,formulir_antibiotik_rs_FORMULIR_IDX,1,1,FORMULIR,BTREE
layanan,formulir_antibiotik_rs,PRIMARY,0,1,ID,BTREE
layanan,hasil_evaluasi_sst,DOKTER,1,1,DOKTER,BTREE
layanan,hasil_evaluasi_sst,PRIMARY,0,1,ID,BTREE
layanan,hasil_evaluasi_sst,STATUS,1,1,STATUS,BTREE
layanan,hasil_evaluasi_sst,TINDAKAN_MEDIS,1,1,KUNJUNGAN,BTREE
layanan,hasil_lab,PRIMARY,0,1,ID,BTREE
layanan,hasil_lab,STATUS,1,1,STATUS,BTREE
layanan,hasil_lab,TANGGAL,1,1,TANGGAL,BTREE
layanan,hasil_lab,TINDAKAN_MEDIS_PARAMETER_TINDAKAN,0,1,TINDAKAN_MEDIS,BTREE
layanan,hasil_lab,TINDAKAN_MEDIS_PARAMETER_TINDAKAN,0,2,PARAMETER_TINDAKAN,BTREE
layanan,hasil_lab_exam,KUNJUNGAN,0,1,KUNJUNGAN,BTREE
layanan,hasil_lab_exam,KUNJUNGAN_KEY,1,1,KUNJUNGAN,BTREE
layanan,hasil_lab_exam,PRIMARY,0,1,ID,BTREE
layanan,hasil_lab_kepekaan,ANTIBIOTIK,1,1,ANTIBIOTIK,BTREE
layanan,hasil_lab_kepekaan,BAKTERI,1,1,BAKTERI,BTREE
layanan,hasil_lab_kepekaan,KUNJUNGAN,1,1,KUNJUNGAN,BTREE
layanan,hasil_lab_kepekaan,KUNJUNGAN_PEMERIKSAAN_ID_BAKTERI_ANTIBIOTIK,0,1,KUNJUNGAN,BTREE
layanan,hasil_lab_kepekaan,KUNJUNGAN_PEMERIKSAAN_ID_BAKTERI_ANTIBIOTIK,0,2,PEMERIKSAAN_ID,BTREE
layanan,hasil_lab_kepekaan,KUNJUNGAN_PEMERIKSAAN_ID_BAKTERI_ANTIBIOTIK,0,3,BAKTERI,BTREE
layanan,hasil_lab_kepekaan,KUNJUNGAN_PEMERIKSAAN_ID_BAKTERI_ANTIBIOTIK,0,4,ANTIBIOTIK,BTREE
layanan,hasil_lab_kepekaan,OTOMATIS,1,1,OTOMATIS,BTREE
layanan,hasil_lab_kepekaan,PEMERIKSAAN_ID,1,1,PEMERIKSAAN_ID,BTREE
layanan,hasil_lab_kepekaan,PRIMARY,0,1,ID,BTREE
layanan,hasil_lab_kepekaan,STATUS,1,1,STATUS,BTREE
layanan,hasil_lab_kultur,DOKTER,1,1,DOKTER,BTREE
layanan,hasil_lab_kultur,KUNJUNGAN,1,1,KUNJUNGAN,BTREE
layanan,hasil_lab_kultur,KUNJUNGAN_PEMERIKSAAN_ID,0,1,KUNJUNGAN,BTREE
layanan,hasil_lab_kultur,KUNJUNGAN_PEMERIKSAAN_ID,0,2,PEMERIKSAAN_ID,BTREE
layanan,hasil_lab_kultur,OTOMATIS,1,1,OTOMATIS,BTREE
layanan,hasil_lab_kultur,PEMERIKSAAN_ID,1,1,PEMERIKSAAN_ID,BTREE
layanan,hasil_lab_kultur,PRIMARY,0,1,ID,BTREE
layanan,hasil_lab_kultur,STATUS,1,1,STATUS,BTREE
layanan,hasil_lab_mikroskopik,KUNJUNGAN_UNIQUE,0,1,KUNJUNGAN,BTREE
layanan,hasil_lab_mikroskopik,PRIMARY,0,1,ID,BTREE
layanan,hasil_lab_mikroskopik_detail,KUNJUNGAN,1,1,KUNJUNGAN,BTREE
layanan,hasil_lab_mikroskopik_detail,PEMERIKSAAN,1,1,PEMERIKSAAN,BTREE
layanan,hasil_lab_mikroskopik_detail,PRIMARY,0,1,ID,BTREE
layanan,hasil_lab_pcr,KUNJUNGAN,1,1,KUNJUNGAN,BTREE
layanan,hasil_lab_pcr,KUNJUNGAN_UNIQUE,0,1,KUNJUNGAN,BTREE
layanan,hasil_lab_pcr,PRIMARY,0,1,ID,BTREE
layanan,hasil_pa,JENIS_PEMERIKSAAN,1,1,JENIS_PEMERIKSAAN,BTREE
layanan,hasil_pa,KUNJUNGAN,1,1,KUNJUNGAN,BTREE
layanan,hasil_pa,PRIMARY,0,1,ID,BTREE
layanan,hasil_pa,STATUS,1,1,STATUS,BTREE
layanan,hasil_pa,TANGGAL_INPUT,1,1,TANGGAL_INPUT,BTREE
layanan,hasil_pemeriksaan_imunoflurosensi_pa,DOKTER,1,1,DOKTER,BTREE
layanan,hasil_pemeriksaan_imunoflurosensi_pa,KUNJUNGAN,0,1,KUNJUNGAN,BTREE
layanan,hasil_pemeriksaan_imunoflurosensi_pa,PRIMARY,0,1,ID,BTREE
layanan,hasil_pemeriksaan_imunoflurosensi_pa,STATUS,1,1,STATUS,BTREE
layanan,hasil_pemeriksaan_imunoflurosensi_pa,TANGGAL_HASIL,1,1,TANGGAL_HASIL,BTREE
layanan,hasil_pemeriksaan_molekuler_pa,DOKTER,1,1,DOKTER,BTREE
layanan,hasil_pemeriksaan_molekuler_pa,JENIS_PEMERIKSAAN,1,1,JENIS_PEMERIKSAAN,BTREE
layanan,hasil_pemeriksaan_molekuler_pa,KUNJUNGAN,0,1,KUNJUNGAN,BTREE
layanan,hasil_pemeriksaan_molekuler_pa,PRIMARY,0,1,ID,BTREE
layanan,hasil_pemeriksaan_molekuler_pa,STATUS,1,1,STATUS,BTREE
layanan,hasil_pemeriksaan_molekuler_pa,TANGGAL_HASIL,1,1,TANGGAL_HASIL,BTREE
layanan,hasil_rad,DOKTER,1,1,DOKTER,BTREE
layanan,hasil_rad,PRIMARY,0,1,ID,BTREE
layanan,hasil_rad,TANGGAL,1,1,TANGGAL,BTREE
layanan,hasil_rad,TINDAKAN_MEDIS,0,1,TINDAKAN_MEDIS,BTREE
layanan,iterasi_obat,ASAL,1,1,KUNJUNGAN_ASAL,BTREE
layanan,iterasi_obat,iterasi_obat_ITERASI_IDX,1,1,ITERASI,BTREE
layanan,iterasi_obat,iterasi_obat_RESEP_KE_IDX,1,1,RESEP_KE,BTREE
layanan,iterasi_obat,KUNJUNGAN,1,1,KUNJUNGAN,BTREE
layanan,iterasi_obat,OLEH,1,1,OLEH,BTREE
layanan,iterasi_obat,PRIMARY,0,1,NOMOR,BTREE
layanan,iterasi_obat,STATUS,1,1,STATUS,BTREE
layanan,jasa_tuslah_farmasi,FARMASI,1,1,FARMASI,BTREE
layanan,jasa_tuslah_farmasi,HARGA,1,1,HARGA,BTREE
layanan,jasa_tuslah_farmasi,KUNJUNGAN,1,1,KUNJUNGAN,BTREE
layanan,jasa_tuslah_farmasi,PRIMARY,0,1,ID,BTREE
layanan,kelahiran,KUNJUNGAN,1,1,KUNJUNGAN,BTREE
layanan,kelahiran,NAMA,1,1,NAMA,BTREE
layanan,kelahiran,NOPEN_IBU,1,1,NOPEN,BTREE
layanan,kelahiran,PRIMARY,0,1,ID,BTREE
layanan,kelahiran,STATUS,1,1,STATUS,BTREE
layanan,kelahiran,TANGGAL,1,1,TANGGAL,BTREE
layanan,layanan_bon_sisa_farmasi,FARMASI,1,1,FARMASI,BTREE
layanan,layanan_bon_sisa_farmasi,PRIMARY,0,1,ID,BTREE
layanan,layanan_bon_sisa_farmasi,REF,1,1,REF,BTREE
layanan,layanan_bon_sisa_farmasi,STATUS,1,1,STATUS,BTREE
layanan,layanan_bon_sisa_farmasi,TANGGAL,1,1,TANGGAL,BTREE
layanan,nilai_kritis_lab,HASIL_LAB,1,1,HASIL_LAB,BTREE
layanan,nilai_kritis_lab,PRIMARY,0,1,ID,BTREE
layanan,nilai_kritis_lab,STATUS,1,1,STATUS,BTREE
layanan,nilai_kritis_lab,STATUS_LAPOR,1,1,STATUS_LAPOR,BTREE
layanan,nilai_kritis_lab,TANGGAL,1,1,TANGGAL,BTREE
layanan,nilai_kritis_lab,WAKTU_LAPOR,1,1,WAKTU_LAPOR,BTREE
layanan,o2,KUNJUNGAN,1,1,KUNJUNGAN,BTREE
layanan,o2,PRIMARY,0,1,ID,BTREE
layanan,o2,STATUS,1,1,STATUS,BTREE
layanan,o2,TANGGAL,1,1,TANGGAL,BTREE
layanan,order_detil_lab,ORDER_ID_TINDAKAN,0,1,ORDER_ID,BTREE
layanan,order_detil_lab,ORDER_ID_TINDAKAN,0,2,TINDAKAN,BTREE
layanan,order_detil_lab,PRIMARY,0,1,ID,BTREE
layanan,order_detil_lab,REF,1,1,REF,BTREE
layanan,order_detil_lab,STATUS,1,1,STATUS,BTREE
layanan,order_detil_rad,ORDER_ID_TINDAKAN,0,1,ORDER_ID,BTREE
layanan,order_detil_rad,ORDER_ID_TINDAKAN,0,2,TINDAKAN,BTREE
layanan,order_detil_rad,PRIMARY,0,1,ID,BTREE
layanan,order_detil_rad,REF,1,1,REF,BTREE
layanan,order_detil_rad,STATUS,1,1,STATUS,BTREE
layanan,order_detil_resep,FARMASI,1,1,FARMASI,BTREE
layanan,order_detil_resep,FREKUENSI,1,1,FREKUENSI,BTREE
layanan,order_detil_resep,GROUP_RACIKAN,1,1,GROUP_RACIKAN,BTREE
layanan,order_detil_resep,ORDER_ID,1,1,ORDER_ID,BTREE
layanan,order_detil_resep,PRIMARY,0,1,ID,BTREE
layanan,order_detil_resep,RACIKAN,1,1,RACIKAN,BTREE
layanan,order_detil_resep,REF,1,1,REF,BTREE
layanan,order_detil_resep,REF_RIWAYAT_ORDER,1,1,REF_RIWAYAT_ORDER,BTREE
layanan,order_detil_resep,RUTE_PEMBERIAN,1,1,RUTE_PEMBERIAN,BTREE
layanan,order_detil_resep,STATUS,1,1,STATUS,BTREE
layanan,order_detil_resep,STATUS_PEMBERIAN,1,1,STATUS_PEMBERIAN,BTREE
layanan,order_detil_resep,TANGGAL_STOP,1,1,TANGGAL_STOP,BTREE
layanan,order_detil_resep,TINDAKAN,1,1,TINDAKAN,BTREE
layanan,order_detil_resep,TINDAKAN_PAKET,1,1,TINDAKAN_PAKET,BTREE
layanan,order_detil_resep,USER_STOP,1,1,USER_STOP,BTREE
layanan,order_lab,ADA_PENGANTAR_PA,1,1,ADA_PENGANTAR_PA,BTREE
layanan,order_lab,DOKTER_ASAL,1,1,DOKTER_ASAL,BTREE
layanan,order_lab,KUNJUNGAN,1,1,KUNJUNGAN,BTREE
layanan,order_lab,PERMINTAAN_DARAH,1,1,PERMINTAAN_DARAH,BTREE
layanan,order_lab,PRIMARY,0,1,NOMOR,BTREE
layanan,order_lab,STATUS,1,1,STATUS,BTREE
layanan,order_lab,TANGGAL,1,1,TANGGAL,BTREE
layanan,order_lab,TUJUAN,1,1,TUJUAN,BTREE
layanan,order_rad,DOKTER_ASAL,1,1,DOKTER_ASAL,BTREE
layanan,order_rad,KUNJUNGAN,1,1,KUNJUNGAN,BTREE
layanan,order_rad,LEMBAR_TRANSFER,1,1,LEMBAR_TRANSFER,BTREE
layanan,order_rad,PRIMARY,0,1,NOMOR,BTREE
layanan,order_rad,STATUS,1,1,STATUS,BTREE
layanan,order_rad,TANGGAL,1,1,TANGGAL,BTREE
layanan,order_rad,TUJUAN,1,1,TUJUAN,BTREE
layanan,order_resep,DOKTER_ASAL,1,1,DOKTER_DPJP,BTREE
layanan,order_resep,KUNJUNGAN,1,1,KUNJUNGAN,BTREE
layanan,order_resep,order_resep_IS_FORMULIR_ANTIBIOTIK_IDX,1,1,IS_FORMULIR_ANTIBIOTIK,BTREE
layanan,order_resep,order_resep_REF_ITERASI_IDX,1,1,REF_ITERASI,BTREE
layanan,order_resep,order_resep_REF_PROTOKOL_IDX,1,1,REF_PROTOKOL,BTREE
layanan,order_resep,PRIMARY,0,1,NOMOR,BTREE
layanan,order_resep,REF,1,1,REF,BTREE
layanan,order_resep,STATUS,1,1,STATUS,BTREE
layanan,order_resep,TANGGAL,1,1,TANGGAL,BTREE
layanan,order_resep,TINDAKAN_PAKET,1,1,TINDAKAN_PAKET,BTREE
layanan,order_resep,TUJUAN,1,1,TUJUAN,BTREE
layanan,pasien_meninggal,KUNJUNGAN,1,1,KUNJUNGAN,BTREE
layanan,pasien_meninggal,PRIMARY,0,1,ID,BTREE
layanan,pasien_meninggal,STATUS,1,1,STATUS,BTREE
layanan,pasien_meninggal,STATUS_VERIFIKASI,1,1,STATUS_VERIFIKASI,BTREE
layanan,pasien_meninggal,TANGGAL,1,1,TANGGAL,BTREE
layanan,pasien_meninggal,VERIFIKATOR,1,1,VERIFIKATOR,BTREE
layanan,pasien_pulang,KUNJUNGAN,1,1,KUNJUNGAN,BTREE
layanan,pasien_pulang,NOPEN,1,1,NOPEN,BTREE
layanan,pasien_pulang,PRIMARY,0,1,ID,BTREE
layanan,pasien_pulang,TANGGAL,1,1,TANGGAL,BTREE
layanan,pemakaian_bhp,KUNJUNGAN,1,1,KUNJUNGAN,BTREE
layanan,pemakaian_bhp,pemakaian_bhp_TINDAKAN_IDX,1,1,TINDAKAN,BTREE
layanan,pemakaian_bhp,PRIMARY,0,1,ID,BTREE
layanan,pemakaian_bhp,RUANGAN,1,1,RUANGAN,BTREE
layanan,pemakaian_bhp,STATUS,1,1,STATUS,BTREE
layanan,pemakaian_bhp,TANGGAL,1,1,TANGGAL,BTREE
layanan,pemakaian_bhp_detil,BAHAN,1,1,BARANG,BTREE
layanan,pemakaian_bhp_detil,PEMAKAIAN,1,1,PEMAKAIAN,BTREE
layanan,pemakaian_bhp_detil,PRIMARY,0,1,ID,BTREE
layanan,pemakaian_bhp_detil,STATUS,1,1,STATUS,BTREE
layanan,permintaan_darah_detail,KUNJUNGAN,1,1,KUNJUNGAN,BTREE
layanan,permintaan_darah_detail,ORDER_ID,1,1,ORDER_ID,BTREE
layanan,permintaan_darah_detail,PRIMARY,0,1,NOMOR,BTREE
layanan,petugas_tindakan_medis,PRIMARY,0,1,ID,BTREE
layanan,petugas_tindakan_medis,STATUS,1,1,STATUS,BTREE
layanan,petugas_tindakan_medis,TINDAKAN_MEDIS_JENIS_MEDIS_KE,0,1,TINDAKAN_MEDIS,BTREE
layanan,petugas_tindakan_medis,TINDAKAN_MEDIS_JENIS_MEDIS_KE,0,2,JENIS,BTREE
layanan,petugas_tindakan_medis,TINDAKAN_MEDIS_JENIS_MEDIS_KE,0,3,MEDIS,BTREE
layanan,petugas_tindakan_medis,TINDAKAN_MEDIS_JENIS_MEDIS_KE,0,4,KE,BTREE
layanan,protokol_pengobatan,JENIS,1,1,JENIS,BTREE
layanan,protokol_pengobatan,KUNJUNGAN,1,1,KUNJUNGAN,BTREE
layanan,protokol_pengobatan,PRIMARY,0,1,NOMOR,BTREE
layanan,protokol_pengobatan,protokol_pengobatan_ORDER_IDX,1,1,ORDER,BTREE
layanan,protokol_pengobatan,protokol_pengobatan_STADIUM_IDX,1,1,STADIUM,BTREE
layanan,protokol_pengobatan,STATUS,1,1,STATUS,BTREE
layanan,protokol_pengobatan,TANGGAL,1,1,TANGGAL,BTREE
layanan,protokol_pengobatan_detail,PRIMARY,0,1,ID,BTREE
layanan,protokol_pengobatan_detail,PROTOKOL,1,1,PROTOKOL,BTREE
layanan,protokol_pengobatan_detail,protokol_pengobatan_detail_DOKTER_DPJP_IDX,1,1,DOKTER_DPJP,BTREE
layanan,protokol_pengobatan_detail,protokol_pengobatan_detail_IS_ADD_IDX,1,1,ISADD,BTREE
layanan,protokol_pengobatan_detail,protokol_pengobatan_detail_PEMBERIANKE_IDX,1,1,PEMBERIANKE,BTREE
layanan,protokol_pengobatan_detail,REF_ASAL_KUNJUNGAN,1,1,REF_ASAL_KUNJUNGAN,BTREE
layanan,protokol_pengobatan_detail,SIKLUS,1,1,SIKLUS,BTREE
layanan,protokol_pengobatan_detail,STATUS,1,1,STATUS,BTREE
layanan,protokol_pengobatan_detail,TANGGAL,1,1,TANGGAL,BTREE
layanan,protokol_pengobatan_detail_obat,PRIMARY,0,1,ID,BTREE
layanan,protokol_pengobatan_detail_obat,PROTOKOL,1,1,PROTOKOL_DETAIL,BTREE
layanan,protokol_pengobatan_detail_obat,protokol_pengobatan_detail_obat_BARANG_IDX,1,1,BARANG,BTREE
layanan,protokol_pengobatan_detail_obat,protokol_pengobatan_detail_obat_FREKUENSI_IDX,1,1,FREKUENSI,BTREE
layanan,protokol_pengobatan_detail_obat,protokol_pengobatan_detail_obat_RUTE_PEMBERIAN_IDX,1,1,RUTE_PEMBERIAN,BTREE
layanan,protokol_pengobatan_detail_obat,SIKLUS,1,1,REF,BTREE
layanan,protokol_pengobatan_detail_obat,STATUS,1,1,STATUS,BTREE
layanan,resep_terlayani_kpo,DOKTER_DPJP,1,1,DOKTER_DPJP,BTREE
layanan,resep_terlayani_kpo,KUNJUNGAN,1,1,KUNJUNGAN,BTREE
layanan,resep_terlayani_kpo,NOPEN,1,1,NOPEN,BTREE
layanan,resep_terlayani_kpo,ORDER_RESEP,1,1,ORDER_RESEP,BTREE
layanan,resep_terlayani_kpo,PRIMARY,0,1,ID,BTREE
layanan,resep_terlayani_kpo,TANGGAL,1,1,TANGGAL,BTREE
layanan,resep_terlayani_kpo,TUJUAN,1,1,TUJUAN,BTREE
layanan,resep_terlayani_kpo_detil,FREKUENSI,1,1,FREKUENSI,BTREE
layanan,resep_terlayani_kpo_detil,KUNJUNGAN,1,1,KUNJUNGAN,BTREE
layanan,resep_terlayani_kpo_detil,LAYANAN_FARMASI,1,1,LAYANAN_FARMASI,BTREE
layanan,resep_terlayani_kpo_detil,PRIMARY,0,1,ID,BTREE
layanan,resep_terlayani_kpo_detil,RESEP_TERLAYANI_KPO,1,1,RESEP_TERLAYANI_KPO,BTREE
layanan,resep_terlayani_kpo_detil,RUTE_PEMBERIAN,1,1,RUTE_PEMBERIAN,BTREE
layanan,resep_terlayani_kpo_detil,STATUS_PEMBERIAN,1,1,STATUS_PEMBERIAN,BTREE
layanan,retur_farmasi,ID_FARMASI,1,1,ID_FARMASI,BTREE
layanan,retur_farmasi,PRIMARY,0,1,ID,BTREE
layanan,status_hasil_pemeriksaan,JENIS,1,1,JENIS,BTREE
layanan,status_hasil_pemeriksaan,PRIMARY,0,1,ID,BTREE
layanan,status_hasil_pemeriksaan,STATUS_HASIL,1,1,STATUS_HASIL,BTREE
layanan,status_hasil_pemeriksaan,STATUS_PEMERIKSAAN,1,1,STATUS_PEMERIKSAAN,BTREE
layanan,status_hasil_pemeriksaan,STATUS_PENGIRIMAN_HASIL,1,1,STATUS_PENGIRIMAN_HASIL,BTREE
layanan,status_hasil_pemeriksaan,TINDAKAN_MEDIS_ID,0,1,TINDAKAN_MEDIS_ID,BTREE
layanan,telaah_awal_resep,PRIMARY,0,1,ID,BTREE
layanan,telaah_awal_resep,RESEP_REF_TELAAH,0,1,RESEP,BTREE
layanan,telaah_awal_resep,RESEP_REF_TELAAH,0,2,REF_TELAAH,BTREE
layanan,telaah_awal_resep,RESEP_REF_TELAAH,0,3,JENIS,BTREE
layanan,telaah_awal_resep,STATUS,1,1,STATUS,BTREE
layanan,telaah_awal_resep,UPDATE_TIME,1,1,UPDATE_TIME,BTREE
layanan,tindakan_medis,KUNJUNGAN,1,1,KUNJUNGAN,BTREE
layanan,tindakan_medis,OTOMATIS,1,1,OTOMATIS,BTREE
layanan,tindakan_medis,PRIMARY,0,1,ID,BTREE
layanan,tindakan_medis,STATUS,1,1,STATUS,BTREE
layanan,tindakan_medis,TANGGAL,1,1,TANGGAL,BTREE
layanan,tindakan_medis,TINDAKAN,1,1,TINDAKAN,BTREE
layanan,tindakan_medis,VERIFIKASI,1,1,VERIFIKASI,BTREE
layanan,waktu_pelayanan_kpo,KUNJUNGAN,1,1,KUNJUNGAN,BTREE
layanan,waktu_pelayanan_kpo,LAYANAN_FARMASI,1,1,LAYANAN_FARMASI,BTREE
layanan,waktu_pelayanan_kpo,PRIMARY,0,1,ID,BTREE
layanan,waktu_pelayanan_kpo,STATUS,1,1,STATUS,BTREE
layanan,waktu_pelayanan_kpo_detil,PERAWAT_1,1,1,PERAWAT_1,BTREE
layanan,waktu_pelayanan_kpo_detil,PERAWAT_2,1,1,PERAWAT_2,BTREE
layanan,waktu_pelayanan_kpo_detil,PRIMARY,0,1,ID,BTREE
layanan,waktu_pelayanan_kpo_detil,STATUS,1,1,STATUS,BTREE
layanan,waktu_pelayanan_kpo_detil,WAKTU_PELAYANAN_KPO,1,1,WAKTU_PELAYANAN_KPO,BTREE
lis,dokter_jaga,DOKTER_ID,1,1,DOKTER_ID,BTREE
lis,dokter_jaga,PRIMARY,0,1,ID,BTREE
lis,dokter_jaga,STATUS,1,1,STATUS,BTREE
lis,flag_lis,PRIMARY,0,1,ID,BTREE
lis,flag_lis,VENDOR_ID_KODE,0,1,VENDOR_ID,BTREE
lis,flag_lis,VENDOR_ID_KODE,0,2,KODE,BTREE
lis,hasil_log,HIS_KODE_TEST,1,1,HIS_KODE_TEST,BTREE
lis,hasil_log,HIS_NO_LAB,1,1,HIS_NO_LAB,BTREE
lis,hasil_log,LIS_KODE_TEST,1,1,LIS_KODE_TEST,BTREE
lis,hasil_log,LIS_NAMA_TEST,1,1,LIS_NAMA_TEST,BTREE
lis,hasil_log,LIS_NO,1,1,LIS_NO,BTREE
lis,hasil_log,LIS_TANGGAL,1,1,LIS_TANGGAL,BTREE
lis,hasil_log,PREFIX_KODE,1,1,PREFIX_KODE,BTREE
lis,hasil_log,PRIMARY,0,1,ID,BTREE
lis,hasil_log,REF,1,1,REF,BTREE
lis,hasil_log,TANGGAL,1,1,TANGGAL,BTREE
lis,hasil_log,VENDOR_LIS,1,1,VENDOR_LIS,BTREE
lis,hasil_log_micro_antibiotik,HIS_ITEM_ID,1,1,HIS_ITEM_ID,BTREE
lis,hasil_log_micro_antibiotik,HIS_LAB_NO,1,1,HIS_LAB_NO,BTREE
lis,hasil_log_micro_antibiotik,LIS_ANTIBIOTIC_ID,1,1,LIS_ANTIBIOTIC_ID,BTREE
lis,hasil_log_micro_antibiotik,LIS_NO,1,1,LIS_NO,BTREE
lis,hasil_log_micro_antibiotik,PRIMARY,0,1,ID,BTREE
lis,hasil_log_micro_antibiotik,STATUS,1,1,STATUS,BTREE
lis,hasil_log_micro_antibiotik,TANGGAL,1,1,TANGGAL,BTREE
lis,hasil_log_micro_antibiotik,VENDOR_LIS,1,1,VENDOR_LIS,BTREE
lis,hasil_log_micro_organism,HIS_ITEM_ID,1,1,HIS_ITEM_ID,BTREE
lis,hasil_log_micro_organism,HIS_LAB_NO,1,1,HIS_LAB_NO,BTREE
lis,hasil_log_micro_organism,LIS_BIO_NUMBER,1,1,LIS_BIO_NUMBER,BTREE
lis,hasil_log_micro_organism,LIS_NO,1,1,LIS_NO,BTREE
lis,hasil_log_micro_organism,LIS_ORG_ID,1,1,LIS_ORG_ID,BTREE
lis,hasil_log_micro_organism,LIS_TANGGAL,1,1,LIS_TANGGAL,BTREE
lis,hasil_log_micro_organism,PATIENT_ID,1,1,PATIENT_ID,BTREE
lis,hasil_log_micro_organism,PRIMARY,0,1,ID,BTREE
lis,hasil_log_micro_organism,STATUS,1,1,STATUS,BTREE
lis,hasil_log_micro_organism,TANGGAL,1,1,TANGGAL,BTREE
lis,hasil_log_micro_organism,VENDOR_LIS,1,1,VENDOR_LIS,BTREE
lis,lis_tanpa_order_config,PRIMARY,0,1,ID,BTREE
lis,mapping_hasil,HIS_KODE_TES,1,1,HIS_KODE_TEST,BTREE
lis,mapping_hasil,LIS_KODE_TEST,1,1,LIS_KODE_TEST,BTREE
lis,mapping_hasil,PARAMETER_TINDAKAN_LAB,1,1,PARAMETER_TINDAKAN_LAB,BTREE
lis,mapping_hasil,PRIMARY,0,1,ID,BTREE
lis,mapping_hasil,VENDOR_LIS,1,1,VENDOR_LIS,BTREE
lis,mapping_hasil_micro,HIS_KODE,1,1,HIS_KODE,BTREE
lis,mapping_hasil_micro,JENIS,1,1,JENIS,BTREE
lis,mapping_hasil_micro,LIS_KODE,1,1,LIS_KODE,BTREE
lis,mapping_hasil_micro,PARAMETER_MICRO,1,1,PARAMETER_MICRO,BTREE
lis,mapping_hasil_micro,PRIMARY,0,1,ID,BTREE
lis,mapping_hasil_micro,VENDOR_LIS,1,1,VENDOR_LIS,BTREE
lis,order_item_log,PRIMARY,0,1,HIS_ID,BTREE
lis,parameter_lis,PRIMARY,0,1,ID,BTREE
lis,parameter_lis,VENDOR_ID_KODE,0,1,VENDOR_ID,BTREE
lis,parameter_lis,VENDOR_ID_KODE,0,2,KODE,BTREE
lis,parameter_lis_micro,PRIMARY,0,1,ID,BTREE
lis,parameter_lis_micro,STATUS,1,1,STATUS,BTREE
lis,parameter_lis_micro,VENDOR_ID_JENIS_KODE,0,1,VENDOR_ID,BTREE
lis,parameter_lis_micro,VENDOR_ID_JENIS_KODE,0,2,JENIS,BTREE
lis,parameter_lis_micro,VENDOR_ID_JENIS_KODE,0,3,KODE,BTREE
lis,prefix_parameter_lis,PRIMARY,0,1,ID,BTREE
lis,prefix_parameter_lis,VENDOR_ID_KODE_LIS_KODE_TEST,0,1,VENDOR_ID,BTREE
lis,prefix_parameter_lis,VENDOR_ID_KODE_LIS_KODE_TEST,0,2,KODE,BTREE
lis,prefix_parameter_lis,VENDOR_ID_KODE_LIS_KODE_TEST,0,3,LIS_KODE_TEST,BTREE
lis,status_hasil,PRIMARY,0,1,ID,BTREE
lis,status_hasil_log,FLAG,1,1,FLAG,BTREE
lis,status_hasil_log,ID,0,1,ID,BTREE
lis,status_hasil_log_micro_antibiotik,FLAG,1,1,FLAG,BTREE
lis,status_hasil_log_micro_antibiotik,ID,0,1,ID,BTREE
lis,status_hasil_log_micro_organism,FLAG,1,1,FLAG,BTREE
lis,status_hasil_log_micro_organism,ID,0,1,ID,BTREE
lis,vendor_lis,PRIMARY,0,1,ID,BTREE
logs,bridge_log,ACCESS_FROM_IP,1,1,ACCESS_FROM_IP,BTREE
logs,bridge_log,ID,1,1,ID,BTREE
logs,bridge_log,JENIS,1,1,JENIS,BTREE
logs,pengguna_akses_log,AKSI,1,1,AKSI,BTREE
logs,pengguna_akses_log,ID,1,1,ID,BTREE
logs,pengguna_akses_log,OBJEK,1,1,OBJEK,BTREE
logs,pengguna_akses_log,PENGGUNA,1,1,PENGGUNA,BTREE
logs,pengguna_akses_log,REF,1,1,REF,BTREE
logs,pengguna_request_log,LOKASI_AKSES,1,1,LOKASI_AKSES,BTREE
logs,pengguna_request_log,PENGGUNA,1,1,PENGGUNA,BTREE
logs,pengguna_request_log,PRIMARY,0,1,ID,BTREE
logs,pengguna_request_log,TANGGAL_AKSES,1,1,TANGGAL_AKSES,BTREE
logs,pengguna_request_log,TUJUAN_AKSES,1,1,TUJUAN_AKSES,BTREE
master,administrasi,NAMA,1,1,NAMA,BTREE
master,administrasi,PRIMARY,0,1,ID,BTREE
master,antibiotik_bakteri,BAKTERI_ANTIBIOTIK,0,1,BAKTERI,BTREE
master,antibiotik_bakteri,BAKTERI_ANTIBIOTIK,0,2,ANTIBIOTIK,BTREE
master,antibiotik_bakteri,PRIMARY,0,1,ID,BTREE
master,apoteker,NIP,0,1,NAMA,BTREE
master,apoteker,PRIMARY,0,1,ID,BTREE
master,apoteker,STATUS,1,1,STATUS,BTREE
master,audios,JENIS,1,1,JENIS,BTREE
master,audios,PRIMARY,0,1,ID,BTREE
master,audios,STATUS,1,1,STATUS,BTREE
master,audios,TEKS,1,1,TEKS,BTREE
master,batas_ruangan_vip,KELAS,1,1,KELAS,BTREE
master,batas_ruangan_vip,PRIMARY,0,1,ID,BTREE
master,batas_ruangan_vip,RUANGAN,1,1,RUANGAN,BTREE
master,batas_ruangan_vip,TANGGAL_SK,1,1,TANGGAL_SK,BTREE
master,bulan,PRIMARY,0,1,ID,BTREE
master,depo_layanan_farmasi,INDEKS,1,1,INDEKS,BTREE
master,depo_layanan_farmasi,MULAI,1,1,MULAI,BTREE
master,depo_layanan_farmasi,PRIMARY,0,1,ID,BTREE
master,depo_layanan_farmasi,RUANGAN_FARMASI,1,1,RUANGAN_FARMASI,BTREE
master,depo_layanan_farmasi,RUANGAN_LAYANAN,1,1,RUANGAN_LAYANAN,BTREE
master,depo_layanan_farmasi,SELESAI,1,1,SELESAI,BTREE
master,depo_layanan_farmasi,STATUS,1,1,STATUS,BTREE
master,diagnosa,PRIMARY,0,1,ID,BTREE
master,diagnosa_masuk,ICD_DIAGNOSA,0,1,ICD,BTREE
master,diagnosa_masuk,ICD_DIAGNOSA,0,2,DIAGNOSA,BTREE
master,diagnosa_masuk,PRIMARY,0,1,ID,BTREE
master,diskon,JENIS,1,1,JENIS,BTREE
master,diskon,JENIS_TANGGAL,0,1,JENIS,BTREE
master,diskon,JENIS_TANGGAL,0,2,TANGGAL,BTREE
master,diskon,PRIMARY,0,1,ID,BTREE
master,diskon,STATUS,1,1,STATUS,BTREE
master,diskon,TANGGAL,1,1,TANGGAL,BTREE
master,distribusi_tarif_paket,PAKET,1,1,PAKET,BTREE
master,distribusi_tarif_paket,PRIMARY,0,1,ID,BTREE
master,distribusi_tarif_paket,STATUS,1,1,STATUS,BTREE
master,distribusi_tarif_paket,TANGGAL,1,1,TANGGAL,BTREE
master,distribusi_tarif_paket_detil,PAKET_DETIL,1,1,PAKET_DETIL,BTREE
master,distribusi_tarif_paket_detil,PRIMARY,0,1,ID,BTREE
master,distribusi_tarif_paket_detil,STATUS,1,1,STATUS,BTREE
master,distribusi_tarif_paket_detil,TANGGAL,1,1,TANGGAL,BTREE
master,distribusi_tarif_tindakan,PRIMARY,0,1,ID,BTREE
master,distribusi_tarif_tindakan,TARIF_TINDAKAN_JENIS,0,1,TARIF_TINDAKAN,BTREE
master,distribusi_tarif_tindakan,TARIF_TINDAKAN_JENIS,0,2,JENIS,BTREE
master,dokter,NIP,0,1,NIP,BTREE
master,dokter,PRIMARY,0,1,ID,BTREE
master,dokter,STATUS,1,1,STATUS,BTREE
master,dokter_ruangan,DOKTER,1,1,DOKTER,BTREE
master,dokter_ruangan,PRIMARY,0,1,ID,BTREE
master,dokter_ruangan,RUANGAN,1,1,RUANGAN,BTREE
master,dokter_ruangan,STATUS,1,1,STATUS,BTREE
master,dokter_ruangan,TANGGAL,1,1,TANGGAL,BTREE
master,dokter_smf,DOKTER,1,1,DOKTER,BTREE
master,dokter_smf,PRIMARY,0,1,ID,BTREE
master,dokter_smf,SMF,1,1,SMF,BTREE
master,dokter_smf,STATUS,1,1,STATUS,BTREE
master,dokter_smf,TANGGAL,1,1,TANGGAL,BTREE
master,frekuensi_aturan_resep,KETERANGAN,1,1,KETERANGAN,BTREE
master,frekuensi_aturan_resep,PRIMARY,0,1,ID,BTREE
master,frekuensi_aturan_resep,STATUS,1,1,STATUS,BTREE
master,frekuensi_aturan_resep_kategori,FREKUENSI,1,1,FREKUENSI,BTREE
master,frekuensi_aturan_resep_kategori,KATEGORI,1,1,KATEGORI,BTREE
master,frekuensi_aturan_resep_kategori,PRIMARY,0,1,ID,BTREE
master,frekuensi_aturan_resep_kategori,STATUS,1,1,STATUS,BTREE
master,general_consent,PRIMARY,0,1,ID,BTREE
master,general_consent,PRIMARY,0,2,JENIS,BTREE
master,group_lab,PRIMARY,0,1,ID,BTREE
master,group_pemeriksaan,JENIS_ASSESMENT_PROCEDURE,1,1,JENIS_ASSESMENT_PROCEDURE,BTREE
master,group_pemeriksaan,JENIS_KODE_LEVEL,0,1,JENIS,BTREE
master,group_pemeriksaan,JENIS_KODE_LEVEL,0,2,KODE,BTREE
master,group_pemeriksaan,JENIS_KODE_LEVEL,0,3,LEVEL,BTREE
master,group_pemeriksaan,PRIMARY,0,1,ID,BTREE
master,group_pemeriksaan,STATUS,1,1,STATUS,BTREE
master,group_referensi_kelas,PRIMARY,0,1,ID,BTREE
master,group_referensi_kelas,REFERENSI_KELAS_KELAS,0,1,REFERENSI_KELAS,BTREE
master,group_referensi_kelas,REFERENSI_KELAS_KELAS,0,2,KELAS,BTREE
master,group_tindakan_lab,PRIMARY,0,1,GROUP_LAB,BTREE
master,group_tindakan_lab,PRIMARY,0,2,TINDAKAN,BTREE
master,icd_snomedct,ICD_KODE,1,1,ICD_KODE,BTREE
master,icd_snomedct,ICD_KODE_SNOMED_CT_ID_JENIS,0,1,ICD_KODE,BTREE
master,icd_snomedct,ICD_KODE_SNOMED_CT_ID_JENIS,0,2,SNOMED_CT_ID,BTREE
master,icd_snomedct,ICD_KODE_SNOMED_CT_ID_JENIS,0,3,JENIS,BTREE
master,icd_snomedct,JENIS,1,1,JENIS,BTREE
master,icd_snomedct,PRIMARY,0,1,ID,BTREE
master,icd_snomedct,SNOMED_CT_ID,1,1,SNOMED_CT_ID,BTREE
master,icd_snomedct,STATUS,1,1,STATUS,BTREE
master,ikatan_kerja_sama,PRIMARY,0,1,ID,BTREE
master,jenis_berkas_rm,KODE,1,1,KODE,BTREE
master,jenis_berkas_rm,PRIMARY,0,1,JENIS,BTREE
master,jenis_berkas_rm,PRIMARY,0,2,ID,BTREE
master,jenis_kunjungan_ruangan,PRIMARY,0,1,JENIS_KUNJUNGAN,BTREE
master,jenis_kunjungan_ruangan,PRIMARY,0,2,RUANGAN,BTREE
master,jenis_laporan,PRIMARY,0,1,ID,BTREE
master,jenis_laporan_detil,PRIMARY,0,1,JENIS,BTREE
master,jenis_laporan_detil,PRIMARY,0,2,ID,BTREE
master,jenis_nomor_surat,PRIMARY,0,1,ID,BTREE
master,jenis_nomor_surat,STATUS,1,1,STATUS,BTREE
master,jenis_peserta_penjamin,PRIMARY,0,1,JENIS,BTREE
master,jenis_peserta_penjamin,PRIMARY,0,2,ID,BTREE
master,jenis_referensi,PRIMARY,0,1,ID,BTREE
master,jenis_ruangan,PRIMARY,0,1,ID,BTREE
master,jenis_wilayah,PRIMARY,0,1,ID,BTREE
master,kartu_asuransi_pasien,NOMOR,1,1,NOMOR,BTREE
master,kartu_asuransi_pasien,NORM,1,1,NORM,BTREE
master,kartu_asuransi_pasien,PRIMARY,0,1,JENIS,BTREE
master,kartu_asuransi_pasien,PRIMARY,0,2,NORM,BTREE
master,kartu_identitas_keluarga,JENIS_KELUARGA_PASIEN_ID,0,1,JENIS,BTREE
master,kartu_identitas_keluarga,JENIS_KELUARGA_PASIEN_ID,0,2,KELUARGA_PASIEN_ID,BTREE
master,kartu_identitas_keluarga,KELUARGA_PASIEN_ID,1,1,KELUARGA_PASIEN_ID,BTREE
master,kartu_identitas_keluarga,NOMOR,1,1,NOMOR,BTREE
master,kartu_identitas_keluarga,PRIMARY,0,1,ID,BTREE
master,kartu_identitas_pasien,NOMOR,1,1,NOMOR,BTREE
master,kartu_identitas_pasien,NORM,1,1,NORM,BTREE
master,kartu_identitas_pasien,PRIMARY,0,1,JENIS,BTREE
master,kartu_identitas_pasien,PRIMARY,0,2,NORM,BTREE
master,kelas_simrs_kemkes,KELAS_KEMKES_KELAS,0,1,KELAS,BTREE
master,kelas_simrs_kemkes,KELAS_KEMKES_KELAS,0,2,KEMKES_KELAS,BTREE
master,kelas_simrs_kemkes,PRIMARY,0,1,ID,BTREE
master,kelas_simrs_rl,PRIMARY,0,1,KELAS,BTREE
master,kelas_simrs_rl,PRIMARY,0,2,RL_KELAS,BTREE
master,kelompok_operasi,PRIMARY,0,1,TINDAKAN,BTREE
master,keluarga_pasien,NORM,1,1,NORM,BTREE
master,keluarga_pasien,PRIMARY,0,1,ID,BTREE
master,keluarga_pasien,SHDK_NORM_JENIS_KELAMIN_NOMOR,0,1,SHDK,BTREE
master,keluarga_pasien,SHDK_NORM_JENIS_KELAMIN_NOMOR,0,2,NORM,BTREE
master,keluarga_pasien,SHDK_NORM_JENIS_KELAMIN_NOMOR,0,3,JENIS_KELAMIN,BTREE
master,keluarga_pasien,SHDK_NORM_JENIS_KELAMIN_NOMOR,0,4,NOMOR,BTREE
master,kemkes_kelas,PRIMARY,0,1,ID,BTREE
master,kemkes_kematian_dashboard,PRIMARY,0,1,IDKEMKES,BTREE
master,kemkes_kematian_dashboard,PRIMARY,0,2,RUANG,BTREE
master,kemkes_ruang_kematian,PRIMARY,0,1,ID,BTREE
master,kemkes_ruangan,id,1,1,ID,BTREE
master,kemkes_ruangan,PRIMARY,0,1,ID,BTREE
master,kode_surat_ruangan,PRIMARY,0,1,RUANGAN,BTREE
master,kode_surat_ruangan,STATUS,1,1,STATUS,BTREE
master,kontak_keluarga_pasien,NORM,1,1,NORM,BTREE
master,kontak_keluarga_pasien,PRIMARY,0,1,SHDK,BTREE
master,kontak_keluarga_pasien,PRIMARY,0,2,JENIS,BTREE
master,kontak_keluarga_pasien,PRIMARY,0,3,NORM,BTREE
master,kontak_keluarga_pasien,PRIMARY,0,4,NOMOR,BTREE
master,kontak_pasien,NORM,1,1,NORM,BTREE
master,kontak_pasien,PRIMARY,0,1,JENIS,BTREE
master,kontak_pasien,PRIMARY,0,2,NORM,BTREE
master,kontak_pasien,PRIMARY,0,3,NOMOR,BTREE
master,layanan_lainnya,JENIS,1,1,JENIS,BTREE
master,layanan_lainnya,NAMA,1,1,NAMA,BTREE
master,layanan_lainnya,PRIMARY,0,1,ID,BTREE
master,layanan_lainnya,STATUS,1,1,STATUS,BTREE
master,layanan_lainnya_tarif,KELAS,1,1,KELAS,BTREE
master,layanan_lainnya_tarif,LAYANAN_LAINNYA_ID,1,1,LAYANAN_LAINNYA_ID,BTREE
master,layanan_lainnya_tarif,LAYANAN_LAINNYA_ID_KELAS_TANGGAL,0,1,LAYANAN_LAINNYA_ID,BTREE
master,layanan_lainnya_tarif,LAYANAN_LAINNYA_ID_KELAS_TANGGAL,0,2,KELAS,BTREE
master,layanan_lainnya_tarif,LAYANAN_LAINNYA_ID_KELAS_TANGGAL,0,3,TANGGAL,BTREE
master,layanan_lainnya_tarif,PRIMARY,0,1,ID,BTREE
master,layanan_lainnya_tarif,STATUS,1,1,STATUS,BTREE
master,layanan_lainnya_tarif,TANGGAL,1,1,TANGGAL,BTREE
master,lock_akses_pasien,PRIMARY,0,1,NORM,BTREE
master,lock_akses_pasien,PRIMARY,0,2,TANGGAL,BTREE
master,lock_akses_pasien,STATUS,1,1,STATUS,BTREE
master,mapping_golongan_barang_penjamin,GOLONGAN,1,1,GOLONGAN,BTREE
master,mapping_golongan_barang_penjamin,PENJAMIN,1,1,PENJAMIN,BTREE
master,mapping_golongan_barang_penjamin,PRIMARY,0,1,ID,BTREE
master,mapping_golongan_barang_penjamin,STATUS,1,1,STATUS,BTREE
master,mapping_group_pemeriksaan,GROUP_PEMERIKSAAN_ID,1,1,GROUP_PEMERIKSAAN_ID,BTREE
master,mapping_group_pemeriksaan,PEMERIKSAAN,1,1,PEMERIKSAAN,BTREE
master,mapping_group_pemeriksaan,PRIMARY,0,1,ID,BTREE
master,mapping_group_pemeriksaan,STATUS,1,1,STATUS,BTREE
master,mapping_retriksi_formularium,FORMULIR_KHUSUS,1,1,FORMULIR_KHUSUS,BTREE
master,mapping_retriksi_formularium,JENIS_FORMULARIUM,1,1,JENIS_FORMULARIUM,BTREE
master,mapping_retriksi_formularium,JENIS_KUNJUNGAN,1,1,JENIS_KUNJUNGAN,BTREE
master,mapping_retriksi_formularium,KELAS,1,1,KELAS,BTREE
master,mapping_retriksi_formularium,KELAS_RUANG_RAWAT,1,1,KELAS_RUANG_RAWAT,BTREE
master,mapping_retriksi_formularium,PENJAMIN,1,1,PENJAMIN,BTREE
master,mapping_retriksi_formularium,PRIMARY,0,1,ID,BTREE
master,mapping_retriksi_formularium,STATUS,1,1,STATUS,BTREE
master,mapping_retriksi_unit_asal_resep,BARANG,1,1,BARANG,BTREE
master,mapping_retriksi_unit_asal_resep,PRIMARY,0,1,ID,BTREE
master,mapping_retriksi_unit_asal_resep,STATUS,1,1,STATUS,BTREE
master,mapping_retriksi_unit_asal_resep,UNIT,1,1,UNIT,BTREE
master,margin_penjamin_farmasi,CARA_BAYAR,1,1,PENJAMIN,BTREE
master,margin_penjamin_farmasi,JENIS,1,1,JENIS,BTREE
master,margin_penjamin_farmasi,PRIMARY,0,1,ID,BTREE
master,margin_penjamin_farmasi,STATUS,1,1,STATUS,BTREE
master,morphology_icd_o,CODE,1,1,CODE,BTREE
master,morphology_icd_o,PRIMARY,0,1,ID,BTREE
master,morphology_icd_o,STATUS,1,1,STATUS,BTREE
master,morphology_icd_o,STR,1,1,STR,BTREE
master,mrconso,CODE,1,1,CODE,BTREE
master,mrconso,CODE2,1,1,CODE2,BTREE
master,mrconso,SAB,1,1,SAB,BTREE
master,mrconso,TTY,1,1,TTY,BTREE
master,mrconso,VALIDCODE,1,1,VALIDCODE,BTREE
master,mrconso,x_ftstr,1,1,STR,FULLTEXT
master,mrconso,X_MRCONSO_AUI,1,1,AUI,BTREE
master,mrconso,X_MRCONSO_CODE,1,1,CODE,BTREE
master,mrconso,X_MRCONSO_CUI,1,1,CUI,BTREE
master,mrconso,x_sab,1,1,SAB,BTREE
master,mrconso,x_tty,1,1,TTY,BTREE
master,negara,PRIMARY,0,1,ID,BTREE
master,nilai_rujukan_lab,JENIS_KELAMIN,1,1,JENIS_KELAMIN,BTREE
master,nilai_rujukan_lab,PARAMETER_TINDAKAN,1,1,PARAMETER_TINDAKAN,BTREE
master,nilai_rujukan_lab,PRIMARY,0,1,ID,BTREE
master,paket,KELAS,1,1,KELAS,BTREE
master,paket,NAMA,1,1,NAMA,BTREE
master,paket,PRIMARY,0,1,ID,BTREE
master,paket,TANGGAL,1,1,TANGGAL,BTREE
master,paket_detil,ITEM,1,1,ITEM,BTREE
master,paket_detil,JENIS,1,1,JENIS,BTREE
master,paket_detil,PAKET,1,1,PAKET,BTREE
master,paket_detil,PRIMARY,0,1,ID,BTREE
master,paramedis_map,PRIMARY,0,1,ID,BTREE
master,parameter_tindakan_lab,PRIMARY,0,1,ID,BTREE
master,parameter_tindakan_lab,TINDAKAN,1,1,TINDAKAN,BTREE
master,pasien,LOCK_AKSES,1,1,LOCK_AKSES,BTREE
master,pasien,NAMA,1,1,NAMA,BTREE
master,pasien,PRIMARY,0,1,NORM,BTREE
master,pasien,STATUS,1,1,STATUS,BTREE
master,pasien_log,NAMA,1,1,NAMA,BTREE
master,pasien_log,NORM,1,1,NORM,BTREE
master,pasien_log,PRIMARY,0,1,LOG_ID,BTREE
master,pasien_log,STATUS,1,1,STATUS,BTREE
master,pegawai,NAMA,1,1,NAMA,BTREE
master,pegawai,NIP,0,1,NIP,BTREE
master,pegawai,NON_PEGAWAI,1,1,NON_PEGAWAI,BTREE
master,pegawai,PRIMARY,0,1,ID,BTREE
master,pegawai,STATUS,1,1,STATUS,BTREE
master,penjamin_ruangan,PENJAMIN,1,1,PENJAMIN,BTREE
master,penjamin_ruangan,PRIMARY,0,1,ID,BTREE
master,penjamin_ruangan,RUANGAN_PENJAMIN,1,1,RUANGAN_PENJAMIN,BTREE
master,penjamin_ruangan,RUANGAN_RS,1,1,RUANGAN_RS,BTREE
master,penjamin_sub_spesialistik,PENJAMIN,1,1,PENJAMIN,BTREE
master,penjamin_sub_spesialistik,PRIMARY,0,1,ID,BTREE
master,penjamin_sub_spesialistik,SUB_SPESIALIS_PENJAMIN,1,1,SUB_SPESIALIS_PENJAMIN,BTREE
master,penjamin_sub_spesialistik,SUB_SPESIALIS_RS,1,1,SUB_SPESIALIS_RS,BTREE
master,perawat,NIP,0,1,NIP,BTREE
master,perawat,PRIMARY,0,1,ID,BTREE
master,perawat,STATUS,1,1,STATUS,BTREE
master,perawat_ruangan,PERAWAT,1,1,PERAWAT,BTREE
master,perawat_ruangan,PRIMARY,0,1,ID,BTREE
master,perawat_ruangan,RUANGAN,1,1,RUANGAN,BTREE
master,perawat_ruangan,STATUS,1,1,STATUS,BTREE
master,perawat_ruangan,TANGGAL,1,1,TANGGAL,BTREE
master,ppk,BPJS,1,1,BPJS,BTREE
master,ppk,KODE,1,1,KODE,BTREE
master,ppk,PRIMARY,0,1,ID,BTREE
master,ppk,STATUS,1,1,STATUS,BTREE
master,referensi,JENIS_ID,0,1,JENIS,BTREE
master,referensi,JENIS_ID,0,2,ID,BTREE
master,referensi,PRIMARY,0,1,TABEL_ID,BTREE
master,referensi,REF_ID,1,1,REF_ID,BTREE
master,refrl,KODE,1,1,KODE,BTREE
master,refrl,KODE_HIRARKI,1,1,KODE_HIRARKI,BTREE
master,refrl,PRIMARY,0,1,JENISRL,BTREE
master,refrl,PRIMARY,0,2,IDJENISRL,BTREE
master,refrl,PRIMARY,0,3,ID,BTREE
master,rekening,BANK,1,1,BANK,BTREE
master,rekening,JENIS,1,1,JENIS,BTREE
master,rekening,NAMA,1,1,NOMOR,BTREE
master,rekening,PEMILIK,1,1,PEMILIK,BTREE
master,rekening,PRIMARY,0,1,ID,BTREE
master,retriksi_antibiotik_farmasi,BARANG,1,1,BARANG,BTREE
master,retriksi_antibiotik_farmasi,PRIMARY,0,1,ID,BTREE
master,retriksi_antibiotik_farmasi,retriksi_antibiotik_farmasi_ANTIBIOTIK_IDX,1,1,ANTIBIOTIK,BTREE
master,retriksi_antibiotik_farmasi,STATUS,1,1,STATUS,BTREE
master,retriksi_diagnosa_farmasi,BARANG,1,1,BARANG,BTREE
master,retriksi_diagnosa_farmasi,PRIMARY,0,1,ID,BTREE
master,retriksi_diagnosa_farmasi,retriksi_diagnosa_farmasi_DIAGNOSA_IDX,1,1,DIAGNOSA,BTREE
master,retriksi_diagnosa_farmasi,STATUS,1,1,STATUS,BTREE
master,retriksi_dokter_farmasi,BARANG,1,1,BARANG,BTREE
master,retriksi_dokter_farmasi,PRIMARY,0,1,ID,BTREE
master,retriksi_dokter_farmasi,retriksi_dokter_farmasi_DOKTER_IDX,1,1,DOKTER,BTREE
master,retriksi_dokter_farmasi,STATUS,1,1,STATUS,BTREE
master,retriksi_hari_farmasi,BARANG,1,1,BARANG,BTREE
master,retriksi_hari_farmasi,PRIMARY,0,1,ID,BTREE
master,retriksi_hari_farmasi,STATUS,1,1,STATUS,BTREE
master,retriksi_jumlah_farmasi,BARANG,1,1,BARANG,BTREE
master,retriksi_jumlah_farmasi,PRIMARY,0,1,ID,BTREE
master,retriksi_jumlah_farmasi,STATUS,1,1,STATUS,BTREE
master,rl13_ruangan,PRIMARY,0,1,ID,BTREE
master,rl13_ruangan,RL13,1,1,RL13,BTREE
master,rl2_pegawai,PRIMARY,0,1,NIP,BTREE
master,rl2_pegawai,RL2,1,1,RL2,BTREE
master,rl310_tindakan,PRIMARY,0,1,ID,BTREE
master,rl310_tindakan,RL10,1,1,RL310,BTREE
master,rl311_tindakan,PRIMARY,0,1,ID,BTREE
master,rl311_tindakan,RL11,1,1,RL311,BTREE
master,rl312_tindakan,PRIMARY,0,1,ID,BTREE
master,rl312_tindakan,RL12,1,1,RL312,BTREE
master,rl314_smf,PRIMARY,0,1,ID,BTREE
master,rl314_smf,RL314,1,1,RL314,BTREE
master,rl315_penjamin,PRIMARY,0,1,ID,BTREE
master,rl315_penjamin,RL315,1,1,RL315,BTREE
master,rl31_smf,PRIMARY,0,1,ID,BTREE
master,rl31_smf,RL13,1,1,RL31,BTREE
master,rl32_ruangan,PRIMARY,0,1,ID,BTREE
master,rl32_ruangan,RL32,1,1,RL32,BTREE
master,rl32_smf,PRIMARY,0,1,ID,BTREE
master,rl32_smf,RL32,1,1,RL32,BTREE
master,rl33_tindakan,PRIMARY,0,1,ID,BTREE
master,rl33_tindakan,RL33,1,1,RL33,BTREE
master,rl34_icd10,PRIMARY,0,1,ID,BTREE
master,rl34_icd10,RL34,1,1,RL34,BTREE
master,rl35_icd10,PRIMARY,0,1,ID,BTREE
master,rl35_icd10,RL34,1,1,RL35,BTREE
master,rl36_smf,PRIMARY,0,1,ID,BTREE
master,rl36_smf,RL36,1,1,RL36,BTREE
master,rl37_tindakan,PRIMARY,0,1,ID,BTREE
master,rl37_tindakan,RL37,1,1,RL37,BTREE
master,rl38_tindakan,PRIMARY,0,1,ID,BTREE
master,rl38_tindakan,RL38,1,1,RL38,BTREE
master,rl39_tindakan,PRIMARY,0,1,ID,BTREE
master,rl39_tindakan,RL39,1,1,RL39,BTREE
master,rl4_icd10,IDJENISRL,1,1,IDJENISRL,BTREE
master,rl4_icd10,idrl4ab,1,1,IDRL4AB,BTREE
master,rl4_icd10,ket,1,1,KET,BTREE
master,rl4_icd10,kodeicd10,1,1,KODE,BTREE
master,rl4_icd10,PRIMARY,0,1,ID,BTREE
master,rl52_ruangan,PRIMARY,0,1,ID,BTREE
master,rl52_ruangan,RL52,1,1,RL52,BTREE
master,rl_kelas,PRIMARY,0,1,ID,BTREE
master,ruang_kamar,KAMAR,1,1,KAMAR,BTREE
master,ruang_kamar,KELAS,1,1,KELAS,BTREE
master,ruang_kamar,PRIMARY,0,1,ID,BTREE
master,ruang_kamar,RUANGAN,1,1,RUANGAN,BTREE
master,ruang_kamar,STATUS,1,1,STATUS,BTREE
master,ruang_kamar,TANGGAL,1,1,TANGGAL,BTREE
master,ruang_kamar_tidur,PRIMARY,0,1,ID,BTREE
master,ruang_kamar_tidur,RUANG_KAMAR,1,1,RUANG_KAMAR,BTREE
master,ruang_kamar_tidur,STATUS,1,1,STATUS,BTREE
master,ruang_kamar_tidur,TANGGAL,1,1,TANGGAL,BTREE
master,ruang_kamar_tidur,TEMPAT_TIDUR,1,1,TEMPAT_TIDUR,BTREE
master,ruangan,AKSES_PERMINTAAN,1,1,AKSES_PERMINTAAN,BTREE
master,ruangan,JENIS,1,1,JENIS,BTREE
master,ruangan,JENIS_KUNJUNGAN,1,1,JENIS_KUNJUNGAN,BTREE
master,ruangan,PRIMARY,0,1,ID,BTREE
master,ruangan,REF_ID,1,1,REF_ID,BTREE
master,ruangan,STATUS,1,1,STATUS,BTREE
master,ruangan_farmasi,PRIMARY,0,1,RUANGAN,BTREE
master,ruangan_farmasi,PRIMARY,0,2,FARMASI,BTREE
master,ruangan_farmasi,RUANGAN,1,1,RUANGAN,BTREE
master,ruangan_farmasi,STATUS,1,1,STATUS,BTREE
master,ruangan_kelas,KELAS,1,1,KELAS,BTREE
master,ruangan_kelas,PRIMARY,0,1,ID,BTREE
master,ruangan_kelas,RUANGAN,1,1,RUANGAN,BTREE
master,ruangan_kelas,STATUS,1,1,STATUS,BTREE
master,ruangan_kelas,TANGGAL,1,1,TANGGAL,BTREE
master,ruangan_konsul,PRIMARY,0,1,RUANGAN,BTREE
master,ruangan_konsul,PRIMARY,0,2,KONSUL,BTREE
master,ruangan_konsul,RUANGAN,1,1,RUANGAN,BTREE
master,ruangan_konsul,STATUS,1,1,STATUS,BTREE
master,ruangan_laboratorium,PRIMARY,0,1,RUANGAN,BTREE
master,ruangan_laboratorium,PRIMARY,0,2,LABORATORIUM,BTREE
master,ruangan_laboratorium,RUANGAN,1,1,RUANGAN,BTREE
master,ruangan_laboratorium,STATUS,1,1,STATUS,BTREE
master,ruangan_mutasi,PRIMARY,0,1,RUANGAN,BTREE
master,ruangan_mutasi,PRIMARY,0,2,MUTASI,BTREE
master,ruangan_mutasi,RUANGAN,1,1,RUANGAN,BTREE
master,ruangan_mutasi,STATUS,1,1,STATUS,BTREE
master,ruangan_operasi,PRIMARY,0,1,RUANGAN,BTREE
master,ruangan_operasi,PRIMARY,0,2,OPERASI,BTREE
master,ruangan_operasi,RUANGAN,1,1,RUANGAN,BTREE
master,ruangan_operasi,STATUS,1,1,STATUS,BTREE
master,ruangan_radiologi,PRIMARY,0,1,RUANGAN,BTREE
master,ruangan_radiologi,PRIMARY,0,2,RADIOLOGI,BTREE
master,ruangan_radiologi,RUANGAN,1,1,RUANGAN,BTREE
master,ruangan_radiologi,STATUS,1,1,STATUS,BTREE
master,ruangan_simrs_kemkes,PRIMARY,0,1,ID,BTREE
master,ruangan_simrs_kemkes,RUANGAN_KEMKES_RUANGAN,0,1,RUANGAN,BTREE
master,ruangan_simrs_kemkes,RUANGAN_KEMKES_RUANGAN,0,2,KEMKES_RUANGAN,BTREE
master,smf_ruangan,PRIMARY,0,1,ID,BTREE
master,smf_ruangan,RUANGAN,1,1,RUANGAN,BTREE
master,smf_ruangan,SMF,1,1,SMF,BTREE
master,smf_ruangan,STATUS,1,1,STATUS,BTREE
master,smf_ruangan,TANGGAL,1,1,TANGGAL,BTREE
master,staff,NIP,0,1,NIP,BTREE
master,staff,PRIMARY,0,1,ID,BTREE
master,staff,STATUS,1,1,STATUS,BTREE
master,staff_ruangan,PRIMARY,0,1,ID,BTREE
master,staff_ruangan,RUANGAN,1,1,RUANGAN,BTREE
master,staff_ruangan,STAFF,1,1,STAFF,BTREE
master,staff_ruangan,STATUS,1,1,STATUS,BTREE
master,staff_ruangan,TANGGAL,1,1,TANGGAL,BTREE
master,surveilans_penyakit_menular,idsurvei,1,1,ID,BTREE
master,surveilans_penyakit_menular,kode_penyakit,1,1,KODE_ICD10,BTREE
master,tanggal,PRIMARY,0,1,TANGGAL,BTREE
master,tarif_administrasi,ADMINISTRASI,1,1,ADMINISTRASI,BTREE
master,tarif_administrasi,JENIS_KUNJUNGAN,1,1,JENIS_KUNJUNGAN,BTREE
master,tarif_administrasi,PASIEN_BARU,1,1,PASIEN_BARU,BTREE
master,tarif_administrasi,PRIMARY,0,1,ID,BTREE
master,tarif_farmasi_per_kelas,FARMASI,1,1,FARMASI,BTREE
master,tarif_farmasi_per_kelas,KELAS,1,1,KELAS,BTREE
master,tarif_farmasi_per_kelas,PRIMARY,0,1,ID,BTREE
master,tarif_farmasi_per_kelas,TANGGAL,1,1,TANGGAL,BTREE
master,tarif_o2,PRIMARY,0,1,ID,BTREE
master,tarif_ruang_rawat,KELAS,1,1,KELAS,BTREE
master,tarif_ruang_rawat,KELAS_TANGGAL,0,1,KELAS,BTREE
master,tarif_ruang_rawat,KELAS_TANGGAL,0,2,TANGGAL,BTREE
master,tarif_ruang_rawat,PRIMARY,0,1,ID,BTREE
master,tarif_ruang_rawat,STATUS,1,1,STATUS,BTREE
master,tarif_ruang_rawat,TANGGAL,1,1,TANGGAL,BTREE
master,tarif_tindakan,KELAS,1,1,KELAS,BTREE
master,tarif_tindakan,PRIMARY,0,1,ID,BTREE
master,tarif_tindakan,STATUS,1,1,STATUS,BTREE
master,tarif_tindakan,TANGGAL,1,1,TANGGAL,BTREE
master,tarif_tindakan,TINDAKAN,1,1,TINDAKAN,BTREE
master,tarif_tindakan,TINDAKAN_KELAS_TANGGAL,0,1,TINDAKAN,BTREE
master,tarif_tindakan,TINDAKAN_KELAS_TANGGAL,0,2,KELAS,BTREE
master,tarif_tindakan,TINDAKAN_KELAS_TANGGAL,0,3,TANGGAL,BTREE
master,template_anatomi,KSM,1,1,KSM,BTREE
master,template_anatomi,PRIMARY,0,1,ID,BTREE
master,tindakan,JENIS,1,1,JENIS,BTREE
master,tindakan,KATEGORI,1,1,KATEGORI,BTREE
master,tindakan,KPTL_NO,1,1,KPTL_NO,BTREE
master,tindakan,KPTL_STATUS,1,1,KPTL_STATUS,BTREE
master,tindakan,NAMA,1,1,NAMA,BTREE
master,tindakan,PRIMARY,0,1,ID,BTREE
master,tindakan,PRIVACY,1,1,PRIVACY,BTREE
master,tindakan,STATUS,1,1,STATUS,BTREE
master,tindakan_keperawatan,NAMA,1,1,TINDAKAN,BTREE
master,tindakan_keperawatan,PRIMARY,0,1,ID,BTREE
master,tindakan_keperawatan,STATUS,1,1,STATUS,BTREE
master,tindakan_klp_operasi,PRIMARY,0,1,ID,BTREE
master,tindakan_klp_operasi,RL37,1,1,KELOMPOK_OPERASI,BTREE
master,tindakan_paket,PRIMARY,0,1,ID,BTREE
master,tindakan_paket,STATUS,1,1,STATUS,BTREE
master,tindakan_paket,TINDAKAN,1,1,TINDAKAN,BTREE
master,tindakan_rincian,NAMA,1,1,TINDAKAN,BTREE
master,tindakan_rincian,PRIMARY,0,1,ID,BTREE
master,tindakan_rincian,STATUS,1,1,STATUS,BTREE
master,tindakan_ruangan,PRIMARY,0,1,ID,BTREE
master,tindakan_ruangan,RUANGAN,1,1,RUANGAN,BTREE
master,tindakan_ruangan,STATUS,1,1,STATUS,BTREE
master,tindakan_ruangan,TANGGAL,1,1,TANGGAL,BTREE
master,tindakan_ruangan,TINDAKAN,1,1,TINDAKAN,BTREE
master,topography_icd_o,CODE,1,1,CODE,BTREE
master,topography_icd_o,PRIMARY,0,1,ID,BTREE
master,topography_icd_o,STATUS,1,1,STATUS,BTREE
master,topography_icd_o,STR,1,1,STR,BTREE
master,videos,IDX,1,1,IDX,BTREE
master,videos,JENIS,1,1,JENIS,BTREE
master,videos,PRIMARY,0,1,ID,BTREE
master,wilayah,DESKRIPSI,1,1,DESKRIPSI,BTREE
master,wilayah,JENIS,1,1,JENIS,BTREE
master,wilayah,PRIMARY,0,1,ID,BTREE
master,wilayah,STATUS,1,1,STATUS,BTREE
master,z_score_berat_badan,KATEGORI,1,1,KATEGORI,BTREE
master,z_score_berat_badan,PRIMARY,0,1,ID,BTREE
master,z_score_berat_badan,UMUR_BULAN_JENIS_KELAMIN,1,1,UMUR,BTREE
master,z_score_berat_badan,UMUR_BULAN_JENIS_KELAMIN,1,2,JENIS_KELAMIN,BTREE
master,z_score_berat_tinggi_badan,KATEGORI,1,1,KATEGORI,BTREE
master,z_score_berat_tinggi_badan,PRIMARY,0,1,ID,BTREE
master,z_score_berat_tinggi_badan,UMUR_BULAN_JENIS_KELAMIN,1,1,TINGGI,BTREE
master,z_score_berat_tinggi_badan,UMUR_BULAN_JENIS_KELAMIN,1,2,JENIS_KELAMIN,BTREE
master,z_score_imt,KATEGORI,1,1,KATEGORI,BTREE
master,z_score_imt,PRIMARY,0,1,ID,BTREE
master,z_score_imt,UMUR_BULAN_JENIS_KELAMIN,1,1,UMUR,BTREE
master,z_score_imt,UMUR_BULAN_JENIS_KELAMIN,1,2,JENIS_KELAMIN,BTREE
master,z_score_tinggi_badan,KATEGORI,1,1,KATEGORI,BTREE
master,z_score_tinggi_badan,PRIMARY,0,1,ID,BTREE
master,z_score_tinggi_badan,UMUR_BULAN_JENIS_KELAMIN,1,1,UMUR,BTREE
master,z_score_tinggi_badan,UMUR_BULAN_JENIS_KELAMIN,1,2,JENIS_KELAMIN,BTREE
medicalrecord,anamnesis,KUNJUNGAN,1,1,KUNJUNGAN,BTREE
medicalrecord,anamnesis,KUNJUNGAN_PENDAFTARAN,0,1,KUNJUNGAN,BTREE
medicalrecord,anamnesis,KUNJUNGAN_PENDAFTARAN,0,2,PENDAFTARAN,BTREE
medicalrecord,anamnesis,PENDAFTARAN,1,1,PENDAFTARAN,BTREE
medicalrecord,anamnesis,PRIMARY,0,1,ID,BTREE
medicalrecord,anamnesis,SNOMED_CT_ID,1,1,SNOMED_CT_ID,BTREE
medicalrecord,anamnesis,TANGGAL,1,1,TANGGAL,BTREE
medicalrecord,anamnesis_diperoleh,KUNJUNGAN,0,1,KUNJUNGAN,BTREE
medicalrecord,anamnesis_diperoleh,PRIMARY,0,1,ID,BTREE
medicalrecord,asuhan_keperawatan,KUNJUNGAN,1,1,KUNJUNGAN,BTREE
medicalrecord,asuhan_keperawatan,OLEH,1,1,OLEH,BTREE
medicalrecord,asuhan_keperawatan,PRIMARY,0,1,ID,BTREE
medicalrecord,asuhan_keperawatan,STATUS,1,1,STATUS,BTREE
medicalrecord,asuhan_keperawatan,TANGGAL_INPUT,1,1,TANGGAL_INPUT,BTREE
medicalrecord,asuhan_keperawatan,USER_VERIFIKASI,1,1,USER_VERIFIKASI,BTREE
medicalrecord,batuk,KUNJUNGAN,0,1,KUNJUNGAN,BTREE
medicalrecord,batuk,PRIMARY,0,1,ID,BTREE
medicalrecord,batuk,STATUS,1,1,STATUS,BTREE
medicalrecord,catatan_imple,DAFTAR_IMPLE,1,1,DAFTAR_IMPLE,BTREE
medicalrecord,catatan_imple,ID_DISCHARGE_PLANNING,1,1,ID_DISCHARGE_PLANNING,BTREE
medicalrecord,catatan_imple,PRIMARY,0,1,ID,BTREE
medicalrecord,catatan_imple,STATUS,1,1,STATUS,BTREE
medicalrecord,cppt,JENIS,1,1,JENIS,BTREE
medicalrecord,cppt,KUNJUNGAN,1,1,KUNJUNGAN,BTREE
medicalrecord,cppt,PRIMARY,0,1,ID,BTREE
medicalrecord,cppt,RENCANA_PULANG,1,1,RENCANA_PULANG,BTREE
medicalrecord,cppt,STATUS,1,1,STATUS,BTREE
medicalrecord,cppt,TANGGAL,1,1,TANGGAL,BTREE
medicalrecord,cppt,TENAGA_MEDIS,1,1,TENAGA_MEDIS,BTREE
medicalrecord,cppt_rawat_bersama,PRIMARY,0,1,ID,BTREE
medicalrecord,cppt_rawat_bersama,SELESAI_RAWAT_BERSAMA,1,1,SELESAI_RAWAT_BERSAMA,BTREE
medicalrecord,daftar_imple,OLEH,1,1,OLEH,BTREE
medicalrecord,daftar_imple,PRIMARY,0,1,ID,BTREE
medicalrecord,daftar_imple,STATUS,1,1,STATUS,BTREE
medicalrecord,diagnosa,BARU,1,1,BARU,BTREE
medicalrecord,diagnosa,INA_GROUPER,1,1,INA_GROUPER,BTREE
medicalrecord,diagnosa,INACBG,1,1,INACBG,BTREE
medicalrecord,diagnosa,KODE,1,1,KODE,BTREE
medicalrecord,diagnosa,NOPEN,1,1,NOPEN,BTREE
medicalrecord,diagnosa,PRIMARY,0,1,ID,BTREE
medicalrecord,diagnosa,SNOMED_CT_ID,1,1,SNOMED_CT_ID,BTREE
medicalrecord,diagnosa,STATUS,1,1,STATUS,BTREE
medicalrecord,diagnosa,UTAMA,1,1,UTAMA,BTREE
medicalrecord,diagnosa_keperawatan,KODE,1,1,KODE,BTREE
medicalrecord,diagnosa_keperawatan,PRIMARY,0,1,ID,BTREE
medicalrecord,diagnosa_keperawatan,STATUS,1,1,STATUS,BTREE
medicalrecord,diagnosa_meninggal,KODE,1,1,KODE,BTREE
medicalrecord,diagnosa_meninggal,NOPEN,1,1,NOPEN,BTREE
medicalrecord,diagnosa_meninggal,PRIMARY,0,1,ID,BTREE
medicalrecord,diagnosis,KUNJUNGAN,0,1,KUNJUNGAN,BTREE
medicalrecord,diagnosis,PRIMARY,0,1,ID,BTREE
medicalrecord,diagnosis,STATUS,1,1,STATUS,BTREE
medicalrecord,discharge_planning_faktor_risiko,KUNJUNGAN,0,1,KUNJUNGAN,BTREE
medicalrecord,discharge_planning_faktor_risiko,PRIMARY,0,1,ID,BTREE
medicalrecord,discharge_planning_skrining,KUNJUNGAN,0,1,KUNJUNGAN,BTREE
medicalrecord,discharge_planning_skrining,PRIMARY,0,1,ID,BTREE
medicalrecord,discharge_planning_skrining,SKRINING,1,1,SKRINING,BTREE
medicalrecord,discharge_planning_skrining,STATUS,1,1,STATUS,BTREE
medicalrecord,edukasi_emergency,KUNJUNGAN,1,1,KUNJUNGAN,BTREE
medicalrecord,edukasi_emergency,PRIMARY,0,1,ID,BTREE
medicalrecord,edukasi_end_of_life,PRIMARY,0,1,ID,BTREE
medicalrecord,edukasi_pasien_keluarga,KUNJUNGAN,0,1,KUNJUNGAN,BTREE
medicalrecord,edukasi_pasien_keluarga,PRIMARY,0,1,ID,BTREE
medicalrecord,faktor_risiko,KUNJUNGAN,0,1,KUNJUNGAN,BTREE
medicalrecord,faktor_risiko,PRIMARY,0,1,ID,BTREE
medicalrecord,faktor_risiko,STATUS,1,1,STATUS,BTREE
medicalrecord,faktor_risiko,TANGGAL,1,1,TANGGAL,BTREE
medicalrecord,fibroscan,KUNJUNGAN,1,1,KUNJUNGAN,BTREE
medicalrecord,fibroscan,PRIMARY,0,1,ID,BTREE
medicalrecord,final_balance,BALANCE_DATE,1,1,BALANCE_DATE,BTREE
medicalrecord,final_balance,KUNJUNGAN,1,1,KUNJUNGAN,BTREE
medicalrecord,final_balance,PRIMARY,0,1,ID,BTREE
medicalrecord,final_balance,STATUS,1,1,STATUS,BTREE
medicalrecord,fungsional,KUNJUNGAN,0,1,KUNJUNGAN,BTREE
medicalrecord,fungsional,OLEH,1,1,OLEH,BTREE
medicalrecord,fungsional,PRIMARY,0,1,ID,BTREE
medicalrecord,fungsional,STATUS,1,1,STATUS,BTREE
medicalrecord,hasil_mcu,JENIS_PEMERIKSAAN,1,1,JENIS_PEMERIKSAAN_ID,BTREE
medicalrecord,hasil_mcu,NOPEN,1,1,PENDAFTARAN_NOMOR,BTREE
medicalrecord,hasil_mcu,PRIMARY,0,1,ID,BTREE
medicalrecord,hasil_mcu,STATUS,1,1,STATUS,BTREE
medicalrecord,hubungan_psikososial_end_of_life,PRIMARY,0,1,ID,BTREE
medicalrecord,implementasi,PRIMARY,0,1,ID,BTREE
medicalrecord,implementasi,STATUS,1,1,STATUS,BTREE
medicalrecord,implementasi_asuhan_keperawatan,IMPLEMENTASI,1,1,IMPLEMENTASI,BTREE
medicalrecord,implementasi_asuhan_keperawatan,KUNJUNGAN,1,1,KUNJUNGAN,BTREE
medicalrecord,implementasi_asuhan_keperawatan,PRIMARY,0,1,ID,BTREE
medicalrecord,implementasi_asuhan_keperawatan,STATUS,1,1,STATUS,BTREE
medicalrecord,implementasi_indikator_keperawatan,PRIMARY,0,1,IMPLEMENTASI,BTREE
medicalrecord,implementasi_indikator_keperawatan,PRIMARY,0,2,JENIS_INDIKATOR,BTREE
medicalrecord,implementasi_indikator_keperawatan,PRIMARY,0,3,INDIKATOR,BTREE
medicalrecord,implementasi_indikator_keperawatan,STATUS,1,1,STATUS,BTREE
medicalrecord,implementasi_keperawatan,JENIS,1,1,JENIS,BTREE
medicalrecord,implementasi_keperawatan,PRIMARY,0,1,ID,BTREE
medicalrecord,implementasi_keperawatan,STATUS,1,1,STATUS,BTREE
medicalrecord,implementasi_keperawatan,TYPE,1,1,TYPE,BTREE
medicalrecord,imunisasi_vaksin,KUNJUNGAN,1,1,KUNJUNGAN,BTREE
medicalrecord,imunisasi_vaksin,PETUGAS_PEMBERI_IMUNISASI_VAKSIN,1,1,PETUGAS_RS,BTREE
medicalrecord,imunisasi_vaksin,PRIMARY,0,1,ID,BTREE
medicalrecord,imunisasi_vaksin,STATUS,1,1,STATUS,BTREE
medicalrecord,imunisasi_vaksin,TANGGAL,1,1,TANGGAL,BTREE
medicalrecord,indikator_keperawatan,KATEGORI,1,1,KATEGORI,BTREE
medicalrecord,indikator_keperawatan,PRIMARY,0,1,JENIS,BTREE
medicalrecord,indikator_keperawatan,PRIMARY,0,2,ID,BTREE
medicalrecord,indikator_keperawatan,STATUS,1,1,STATUS,BTREE
medicalrecord,jadwal_kontrol,DIBUAT_TANGGAL,1,1,DIBUAT_TANGGAL,BTREE
medicalrecord,jadwal_kontrol,KUNJUNGAN,0,1,KUNJUNGAN,BTREE
medicalrecord,jadwal_kontrol,NOMOR,1,1,NOMOR,BTREE
medicalrecord,jadwal_kontrol,NOMOR_BOOKING,1,1,NOMOR_BOOKING,BTREE
medicalrecord,jadwal_kontrol,NOMOR_REFERENSI,1,1,NOMOR_REFERENSI,BTREE
medicalrecord,jadwal_kontrol,PRIMARY,0,1,ID,BTREE
medicalrecord,jadwal_kontrol,SEP_ASAL,1,1,SEP_ASAL,BTREE
medicalrecord,jadwal_kontrol,STATUS,1,1,STATUS,BTREE
medicalrecord,jadwal_kontrol,SUDAH_DIGUNAKAN,1,1,SUDAH_DIGUNAKAN,BTREE
medicalrecord,jadwal_kontrol,TANGGAL,1,1,TANGGAL,BTREE
medicalrecord,jenis_indikator_keperawatan,PRIMARY,0,1,ID,BTREE
medicalrecord,jenis_indikator_keperawatan,STATUS,1,1,STATUS,BTREE
medicalrecord,jenis_pemeriksaan,IDX,1,1,IDX,BTREE
medicalrecord,jenis_pemeriksaan,PRIMARY,0,1,ID,BTREE
medicalrecord,keluhan_utama,KUNJUNGAN,0,1,KUNJUNGAN,BTREE
medicalrecord,keluhan_utama,PRIMARY,0,1,ID,BTREE
medicalrecord,keluhan_utama,SNOMED_CT_ID,1,1,SNOMED_CT_ID,BTREE
medicalrecord,keluhan_utama,TANGGAL,1,1,TANGGAL,BTREE
medicalrecord,kondisi_sosial,KUNJUNGAN,0,1,KUNJUNGAN,BTREE
medicalrecord,kondisi_sosial,PRIMARY,0,1,ID,BTREE
medicalrecord,lembar_transfer_pasien,KUNJUNGAN,1,1,KUNJUNGAN,BTREE
medicalrecord,lembar_transfer_pasien,PRIMARY,0,1,ID,BTREE
medicalrecord,lembar_transfer_pasien,STATUS,1,1,STATUS,BTREE
medicalrecord,lembar_transfer_pasien,TUJUAN,1,1,TUJUAN,BTREE
medicalrecord,mapping_diagnosa_indikator,DIAGNOSA,1,1,DIAGNOSA,BTREE
medicalrecord,mapping_diagnosa_indikator,INDIKATOR,1,1,INDIKATOR,BTREE
medicalrecord,mapping_diagnosa_indikator,JENIS,1,1,JENIS,BTREE
medicalrecord,mapping_diagnosa_indikator,PRIMARY,0,1,ID,BTREE
medicalrecord,mapping_diagnosa_indikator,STATUS,1,1,STATUS,BTREE
medicalrecord,mapping_intervensi_indikator,DIAGNOSA,1,1,INTERVENSI,BTREE
medicalrecord,mapping_intervensi_indikator,INDIKATOR,1,1,INDIKATOR,BTREE
medicalrecord,mapping_intervensi_indikator,JENIS,1,1,JENIS,BTREE
medicalrecord,mapping_intervensi_indikator,PRIMARY,0,1,ID,BTREE
medicalrecord,mapping_intervensi_indikator,STATUS,1,1,STATUS,BTREE
medicalrecord,nutrisi,KUNJUNGAN,1,1,KUNJUNGAN,BTREE
medicalrecord,nutrisi,OLEH,1,1,OLEH,BTREE
medicalrecord,nutrisi,PRIMARY,0,1,ID,BTREE
medicalrecord,nutrisi,STATUS,1,1,STATUS,BTREE
medicalrecord,obstetri,KUNJUNGAN,0,1,KUNJUNGAN,BTREE
medicalrecord,obstetri,PRIMARY,0,1,ID,BTREE
medicalrecord,obstetri_keluarga_berencana,PRIMARY,0,1,ID,BTREE
medicalrecord,operasi,KUNJUNGAN,1,1,KUNJUNGAN,BTREE
medicalrecord,operasi,PRIMARY,0,1,ID,BTREE
medicalrecord,operasi,STATUS,1,1,STATUS,BTREE
medicalrecord,operasi,TANGGAL,1,1,TANGGAL,BTREE
medicalrecord,operasi_di_tindakan,OPERASI_ID_TINDAKAN_MEDIS,0,1,OPERASI_ID,BTREE
medicalrecord,operasi_di_tindakan,OPERASI_ID_TINDAKAN_MEDIS,0,2,TINDAKAN_MEDIS,BTREE
medicalrecord,operasi_di_tindakan,PRIMARY,0,1,ID,BTREE
medicalrecord,pelaksana_operasi,JENIS,1,1,JENIS,BTREE
medicalrecord,pelaksana_operasi,OPERASI_ID,1,1,OPERASI_ID,BTREE
medicalrecord,pelaksana_operasi,PRIMARY,0,1,ID,BTREE
medicalrecord,pelaksana_operasi,STATUS,1,1,STATUS,BTREE
medicalrecord,pemantuan_hd_intradialitik,KUNJUNGAN,1,1,KUNJUNGAN,BTREE
medicalrecord,pemantuan_hd_intradialitik,PRIMARY,0,1,ID,BTREE
medicalrecord,pemantuan_hd_intradialitik,STATUS,1,1,STATUS,BTREE
medicalrecord,pemeriksaan_anus,KUNJUNGAN,1,1,KUNJUNGAN,BTREE
medicalrecord,pemeriksaan_anus,KUNJUNGAN_PENDAFTARAN,0,1,KUNJUNGAN,BTREE
medicalrecord,pemeriksaan_anus,KUNJUNGAN_PENDAFTARAN,0,2,PENDAFTARAN,BTREE
medicalrecord,pemeriksaan_anus,PENDAFTARAN,1,1,PENDAFTARAN,BTREE
medicalrecord,pemeriksaan_anus,PRIMARY,0,1,ID,BTREE
medicalrecord,pemeriksaan_anus,STATUS,1,1,STATUS,BTREE
medicalrecord,pemeriksaan_assesment_m_chat,KUNJUNGAN,1,1,KUNJUNGAN,BTREE
medicalrecord,pemeriksaan_assesment_m_chat,PRIMARY,0,1,ID,BTREE
medicalrecord,pemeriksaan_bibir,KUNJUNGAN,1,1,KUNJUNGAN,BTREE
medicalrecord,pemeriksaan_bibir,KUNJUNGAN_PENDAFTARAN,0,1,KUNJUNGAN,BTREE
medicalrecord,pemeriksaan_bibir,KUNJUNGAN_PENDAFTARAN,0,2,PENDAFTARAN,BTREE
medicalrecord,pemeriksaan_bibir,PENDAFTARAN,1,1,PENDAFTARAN,BTREE
medicalrecord,pemeriksaan_bibir,PRIMARY,0,1,ID,BTREE
medicalrecord,pemeriksaan_cat_clams,KUNJUNGAN,1,1,KUNJUNGAN,BTREE
medicalrecord,pemeriksaan_cat_clams,PRIMARY,0,1,ID,BTREE
medicalrecord,pemeriksaan_dada,KUNJUNGAN,1,1,KUNJUNGAN,BTREE
medicalrecord,pemeriksaan_dada,KUNJUNGAN_PENDAFTARAN,0,1,KUNJUNGAN,BTREE
medicalrecord,pemeriksaan_dada,KUNJUNGAN_PENDAFTARAN,0,2,PENDAFTARAN,BTREE
medicalrecord,pemeriksaan_dada,PENDAFTARAN,1,1,PENDAFTARAN,BTREE
medicalrecord,pemeriksaan_dada,PRIMARY,0,1,ID,BTREE
medicalrecord,pemeriksaan_eeg,KUNJUNGAN,1,1,KUNJUNGAN,BTREE
medicalrecord,pemeriksaan_eeg,PRIMARY,0,1,ID,BTREE
medicalrecord,pemeriksaan_ekg,DIBUAT_TANGGAL,1,1,DIBUAT_TANGGAL,BTREE
medicalrecord,pemeriksaan_ekg,KUNJUNGAN,1,1,KUNJUNGAN,BTREE
medicalrecord,pemeriksaan_ekg,PRIMARY,0,1,ID,BTREE
medicalrecord,pemeriksaan_emg,KUNJUNGAN,1,1,KUNJUNGAN,BTREE
medicalrecord,pemeriksaan_emg,PRIMARY,0,1,ID,BTREE
medicalrecord,pemeriksaan_faring,KUNJUNGAN,1,1,KUNJUNGAN,BTREE
medicalrecord,pemeriksaan_faring,KUNJUNGAN_PENDAFTARAN,0,1,KUNJUNGAN,BTREE
medicalrecord,pemeriksaan_faring,KUNJUNGAN_PENDAFTARAN,0,2,PENDAFTARAN,BTREE
medicalrecord,pemeriksaan_faring,PENDAFTARAN,1,1,PENDAFTARAN,BTREE
medicalrecord,pemeriksaan_faring,PRIMARY,0,1,ID,BTREE
medicalrecord,pemeriksaan_fisik,KUNJUNGAN,1,1,KUNJUNGAN,BTREE
medicalrecord,pemeriksaan_fisik,KUNJUNGAN_PENDAFTARAN,0,1,KUNJUNGAN,BTREE
medicalrecord,pemeriksaan_fisik,KUNJUNGAN_PENDAFTARAN,0,2,PENDAFTARAN,BTREE
medicalrecord,pemeriksaan_fisik,PENDAFTARAN,1,1,PENDAFTARAN,BTREE
medicalrecord,pemeriksaan_fisik,PRIMARY,0,1,ID,BTREE
medicalrecord,pemeriksaan_genital,KUNJUNGAN,1,1,KUNJUNGAN,BTREE
medicalrecord,pemeriksaan_genital,KUNJUNGAN_PENDAFTARAN,0,1,KUNJUNGAN,BTREE
medicalrecord,pemeriksaan_genital,KUNJUNGAN_PENDAFTARAN,0,2,PENDAFTARAN,BTREE
medicalrecord,pemeriksaan_genital,PENDAFTARAN,1,1,PENDAFTARAN,BTREE
medicalrecord,pemeriksaan_genital,PRIMARY,0,1,ID,BTREE
medicalrecord,pemeriksaan_gigi_geligi,KUNJUNGAN,1,1,KUNJUNGAN,BTREE
medicalrecord,pemeriksaan_gigi_geligi,KUNJUNGAN_PENDAFTARAN,0,1,KUNJUNGAN,BTREE
medicalrecord,pemeriksaan_gigi_geligi,KUNJUNGAN_PENDAFTARAN,0,2,PENDAFTARAN,BTREE
medicalrecord,pemeriksaan_gigi_geligi,PENDAFTARAN,1,1,PENDAFTARAN,BTREE
medicalrecord,pemeriksaan_gigi_geligi,PRIMARY,0,1,ID,BTREE
medicalrecord,pemeriksaan_hidung,KUNJUNGAN,1,1,KUNJUNGAN,BTREE
medicalrecord,pemeriksaan_hidung,KUNJUNGAN_PENDAFTARAN,0,1,KUNJUNGAN,BTREE
medicalrecord,pemeriksaan_hidung,KUNJUNGAN_PENDAFTARAN,0,2,PENDAFTARAN,BTREE
medicalrecord,pemeriksaan_hidung,PENDAFTARAN,1,1,PENDAFTARAN,BTREE
medicalrecord,pemeriksaan_hidung,PRIMARY,0,1,ID,BTREE
medicalrecord,pemeriksaan_jari_kaki,KUNJUNGAN,1,1,KUNJUNGAN,BTREE
medicalrecord,pemeriksaan_jari_kaki,KUNJUNGAN_PENDAFTARAN,0,1,KUNJUNGAN,BTREE
medicalrecord,pemeriksaan_jari_kaki,KUNJUNGAN_PENDAFTARAN,0,2,PENDAFTARAN,BTREE
medicalrecord,pemeriksaan_jari_kaki,PENDAFTARAN,1,1,PENDAFTARAN,BTREE
medicalrecord,pemeriksaan_jari_kaki,PRIMARY,0,1,ID,BTREE
medicalrecord,pemeriksaan_jari_tangan,KUNJUNGAN,1,1,KUNJUNGAN,BTREE
medicalrecord,pemeriksaan_jari_tangan,KUNJUNGAN_PENDAFTARAN,0,1,KUNJUNGAN,BTREE
medicalrecord,pemeriksaan_jari_tangan,KUNJUNGAN_PENDAFTARAN,0,2,PENDAFTARAN,BTREE
medicalrecord,pemeriksaan_jari_tangan,PENDAFTARAN,1,1,PENDAFTARAN,BTREE
medicalrecord,pemeriksaan_jari_tangan,PRIMARY,0,1,ID,BTREE
medicalrecord,pemeriksaan_kepala,KUNJUNGAN,1,1,KUNJUNGAN,BTREE
medicalrecord,pemeriksaan_kepala,KUNJUNGAN_PENDAFTARAN,0,1,KUNJUNGAN,BTREE
medicalrecord,pemeriksaan_kepala,KUNJUNGAN_PENDAFTARAN,0,2,PENDAFTARAN,BTREE
medicalrecord,pemeriksaan_kepala,PENDAFTARAN,1,1,PENDAFTARAN,BTREE
medicalrecord,pemeriksaan_kepala,PRIMARY,0,1,ID,BTREE
medicalrecord,pemeriksaan_kuku_kaki,KUNJUNGAN,1,1,KUNJUNGAN,BTREE
medicalrecord,pemeriksaan_kuku_kaki,KUNJUNGAN_PENDAFTARAN,0,1,KUNJUNGAN,BTREE
medicalrecord,pemeriksaan_kuku_kaki,KUNJUNGAN_PENDAFTARAN,0,2,PENDAFTARAN,BTREE
medicalrecord,pemeriksaan_kuku_kaki,PENDAFTARAN,1,1,PENDAFTARAN,BTREE
medicalrecord,pemeriksaan_kuku_kaki,PRIMARY,0,1,ID,BTREE
medicalrecord,pemeriksaan_kuku_tangan,KUNJUNGAN,1,1,KUNJUNGAN,BTREE
medicalrecord,pemeriksaan_kuku_tangan,KUNJUNGAN_PENDAFTARAN,0,1,KUNJUNGAN,BTREE
medicalrecord,pemeriksaan_kuku_tangan,KUNJUNGAN_PENDAFTARAN,0,2,PENDAFTARAN,BTREE
medicalrecord,pemeriksaan_kuku_tangan,PENDAFTARAN,1,1,PENDAFTARAN,BTREE
medicalrecord,pemeriksaan_kuku_tangan,PRIMARY,0,1,ID,BTREE
medicalrecord,pemeriksaan_kuku_tangan,STATUS,1,1,STATUS,BTREE
medicalrecord,pemeriksaan_langit_langit,KUNJUNGAN,1,1,KUNJUNGAN,BTREE
medicalrecord,pemeriksaan_langit_langit,KUNJUNGAN_PENDAFTARAN,0,1,KUNJUNGAN,BTREE
medicalrecord,pemeriksaan_langit_langit,KUNJUNGAN_PENDAFTARAN,0,2,PENDAFTARAN,BTREE
medicalrecord,pemeriksaan_langit_langit,PENDAFTARAN,1,1,PENDAFTARAN,BTREE
medicalrecord,pemeriksaan_langit_langit,PRIMARY,0,1,ID,BTREE
medicalrecord,pemeriksaan_leher,KUNJUNGAN,1,1,KUNJUNGAN,BTREE
medicalrecord,pemeriksaan_leher,KUNJUNGAN_PENDAFTARAN,0,1,KUNJUNGAN,BTREE
medicalrecord,pemeriksaan_leher,KUNJUNGAN_PENDAFTARAN,0,2,PENDAFTARAN,BTREE
medicalrecord,pemeriksaan_leher,PENDAFTARAN,1,1,PENDAFTARAN,BTREE
medicalrecord,pemeriksaan_leher,PRIMARY,0,1,ID,BTREE
medicalrecord,pemeriksaan_lengan_atas,KUNJUNGAN,1,1,KUNJUNGAN,BTREE
medicalrecord,pemeriksaan_lengan_atas,KUNJUNGAN_PENDAFTARAN,0,1,KUNJUNGAN,BTREE
medicalrecord,pemeriksaan_lengan_atas,KUNJUNGAN_PENDAFTARAN,0,2,PENDAFTARAN,BTREE
medicalrecord,pemeriksaan_lengan_atas,PENDAFTARAN,1,1,PENDAFTARAN,BTREE
medicalrecord,pemeriksaan_lengan_atas,PRIMARY,0,1,ID,BTREE
medicalrecord,pemeriksaan_lengan_bawah,KUNJUNGAN,1,1,KUNJUNGAN,BTREE
medicalrecord,pemeriksaan_lengan_bawah,KUNJUNGAN_PENDAFTARAN,0,1,KUNJUNGAN,BTREE
medicalrecord,pemeriksaan_lengan_bawah,KUNJUNGAN_PENDAFTARAN,0,2,PENDAFTARAN,BTREE
medicalrecord,pemeriksaan_lengan_bawah,PENDAFTARAN,1,1,PENDAFTARAN,BTREE
medicalrecord,pemeriksaan_lengan_bawah,PRIMARY,0,1,ID,BTREE
medicalrecord,pemeriksaan_lidah,KUNJUNGAN,1,1,KUNJUNGAN,BTREE
medicalrecord,pemeriksaan_lidah,KUNJUNGAN_PENDAFTARAN,0,1,KUNJUNGAN,BTREE
medicalrecord,pemeriksaan_lidah,KUNJUNGAN_PENDAFTARAN,0,2,PENDAFTARAN,BTREE
medicalrecord,pemeriksaan_lidah,PENDAFTARAN,1,1,PENDAFTARAN,BTREE
medicalrecord,pemeriksaan_lidah,PRIMARY,0,1,ID,BTREE
medicalrecord,pemeriksaan_mata,KUNJUNGAN,1,1,KUNJUNGAN,BTREE
medicalrecord,pemeriksaan_mata,KUNJUNGAN_PENDAFTARAN,0,1,KUNJUNGAN,BTREE
medicalrecord,pemeriksaan_mata,KUNJUNGAN_PENDAFTARAN,0,2,PENDAFTARAN,BTREE
medicalrecord,pemeriksaan_mata,PENDAFTARAN,1,1,PENDAFTARAN,BTREE
medicalrecord,pemeriksaan_mata,PRIMARY,0,1,ID,BTREE
medicalrecord,pemeriksaan_observasi_transfusi_darah,KUNJUNGAN,1,1,KUNJUNGAN,BTREE
medicalrecord,pemeriksaan_observasi_transfusi_darah,PRIMARY,0,1,ID,BTREE
medicalrecord,pemeriksaan_observasi_transfusi_darah,STATUS,1,1,STATUS,BTREE
medicalrecord,pemeriksaan_payudara,KUNJUNGAN,1,1,KUNJUNGAN,BTREE
medicalrecord,pemeriksaan_payudara,KUNJUNGAN_PENDAFTARAN,0,1,KUNJUNGAN,BTREE
medicalrecord,pemeriksaan_payudara,KUNJUNGAN_PENDAFTARAN,0,2,PENDAFTARAN,BTREE
medicalrecord,pemeriksaan_payudara,PENDAFTARAN,1,1,PENDAFTARAN,BTREE
medicalrecord,pemeriksaan_payudara,PRIMARY,0,1,ID,BTREE
medicalrecord,pemeriksaan_persendian_kaki,KUNJUNGAN,1,1,KUNJUNGAN,BTREE
medicalrecord,pemeriksaan_persendian_kaki,KUNJUNGAN_PENDAFTARAN,0,1,KUNJUNGAN,BTREE
medicalrecord,pemeriksaan_persendian_kaki,KUNJUNGAN_PENDAFTARAN,0,2,PENDAFTARAN,BTREE
medicalrecord,pemeriksaan_persendian_kaki,PENDAFTARAN,1,1,PENDAFTARAN,BTREE
medicalrecord,pemeriksaan_persendian_kaki,PRIMARY,0,1,ID,BTREE
medicalrecord,pemeriksaan_persendian_kaki,STATUS,1,1,STATUS,BTREE
medicalrecord,pemeriksaan_persendian_tangan,KUNJUNGAN,1,1,KUNJUNGAN,BTREE
medicalrecord,pemeriksaan_persendian_tangan,KUNJUNGAN_PENDAFTARAN,0,1,KUNJUNGAN,BTREE
medicalrecord,pemeriksaan_persendian_tangan,KUNJUNGAN_PENDAFTARAN,0,2,PENDAFTARAN,BTREE
medicalrecord,pemeriksaan_persendian_tangan,PENDAFTARAN,1,1,PENDAFTARAN,BTREE
medicalrecord,pemeriksaan_persendian_tangan,PRIMARY,0,1,ID,BTREE
medicalrecord,pemeriksaan_persendian_tangan,STATUS,1,1,STATUS,BTREE
medicalrecord,pemeriksaan_perut,KUNJUNGAN,1,1,KUNJUNGAN,BTREE
medicalrecord,pemeriksaan_perut,KUNJUNGAN_PENDAFTARAN,0,1,KUNJUNGAN,BTREE
medicalrecord,pemeriksaan_perut,KUNJUNGAN_PENDAFTARAN,0,2,PENDAFTARAN,BTREE
medicalrecord,pemeriksaan_perut,PENDAFTARAN,1,1,PENDAFTARAN,BTREE
medicalrecord,pemeriksaan_perut,PRIMARY,0,1,ID,BTREE
medicalrecord,pemeriksaan_pricktest,DOKTER,1,1,DOKTER,BTREE
medicalrecord,pemeriksaan_pricktest,KUNJUNGAN,1,1,KUNJUNGAN,BTREE
medicalrecord,pemeriksaan_pricktest,PRIMARY,0,1,ID,BTREE
medicalrecord,pemeriksaan_pricktest,STATUS,1,1,STATUS,BTREE
medicalrecord,pemeriksaan_pricktest_alergen_hisap,HISAP,1,1,HISAP,BTREE
medicalrecord,pemeriksaan_pricktest_alergen_hisap,KUNJUNGAN,1,1,KUNJUNGAN,BTREE
medicalrecord,pemeriksaan_pricktest_alergen_hisap,PRIMARY,0,1,ID,BTREE
medicalrecord,pemeriksaan_pricktest_alergen_hisap,STATUS,1,1,STATUS,BTREE
medicalrecord,pemeriksaan_pricktest_alergen_makanan,KUNJUNGAN,1,1,KUNJUNGAN,BTREE
medicalrecord,pemeriksaan_pricktest_alergen_makanan,MAKANAN,1,1,MAKANAN,BTREE
medicalrecord,pemeriksaan_pricktest_alergen_makanan,PRIMARY,0,1,ID,BTREE
medicalrecord,pemeriksaan_pricktest_alergen_makanan,STATUS,1,1,STATUS,BTREE
medicalrecord,pemeriksaan_procedur_kfr,KUNJUNGAN,1,1,KUNJUNGAN,BTREE
medicalrecord,pemeriksaan_procedur_kfr,PRIMARY,0,1,ID,BTREE
medicalrecord,pemeriksaan_procedur_kfr_detail,JENIS_ASSESMENT_PROCEDURE,1,1,JENIS_ASSESMENT_PROCEDURE,BTREE
medicalrecord,pemeriksaan_procedur_kfr_detail,KUNJUNGAN_PEMERIKSAAN_PROCEDUR_KFR_NOMOR,1,1,PEMERIKSAAN_PROCEDUR_KFR_NOMOR,BTREE
medicalrecord,pemeriksaan_procedur_kfr_detail,PRIMARY,0,1,ID,BTREE
medicalrecord,pemeriksaan_protokol_intervensi,KUNJUNGAN,1,1,KUNJUNGAN,BTREE
medicalrecord,pemeriksaan_protokol_intervensi,PRIMARY,0,1,ID,BTREE
medicalrecord,pemeriksaan_protokol_intervensi_baep,KUNJUNGAN,1,1,KUNJUNGAN,BTREE
medicalrecord,pemeriksaan_protokol_intervensi_baep,PRIMARY,0,1,ID,BTREE
medicalrecord,pemeriksaan_protokol_intervensi_baep,STATUS,1,1,STATUS,BTREE
medicalrecord,pemeriksaan_protokol_intervensi_baep_depresi_detail,PRIMARY,0,1,ID,BTREE
medicalrecord,pemeriksaan_protokol_intervensi_baep_depresi_detail,PROTOKOL_INTERVENSI_BAEP,1,1,PROTOKOL_INTERVENSI_BAEP,BTREE
medicalrecord,pemeriksaan_protokol_intervensi_baep_depresi_detail,PROTOKOL_STIMULASI,1,1,DEPRESI,BTREE
medicalrecord,pemeriksaan_protokol_intervensi_baep_depresi_detail,STATUS,1,1,STATUS,BTREE
medicalrecord,pemeriksaan_protokol_intervensi_baep_dispagia_detail,DISPAGIA,1,1,DISPAGIA,BTREE
medicalrecord,pemeriksaan_protokol_intervensi_baep_dispagia_detail,PRIMARY,0,1,ID,BTREE
medicalrecord,pemeriksaan_protokol_intervensi_baep_dispagia_detail,PROTOKOL_INTERVENSI_BAEP,1,1,PROTOKOL_INTERVENSI_BAEP,BTREE
medicalrecord,pemeriksaan_protokol_intervensi_baep_dispagia_detail,STATUS,1,1,STATUS,BTREE
medicalrecord,pemeriksaan_protokol_intervensi_baep_insomnia_detail,INSOMNIA,1,1,INSOMNIA,BTREE
medicalrecord,pemeriksaan_protokol_intervensi_baep_insomnia_detail,PRIMARY,0,1,ID,BTREE
medicalrecord,pemeriksaan_protokol_intervensi_baep_insomnia_detail,PROTOKOL_INTERVENSI_BAEP,1,1,PROTOKOL_INTERVENSI_BAEP,BTREE
medicalrecord,pemeriksaan_protokol_intervensi_baep_insomnia_detail,STATUS,1,1,STATUS,BTREE
medicalrecord,pemeriksaan_protokol_intervensi_baep_kecemasan_detail,kecemasan,1,1,KECEMASAN,BTREE
medicalrecord,pemeriksaan_protokol_intervensi_baep_kecemasan_detail,PRIMARY,0,1,ID,BTREE
medicalrecord,pemeriksaan_protokol_intervensi_baep_kecemasan_detail,PROTOKOL_INTERVENSI_BAEP,1,1,PROTOKOL_INTERVENSI_BAEP,BTREE
medicalrecord,pemeriksaan_protokol_intervensi_baep_kecemasan_detail,STATUS,1,1,STATUS,BTREE
medicalrecord,pemeriksaan_protokol_intervensi_baep_kognitif_detail,KOGNITIF,1,1,KOGNITIF,BTREE
medicalrecord,pemeriksaan_protokol_intervensi_baep_kognitif_detail,PRIMARY,0,1,ID,BTREE
medicalrecord,pemeriksaan_protokol_intervensi_baep_kognitif_detail,PROTOKOL_INTERVENSI_BAEP,1,1,PROTOKOL_INTERVENSI_BAEP,BTREE
medicalrecord,pemeriksaan_protokol_intervensi_baep_kognitif_detail,STATUS,1,1,STATUS,BTREE
medicalrecord,pemeriksaan_protokol_intervensi_baep_motorik_detail,MOTORIK,1,1,MOTORIK,BTREE
medicalrecord,pemeriksaan_protokol_intervensi_baep_motorik_detail,PRIMARY,0,1,ID,BTREE
medicalrecord,pemeriksaan_protokol_intervensi_baep_motorik_detail,PROTOKOL_INTERVENSI_BAEP,1,1,PROTOKOL_INTERVENSI_BAEP,BTREE
medicalrecord,pemeriksaan_protokol_intervensi_baep_motorik_detail,STATUS,1,1,STATUS,BTREE
medicalrecord,pemeriksaan_protokol_intervensi_baep_protokolstimulasi_detail,PRIMARY,0,1,ID,BTREE
medicalrecord,pemeriksaan_protokol_intervensi_baep_protokolstimulasi_detail,PROTOKOL_INTERVENSI_BAEP,1,1,PROTOKOL_INTERVENSI_BAEP,BTREE
medicalrecord,pemeriksaan_protokol_intervensi_baep_protokolstimulasi_detail,PROTOKOL_STIMULASI,1,1,PROTOKOL_STIMULASI,BTREE
medicalrecord,pemeriksaan_protokol_intervensi_baep_protokolstimulasi_detail,STATUS,1,1,STATUS,BTREE
medicalrecord,pemeriksaan_protokol_intervensi_baep_sensorik_detail,PRIMARY,0,1,ID,BTREE
medicalrecord,pemeriksaan_protokol_intervensi_baep_sensorik_detail,PROTOKOL_INTERVENSI_BAEP,1,1,PROTOKOL_INTERVENSI_BAEP,BTREE
medicalrecord,pemeriksaan_protokol_intervensi_baep_sensorik_detail,SENSORIK,1,1,SENSORIK,BTREE
medicalrecord,pemeriksaan_protokol_intervensi_baep_sensorik_detail,STATUS,1,1,STATUS,BTREE
medicalrecord,pemeriksaan_protokol_intervensi_detail,PRIMARY,0,1,ID,BTREE
medicalrecord,pemeriksaan_protokol_intervensi_detail,PROTOKOL_INTERVENSI,1,1,PROTOKOL_INTERVENSI,BTREE
medicalrecord,pemeriksaan_protokol_intervensi_detail,PROTOKOL_SIMULASI,1,1,PROTOKOL_SIMULASI,BTREE
medicalrecord,pemeriksaan_protokol_intervensi_detail,STATUS,1,1,STATUS,BTREE
medicalrecord,pemeriksaan_punggung,KUNJUNGAN,1,1,KUNJUNGAN,BTREE
medicalrecord,pemeriksaan_punggung,KUNJUNGAN_PENDAFTARAN,0,1,KUNJUNGAN,BTREE
medicalrecord,pemeriksaan_punggung,KUNJUNGAN_PENDAFTARAN,0,2,PENDAFTARAN,BTREE
medicalrecord,pemeriksaan_punggung,PENDAFTARAN,1,1,PENDAFTARAN,BTREE
medicalrecord,pemeriksaan_punggung,PRIMARY,0,1,ID,BTREE
medicalrecord,pemeriksaan_rambut,KUNJUNGAN,1,1,KUNJUNGAN,BTREE
medicalrecord,pemeriksaan_rambut,KUNJUNGAN_PENDAFTARAN,0,1,KUNJUNGAN,BTREE
medicalrecord,pemeriksaan_rambut,KUNJUNGAN_PENDAFTARAN,0,2,PENDAFTARAN,BTREE
medicalrecord,pemeriksaan_rambut,PENDAFTARAN,1,1,PENDAFTARAN,BTREE
medicalrecord,pemeriksaan_rambut,PRIMARY,0,1,ID,BTREE
medicalrecord,pemeriksaan_raven_test,KUNJUNGAN,1,1,KUNJUNGAN,BTREE
medicalrecord,pemeriksaan_raven_test,PRIMARY,0,1,ID,BTREE
medicalrecord,pemeriksaan_saluran_cernah_atas,KUNJUNGAN,1,1,KUNJUNGAN,BTREE
medicalrecord,pemeriksaan_saluran_cernah_atas,PRIMARY,0,1,ID,BTREE
medicalrecord,pemeriksaan_saluran_cernah_bawah,KUNJUNGAN,1,1,KUNJUNGAN,BTREE
medicalrecord,pemeriksaan_saluran_cernah_bawah,PRIMARY,0,1,ID,BTREE
medicalrecord,pemeriksaan_saluran_cernah_bawah,STATUS,1,1,STATUS,BTREE
medicalrecord,pemeriksaan_tcd,KUNJUNGAN,1,1,KUNJUNGAN,BTREE
medicalrecord,pemeriksaan_tcd,PRIMARY,0,1,ID,BTREE
medicalrecord,pemeriksaan_tcd_window,KUNJUNGAN_REFERENSI_JENIS_REFERENSI_ID,1,1,KUNJUNGAN,BTREE
medicalrecord,pemeriksaan_tcd_window,KUNJUNGAN_REFERENSI_JENIS_REFERENSI_ID,1,2,REFERENSI_JENIS,BTREE
medicalrecord,pemeriksaan_tcd_window,KUNJUNGAN_REFERENSI_JENIS_REFERENSI_ID,1,3,REFERENSI_ID,BTREE
medicalrecord,pemeriksaan_tcd_window,PRIMARY,0,1,ID,BTREE
medicalrecord,pemeriksaan_telinga,KUNJUNGAN,1,1,KUNJUNGAN,BTREE
medicalrecord,pemeriksaan_telinga,KUNJUNGAN_PENDAFTARAN,0,1,KUNJUNGAN,BTREE
medicalrecord,pemeriksaan_telinga,KUNJUNGAN_PENDAFTARAN,0,2,PENDAFTARAN,BTREE
medicalrecord,pemeriksaan_telinga,PENDAFTARAN,1,1,PENDAFTARAN,BTREE
medicalrecord,pemeriksaan_telinga,PRIMARY,0,1,ID,BTREE
medicalrecord,pemeriksaan_tenggorokan,KUNJUNGAN,1,1,KUNJUNGAN,BTREE
medicalrecord,pemeriksaan_tenggorokan,KUNJUNGAN_PENDAFTARAN,0,1,KUNJUNGAN,BTREE
medicalrecord,pemeriksaan_tenggorokan,KUNJUNGAN_PENDAFTARAN,0,2,PENDAFTARAN,BTREE
medicalrecord,pemeriksaan_tenggorokan,PENDAFTARAN,1,1,PENDAFTARAN,BTREE
medicalrecord,pemeriksaan_tenggorokan,PRIMARY,0,1,ID,BTREE
medicalrecord,pemeriksaan_tonsil,KUNJUNGAN,1,1,KUNJUNGAN,BTREE
medicalrecord,pemeriksaan_tonsil,KUNJUNGAN_PENDAFTARAN,0,1,KUNJUNGAN,BTREE
medicalrecord,pemeriksaan_tonsil,KUNJUNGAN_PENDAFTARAN,0,2,PENDAFTARAN,BTREE
medicalrecord,pemeriksaan_tonsil,PENDAFTARAN,1,1,PENDAFTARAN,BTREE
medicalrecord,pemeriksaan_tonsil,PRIMARY,0,1,ID,BTREE
medicalrecord,pemeriksaan_transfusi_darah,KUNJUNGAN,1,1,KUNJUNGAN,BTREE
medicalrecord,pemeriksaan_transfusi_darah,PRIMARY,0,1,ID,BTREE
medicalrecord,pemeriksaan_transfusi_darah,STATUS,1,1,STATUS,BTREE
medicalrecord,pemeriksaan_transfusi_darah_detail,PRIMARY,0,1,ID,BTREE
medicalrecord,pemeriksaan_transfusi_darah_detail,STATUS,1,1,STATUS,BTREE
medicalrecord,pemeriksaan_transfusi_darah_detail,TRANSFUSI_DARAH,1,1,TRANSFUSI_DARAH,BTREE
medicalrecord,pemeriksaan_tungkai_atas,KUNJUNGAN,1,1,KUNJUNGAN,BTREE
medicalrecord,pemeriksaan_tungkai_atas,KUNJUNGAN_PENDAFTARAN,0,1,KUNJUNGAN,BTREE
medicalrecord,pemeriksaan_tungkai_atas,KUNJUNGAN_PENDAFTARAN,0,2,PENDAFTARAN,BTREE
medicalrecord,pemeriksaan_tungkai_atas,PENDAFTARAN,1,1,PENDAFTARAN,BTREE
medicalrecord,pemeriksaan_tungkai_atas,PRIMARY,0,1,ID,BTREE
medicalrecord,pemeriksaan_tungkai_atas,STATUS,1,1,STATUS,BTREE
medicalrecord,pemeriksaan_tungkai_bawah,KUNJUNGAN,1,1,KUNJUNGAN,BTREE
medicalrecord,pemeriksaan_tungkai_bawah,KUNJUNGAN_PENDAFTARAN,0,1,KUNJUNGAN,BTREE
medicalrecord,pemeriksaan_tungkai_bawah,KUNJUNGAN_PENDAFTARAN,0,2,PENDAFTARAN,BTREE
medicalrecord,pemeriksaan_tungkai_bawah,PENDAFTARAN,1,1,PENDAFTARAN,BTREE
medicalrecord,pemeriksaan_tungkai_bawah,PRIMARY,0,1,ID,BTREE
medicalrecord,pemeriksaan_tungkai_bawah,STATUS,1,1,STATUS,BTREE
medicalrecord,pemeriksaan_usg_ginekologi,KUNJUNGAN,1,1,KUNJUNGAN,BTREE
medicalrecord,pemeriksaan_usg_ginekologi,PRIMARY,0,1,ID,BTREE
medicalrecord,pemeriksaan_usg_ginekologi,STATUS,1,1,STATUS,BTREE
medicalrecord,pemeriksaan_usg_guilding,KUNJUNGAN,1,1,KUNJUNGAN,BTREE
medicalrecord,pemeriksaan_usg_guilding,PRIMARY,0,1,ID,BTREE
medicalrecord,penanda_gambar,FINAL,1,1,FINAL,BTREE
medicalrecord,penanda_gambar,KUNJUNGAN,1,1,KUNJUNGAN,BTREE
medicalrecord,penanda_gambar,PRIMARY,0,1,ID,BTREE
medicalrecord,penanda_gambar,STATUS,1,1,STATUS,BTREE
medicalrecord,penanda_gambar,TEMPLATE,1,1,TEMPLATE,BTREE
medicalrecord,penanda_gambar_detail,PENANDA_NOMOR,0,1,PENANDA,BTREE
medicalrecord,penanda_gambar_detail,PENANDA_NOMOR,0,2,NOMOR,BTREE
medicalrecord,penanda_gambar_detail,PRIMARY,0,1,ID,BTREE
medicalrecord,pengkajian_mpp,PRIMARY,0,1,ID,BTREE
medicalrecord,pengkajian_mpp,SKRINING,1,1,SKRINING,BTREE
medicalrecord,pengkajian_mpp,STATUS,1,1,STATUS,BTREE
medicalrecord,penilaian_ballance_cairan,FINAL_BALANCE,1,1,FINAL_BALANCE,BTREE
medicalrecord,penilaian_ballance_cairan,KUNJUNGAN,1,1,KUNJUNGAN,BTREE
medicalrecord,penilaian_ballance_cairan,KUNJUNGAN,1,2,STATUS,BTREE
medicalrecord,penilaian_ballance_cairan,PRIMARY,0,1,ID,BTREE
medicalrecord,penilaian_ballance_cairan_detail,BALLANCE_CAIRAN,1,1,BALLANCE_CAIRAN,BTREE
medicalrecord,penilaian_ballance_cairan_detail,KELOMPOK,1,1,KELOMPOK,BTREE
medicalrecord,penilaian_ballance_cairan_detail,PRIMARY,0,1,ID,BTREE
medicalrecord,penilaian_ballance_cairan_detail,STATUS,1,1,STATUS,BTREE
medicalrecord,penilaian_barthel_index,PRIMARY,0,1,ID,BTREE
medicalrecord,penilaian_barthel_index_modifikasi,KUNJUNGAN,1,1,KUNJUNGAN,BTREE
medicalrecord,penilaian_barthel_index_modifikasi,PRIMARY,0,1,ID,BTREE
medicalrecord,penilaian_dekubitus,KUNJUNGAN,0,1,KUNJUNGAN,BTREE
medicalrecord,penilaian_dekubitus,PRIMARY,0,1,ID,BTREE
medicalrecord,penilaian_epfra,AMBULASI,1,1,AMBULASI,BTREE
medicalrecord,penilaian_epfra,DIAGNOSIS,1,1,DIAGNOSIS,BTREE
medicalrecord,penilaian_epfra,ELIMINASI,1,1,ELIMINASI,BTREE
medicalrecord,penilaian_epfra,GANGGUAN_TIDUR,1,1,GANGGUAN_TIDUR,BTREE
medicalrecord,penilaian_epfra,KUNJUNGAN,1,1,KUNJUNGAN,BTREE
medicalrecord,penilaian_epfra,MEDIKASI,1,1,MEDIKASI,BTREE
medicalrecord,penilaian_epfra,NUTRISI,1,1,NUTRISI,BTREE
medicalrecord,penilaian_epfra,PRIMARY,0,1,ID,BTREE
medicalrecord,penilaian_epfra,RIWAYAT_JATUH,1,1,RIWAYAT_JATUH,BTREE
medicalrecord,penilaian_epfra,STATUS,1,1,STATUS,BTREE
medicalrecord,penilaian_epfra,STATUS_MENTAL,1,1,STATUS_MENTAL,BTREE
medicalrecord,penilaian_epfra,USIA,1,1,USIA,BTREE
medicalrecord,penilaian_fisik,KUNJUNGAN,1,1,KUNJUNGAN,BTREE
medicalrecord,penilaian_fisik,PRIMARY,0,1,ID,BTREE
medicalrecord,penilaian_getup_and_go,KUNJUNGAN,0,1,KUNJUNGAN,BTREE
medicalrecord,penilaian_getup_and_go,PRIMARY,0,1,ID,BTREE
medicalrecord,penilaian_grace_risk_skor,DIBUAT_TANGGAL,1,1,DIBUAT_TANGGAL,BTREE
medicalrecord,penilaian_grace_risk_skor,KUNJUNGAN,1,1,KUNJUNGAN,BTREE
medicalrecord,penilaian_grace_risk_skor,PRIMARY,0,1,ID,BTREE
medicalrecord,penilaian_killip_class,KUNJUNGAN,1,1,KUNJUNGAN,BTREE
medicalrecord,penilaian_killip_class,OLEH,1,1,OLEH,BTREE
medicalrecord,penilaian_killip_class,PRIMARY,0,1,ID,BTREE
medicalrecord,penilaian_killip_class,STATUS,1,1,STATUS,BTREE
medicalrecord,penilaian_nyeri,KUNJUNGAN,1,1,KUNJUNGAN,BTREE
medicalrecord,penilaian_nyeri,PRIMARY,0,1,ID,BTREE
medicalrecord,penilaian_nyeri,STATUS,1,1,STATUS,BTREE
medicalrecord,penilaian_nyeri,TANGGAL,1,1,TANGGAL,BTREE
medicalrecord,penilaian_skala_humpty_dumpty,DIAGNOSA,1,1,DIAGNOSA,BTREE
medicalrecord,penilaian_skala_humpty_dumpty,FAKTOR_LINGKUNGAN,1,1,FAKTOR_LINGKUNGAN,BTREE
medicalrecord,penilaian_skala_humpty_dumpty,GANGGUAN_KONGNITIF,1,1,GANGGUAN_KONGNITIF,BTREE
medicalrecord,penilaian_skala_humpty_dumpty,JENIS_KELAMIN,1,1,JENIS_KELAMIN,BTREE
medicalrecord,penilaian_skala_humpty_dumpty,KUNJUNGAN,1,1,KUNJUNGAN,BTREE
medicalrecord,penilaian_skala_humpty_dumpty,PENGGUNAAN_OBAT,1,1,PENGGUNAAN_OBAT,BTREE
medicalrecord,penilaian_skala_humpty_dumpty,PRIMARY,0,1,ID,BTREE
medicalrecord,penilaian_skala_humpty_dumpty,RESPON,1,1,RESPON,BTREE
medicalrecord,penilaian_skala_humpty_dumpty,STATUS,1,1,STATUS,BTREE
medicalrecord,penilaian_skala_humpty_dumpty,UMUR,1,1,UMUR,BTREE
medicalrecord,penilaian_skala_morse,KUNJUNGAN,1,1,KUNJUNGAN,BTREE
medicalrecord,penilaian_skala_morse,PRIMARY,0,1,ID,BTREE
medicalrecord,penilaian_skala_morse,STATUS,1,1,STATUS,BTREE
medicalrecord,penilaian_skala_morse,TANGGAL,1,1,TANGGAL,BTREE
medicalrecord,penilaian_tumor,KUNJUNGAN,1,1,KUNJUNGAN,BTREE
medicalrecord,penilaian_tumor,PRIMARY,0,1,ID,BTREE
medicalrecord,penilaian_tumor,STATUS,1,1,STATUS,BTREE
medicalrecord,penilaian_tumor,TANGGAL,1,1,TANGGAL,BTREE
medicalrecord,perencanaan_rawat_inap,KUNJUNGAN,0,1,KUNJUNGAN,BTREE
medicalrecord,perencanaan_rawat_inap,NOMOR,1,1,NOMOR,BTREE
medicalrecord,perencanaan_rawat_inap,PRIMARY,0,1,ID,BTREE
medicalrecord,perencanaan_rawat_inap,STATUS,1,1,STATUS,BTREE
medicalrecord,permasalahan_gizi,KUNJUNGAN,0,1,KUNJUNGAN,BTREE
medicalrecord,permasalahan_gizi,OLEH,1,1,OLEH,BTREE
medicalrecord,permasalahan_gizi,PRIMARY,0,1,ID,BTREE
medicalrecord,permasalahan_gizi,STATUS,1,1,STATUS,BTREE
medicalrecord,permasalahan_gizi,USER_VALIDASI,1,1,USER_VALIDASI,BTREE
medicalrecord,permasalahan_gizi,VALIDASI,1,1,STATUS_VALIDASI,BTREE
medicalrecord,persetujuan_tindakan_dokter,NOMOR_BERKAS_KUNJUNGAN_NORM,1,1,KUNJUNGAN,BTREE
medicalrecord,persetujuan_tindakan_dokter,NORM,1,1,NORM,BTREE
medicalrecord,persetujuan_tindakan_dokter,PRIMARY,0,1,ID,BTREE
medicalrecord,persetujuan_tindakan_dokter,STATUS,1,1,STATUS,BTREE
medicalrecord,persetujuan_tindakan_dokter_informasi,KUNJUNGAN_PERSETUJUAN_TINDAKAN_DOKTER_NOMOR,1,1,KUNJUNGAN,BTREE
medicalrecord,persetujuan_tindakan_dokter_informasi,KUNJUNGAN_PERSETUJUAN_TINDAKAN_DOKTER_NOMOR,1,2,PERSETUJUAN_TINDAKAN_DOKTER_NOMOR,BTREE
medicalrecord,persetujuan_tindakan_dokter_informasi,PRIMARY,0,1,ID,BTREE
medicalrecord,persetujuan_tindakan_dokter_informasi,STATUS,1,1,STATUS,BTREE
medicalrecord,persetujuan_tindakan_dokter_informasi_detail,DIBUAT_TANGGAL,1,1,DIBUAT_TANGGAL,BTREE
medicalrecord,persetujuan_tindakan_dokter_informasi_detail,KUNJUNGAN_PERSETUJUAN_TINDAKAN_DOKTER_NOMOR,1,1,KUNJUNGAN,BTREE
medicalrecord,persetujuan_tindakan_dokter_informasi_detail,KUNJUNGAN_PERSETUJUAN_TINDAKAN_DOKTER_NOMOR,1,2,PERSETUJUAN_TINDAKAN_DOKTER_NOMOR,BTREE
medicalrecord,persetujuan_tindakan_dokter_informasi_detail,PRIMARY,0,1,ID,BTREE
medicalrecord,persetujuan_tindakan_dokter_informasi_detail,STATUS,1,1,STATUS,BTREE
medicalrecord,persetujuan_tindakan_dokter_pasien,KUNJUNGAN_TINDAKAN_PERSETUJUAN_DOKTER_NOMOR,1,1,KUNJUNGAN,BTREE
medicalrecord,persetujuan_tindakan_dokter_pasien,KUNJUNGAN_TINDAKAN_PERSETUJUAN_DOKTER_NOMOR,1,2,PERSETUJUAN_TINDAKAN_DOKTER_NOMOR,BTREE
medicalrecord,persetujuan_tindakan_dokter_pasien,PRIMARY,0,1,ID,BTREE
medicalrecord,persetujuan_tindakan_dokter_pasien,STATUS,1,1,STATUS,BTREE
medicalrecord,persetujuan_tindakan_pemberi_informasi,KUNJUNGAN_PERSETUJUAN_TINDAKAN_DOKTER_NOMOR,1,1,KUNJUNGAN,BTREE
medicalrecord,persetujuan_tindakan_pemberi_informasi,KUNJUNGAN_PERSETUJUAN_TINDAKAN_DOKTER_NOMOR,1,2,PERSETUJUAN_TINDAKAN_DOKTER_NOMOR,BTREE
medicalrecord,persetujuan_tindakan_pemberi_informasi,NIP,1,1,NIP,BTREE
medicalrecord,persetujuan_tindakan_pemberi_informasi,PRIMARY,0,1,ID,BTREE
medicalrecord,persetujuan_tindakan_pemberi_informasi,STATUS,1,1,STATUS,BTREE
medicalrecord,persetujuan_tindakan_penerima_informasi,KUNJUNGAN_PERSETUJUAN_TINDAKAN_DOKTER_NOMOR_PENERIMA_INFORMASI,1,1,KUNJUNGAN,BTREE
medicalrecord,persetujuan_tindakan_penerima_informasi,KUNJUNGAN_PERSETUJUAN_TINDAKAN_DOKTER_NOMOR_PENERIMA_INFORMASI,1,2,PERSETUJUAN_TINDAKAN_DOKTER_NOMOR,BTREE
medicalrecord,persetujuan_tindakan_penerima_informasi,KUNJUNGAN_PERSETUJUAN_TINDAKAN_DOKTER_NOMOR_PENERIMA_INFORMASI,1,3,PENERIMA_INFORMASI,BTREE
medicalrecord,persetujuan_tindakan_penerima_informasi,PRIMARY,0,1,ID,BTREE
medicalrecord,persetujuan_tindakan_penerima_informasi,STATUS,1,1,STATUS,BTREE
medicalrecord,persiapan_anastesi,KUNJUNGAN,1,1,KUNJUNGAN,BTREE
medicalrecord,persiapan_anastesi,PRIMARY,0,1,ID,BTREE
medicalrecord,persiapan_anastesi,STATUS,1,1,STATUS,BTREE
medicalrecord,pra_anastesi_sedasi,KUNJUNGAN,1,1,KUNJUNGAN,BTREE
medicalrecord,pra_anastesi_sedasi,PRIMARY,0,1,ID,BTREE
medicalrecord,pra_anastesi_sedasi,STATUS,1,1,STATUS,BTREE
medicalrecord,prosedur,INA_GROUPER,1,1,INA_GROUPER,BTREE
medicalrecord,prosedur,INACBG,1,1,INACBG,BTREE
medicalrecord,prosedur,KODE,1,1,KODE,BTREE
medicalrecord,prosedur,MULTIPLICITY,1,1,MULTIPLICITY,BTREE
medicalrecord,prosedur,NOPEN,1,1,NOPEN,BTREE
medicalrecord,prosedur,PRIMARY,0,1,ID,BTREE
medicalrecord,prosedur,SNOMED_CT_ID,1,1,SNOMED_CT_ID,BTREE
medicalrecord,prosedur,STATUS,1,1,STATUS,BTREE
medicalrecord,prosedur,TANGGAL,1,1,TANGGAL,BTREE
medicalrecord,rekonsiliasi_admisi,KUNJUNGAN,1,1,KUNJUNGAN,BTREE
medicalrecord,rekonsiliasi_admisi,KUNJUNGAN_PENDAFTARAN,0,1,KUNJUNGAN,BTREE
medicalrecord,rekonsiliasi_admisi,KUNJUNGAN_PENDAFTARAN,0,2,PENDAFTARAN,BTREE
medicalrecord,rekonsiliasi_admisi,PENDAFTARAN,1,1,PENDAFTARAN,BTREE
medicalrecord,rekonsiliasi_admisi,PRIMARY,0,1,ID,BTREE
medicalrecord,rekonsiliasi_admisi,STATUS,1,1,STATUS,BTREE
medicalrecord,rekonsiliasi_admisi_detil,FREKUENSI,1,1,FREKUENSI,BTREE
medicalrecord,rekonsiliasi_admisi_detil,LAYANAN_FARMASI,1,1,LAYANAN_FARMASI,BTREE
medicalrecord,rekonsiliasi_admisi_detil,OBAT_DARI_LUAR,1,1,OBAT_DARI_LUAR,BTREE
medicalrecord,rekonsiliasi_admisi_detil,PERUBAHAN_ATURAN_PAKAI,1,1,PERUBAHAN_ATURAN_PAKAI,BTREE
medicalrecord,rekonsiliasi_admisi_detil,PRIMARY,0,1,ID,BTREE
medicalrecord,rekonsiliasi_admisi_detil,REKONSILIASI_ADMISI,1,1,REKONSILIASI_ADMISI,BTREE
medicalrecord,rekonsiliasi_admisi_detil,RIWAYAT_PEMBERIAN_OBAT,1,1,RIWAYAT_PEMBERIAN_OBAT,BTREE
medicalrecord,rekonsiliasi_admisi_detil,RUTE,1,1,RUTE,BTREE
medicalrecord,rekonsiliasi_admisi_detil,STATUS,1,1,STATUS,BTREE
medicalrecord,rekonsiliasi_admisi_detil,TINDAK_LANJUT,1,1,TINDAK_LANJUT,BTREE
medicalrecord,rekonsiliasi_discharge,KUNJUNGAN,1,1,KUNJUNGAN,BTREE
medicalrecord,rekonsiliasi_discharge,KUNJUNGAN_PENDAFTARAN,0,1,KUNJUNGAN,BTREE
medicalrecord,rekonsiliasi_discharge,KUNJUNGAN_PENDAFTARAN,0,2,PENDAFTARAN,BTREE
medicalrecord,rekonsiliasi_discharge,PENDAFTARAN,1,1,PENDAFTARAN,BTREE
medicalrecord,rekonsiliasi_discharge,PRIMARY,0,1,ID,BTREE
medicalrecord,rekonsiliasi_discharge,STATUS,1,1,STATUS,BTREE
medicalrecord,rekonsiliasi_discharge_detil,FREKUENSI,1,1,FREKUENSI,BTREE
medicalrecord,rekonsiliasi_discharge_detil,LAYANAN_FARMASI,1,1,LAYANAN_FARMASI,BTREE
medicalrecord,rekonsiliasi_discharge_detil,OBAT_DARI_LUAR,1,1,OBAT_DARI_LUAR,BTREE
medicalrecord,rekonsiliasi_discharge_detil,PERUBAHAN_ATURAN_PAKAI,1,1,PERUBAHAN_ATURAN_PAKAI,BTREE
medicalrecord,rekonsiliasi_discharge_detil,PRIMARY,0,1,ID,BTREE
medicalrecord,rekonsiliasi_discharge_detil,REKONSILIASI_ADMISI_DETIL,1,1,REKONSILIASI_ADMISI_DETIL,BTREE
medicalrecord,rekonsiliasi_discharge_detil,REKONSILIASI_DISCHARGE,1,1,REKONSILIASI_DISCHARGE,BTREE
medicalrecord,rekonsiliasi_discharge_detil,REKONSILIASI_TRANSFER_DETIL,1,1,REKONSILIASI_TRANSFER_DETIL,BTREE
medicalrecord,rekonsiliasi_discharge_detil,RUTE,1,1,RUTE,BTREE
medicalrecord,rekonsiliasi_discharge_detil,STATUS,1,1,STATUS,BTREE
medicalrecord,rekonsiliasi_discharge_detil,TINDAK_LANJUT,1,1,TINDAK_LANJUT,BTREE
medicalrecord,rekonsiliasi_obat,KUNJUNGAN,1,1,KUNJUNGAN,BTREE
medicalrecord,rekonsiliasi_obat,KUNJUNGAN_PENDAFTARAN,0,1,KUNJUNGAN,BTREE
medicalrecord,rekonsiliasi_obat,KUNJUNGAN_PENDAFTARAN,0,2,PENDAFTARAN,BTREE
medicalrecord,rekonsiliasi_obat,PENDAFTARAN,1,1,PENDAFTARAN,BTREE
medicalrecord,rekonsiliasi_obat,PRIMARY,0,1,ID,BTREE
medicalrecord,rekonsiliasi_obat,STATUS,1,1,STATUS,BTREE
medicalrecord,rekonsiliasi_obat_detil,FREKUENSI,1,1,FREKUENSI,BTREE
medicalrecord,rekonsiliasi_obat_detil,JENIS_REKONSILIASI,1,1,JENIS_REKONSILIASI,BTREE
medicalrecord,rekonsiliasi_obat_detil,KUNJUNGAN,1,1,REKONSILIASI_OBAT,BTREE
medicalrecord,rekonsiliasi_obat_detil,KUNJUNGAN_PENDAFTARAN,1,1,REKONSILIASI_OBAT,BTREE
medicalrecord,rekonsiliasi_obat_detil,PERUBAHAN_ATURAN_PAKAI,1,1,PERUBAHAN_ATURAN_PAKAI,BTREE
medicalrecord,rekonsiliasi_obat_detil,PRIMARY,0,1,ID,BTREE
medicalrecord,rekonsiliasi_obat_detil,RUTE,1,1,RUTE,BTREE
medicalrecord,rekonsiliasi_obat_detil,STATUS,1,1,STATUS,BTREE
medicalrecord,rekonsiliasi_obat_detil,TINDAK_LANJUT,1,1,TINDAK_LANJUT,BTREE
medicalrecord,rekonsiliasi_transfer,KUNJUNGAN,1,1,KUNJUNGAN,BTREE
medicalrecord,rekonsiliasi_transfer,KUNJUNGAN_PENDAFTARAN,0,1,KUNJUNGAN,BTREE
medicalrecord,rekonsiliasi_transfer,KUNJUNGAN_PENDAFTARAN,0,2,PENDAFTARAN,BTREE
medicalrecord,rekonsiliasi_transfer,PENDAFTARAN,1,1,PENDAFTARAN,BTREE
medicalrecord,rekonsiliasi_transfer,PRIMARY,0,1,ID,BTREE
medicalrecord,rekonsiliasi_transfer,STATUS,1,1,STATUS,BTREE
medicalrecord,rekonsiliasi_transfer_detil,FREKUENSI,1,1,FREKUENSI,BTREE
medicalrecord,rekonsiliasi_transfer_detil,LAYANAN_FARMASI,1,1,LAYANAN_FARMASI,BTREE
medicalrecord,rekonsiliasi_transfer_detil,OBAT_DARI_LUAR,1,1,OBAT_DARI_LUAR,BTREE
medicalrecord,rekonsiliasi_transfer_detil,PERUBAHAN_ATURAN_PAKAI,1,1,PERUBAHAN_ATURAN_PAKAI,BTREE
medicalrecord,rekonsiliasi_transfer_detil,PRIMARY,0,1,ID,BTREE
medicalrecord,rekonsiliasi_transfer_detil,REKONSILIASI_ADMISI_DETIL,1,1,REKONSILIASI_ADMISI_DETIL,BTREE
medicalrecord,rekonsiliasi_transfer_detil,REKONSILIASI_TRANSFER,1,1,REKONSILIASI_TRANSFER,BTREE
medicalrecord,rekonsiliasi_transfer_detil,REKONSILIASI_TRANSFER_DETIL,1,1,REKONSILIASI_TRANSFER_DETIL,BTREE
medicalrecord,rekonsiliasi_transfer_detil,RUTE,1,1,RUTE,BTREE
medicalrecord,rekonsiliasi_transfer_detil,STATUS,1,1,STATUS,BTREE
medicalrecord,rekonsiliasi_transfer_detil,TINDAK_LANJUT,1,1,TINDAK_LANJUT,BTREE
medicalrecord,rencana_terapi,KUNJUNGAN,0,1,KUNJUNGAN,BTREE
medicalrecord,rencana_terapi,PRIMARY,0,1,ID,BTREE
medicalrecord,resume,ANAMNESIS,1,1,ANAMNESIS,BTREE
medicalrecord,resume,EDUKASI_EMERGENCY,1,1,EDUKASI_EMERGENCY,BTREE
medicalrecord,resume,JADWAL_KONTROL,1,1,JADWAL_KONTROL,BTREE
medicalrecord,resume,KELUHAN_UTAMA,1,1,KELUHAN_UTAMA,BTREE
medicalrecord,resume,NOPEN,1,1,NOPEN,BTREE
medicalrecord,resume,PRIMARY,0,1,ID,BTREE
medicalrecord,resume,RENCANA_TERAPI,1,1,RENCANA_TERAPI,BTREE
medicalrecord,resume,RPP,1,1,RPP,BTREE
medicalrecord,resume,RPS,1,1,RPS,BTREE
medicalrecord,riwayat_alergi,KUNJUNGAN,1,1,KUNJUNGAN,BTREE
medicalrecord,riwayat_alergi,PRIMARY,0,1,ID,BTREE
medicalrecord,riwayat_alergi,STATUS,1,1,STATUS,BTREE
medicalrecord,riwayat_alergi,TANGGAL,1,1,TANGGAL,BTREE
medicalrecord,riwayat_gynekologi,KUNJUNGAN,1,1,KUNJUNGAN,BTREE
medicalrecord,riwayat_gynekologi,PRIMARY,0,1,ID,BTREE
medicalrecord,riwayat_lainnya,KUNJUNGAN,0,1,KUNJUNGAN,BTREE
medicalrecord,riwayat_lainnya,PRIMARY,0,1,ID,BTREE
medicalrecord,riwayat_lainnya,TANGGAL,1,1,TANGGAL,BTREE
medicalrecord,riwayat_obstetri,PRIMARY,0,1,ID,BTREE
medicalrecord,riwayat_pemberian_obat,FREKUENSI,1,1,FREKUENSI,BTREE
medicalrecord,riwayat_pemberian_obat,KUNJUNGAN,1,1,KUNJUNGAN,BTREE
medicalrecord,riwayat_pemberian_obat,PRIMARY,0,1,ID,BTREE
medicalrecord,riwayat_pemberian_obat,RUTE,1,1,RUTE,BTREE
medicalrecord,riwayat_penyakit_keluarga,KUNJUNGAN,0,1,KUNJUNGAN,BTREE
medicalrecord,riwayat_penyakit_keluarga,PRIMARY,0,1,ID,BTREE
medicalrecord,riwayat_penyakit_tb,KUNJUNGAN,1,1,KUNJUNGAN,BTREE
medicalrecord,riwayat_penyakit_tb,PRIMARY,0,1,ID,BTREE
medicalrecord,riwayat_penyakit_tb,STATUS,1,1,STATUS,BTREE
medicalrecord,riwayat_perawatan,KUNJUNGAN,1,1,KUNJUNGAN,BTREE
medicalrecord,riwayat_perawatan,PRIMARY,0,1,ID,BTREE
medicalrecord,riwayat_perawatan,STATUS,1,1,STATUS,BTREE
medicalrecord,riwayat_tindakan_pembedahan,PERAWATAN,1,1,PERAWATAN,BTREE
medicalrecord,riwayat_tindakan_pembedahan,PRIMARY,0,1,ID,BTREE
medicalrecord,riwayat_tindakan_pembedahan,STATUS,1,1,STATUS,BTREE
medicalrecord,riwayat_tindakan_pembedahan,TANGGAL,1,1,TANGGAL,BTREE
medicalrecord,rpk,KUNJUNGAN,1,1,KUNJUNGAN,BTREE
medicalrecord,rpk,PRIMARY,0,1,ID,BTREE
medicalrecord,rpp,KUNJUNGAN,1,1,KUNJUNGAN,BTREE
medicalrecord,rpp,PRIMARY,0,1,ID,BTREE
medicalrecord,rpp,SNOMED_CT_ID,1,1,SNOMED_CT_ID,BTREE
medicalrecord,rpp,STATUS,1,1,STATUS,BTREE
medicalrecord,rpp,TANGGAL,1,1,TANGGAL,BTREE
medicalrecord,rps,KUNJUNGAN,1,1,KUNJUNGAN,BTREE
medicalrecord,rps,PRIMARY,0,1,ID,BTREE
medicalrecord,skrining_faktor_eksternal,KUNJUNGAN,1,1,KUNJUNGAN,BTREE
medicalrecord,skrining_faktor_eksternal,PRIMARY,0,1,ID,BTREE
medicalrecord,skrining_faktor_eksternal,STATUS,1,1,STATUS,BTREE
medicalrecord,skrining_intervensi_dan_rekomendasi,KUNJUNGAN,1,1,KUNJUNGAN,BTREE
medicalrecord,skrining_intervensi_dan_rekomendasi,PRIMARY,0,1,ID,BTREE
medicalrecord,skrining_intervensi_dan_rekomendasi,STATUS,1,1,STATUS,BTREE
medicalrecord,skrining_pola_makan_dan_nutrisi,KUNJUNGAN,1,1,KUNJUNGAN,BTREE
medicalrecord,skrining_pola_makan_dan_nutrisi,PRIMARY,0,1,ID,BTREE
medicalrecord,skrining_pola_makan_dan_nutrisi,STATUS,1,1,STATUS,BTREE
medicalrecord,skrining_riwayat_kehamilan,KUNJUNGAN,1,1,KUNJUNGAN,BTREE
medicalrecord,skrining_riwayat_kehamilan,KUNJUNGAN,1,2,STATUS,BTREE
medicalrecord,skrining_riwayat_kehamilan,PRIMARY,0,1,ID,BTREE
medicalrecord,skrining_riwayat_kesehatan_orang_tua,KUNJUNGAN,1,1,KUNJUNGAN,BTREE
medicalrecord,skrining_riwayat_kesehatan_orang_tua,PRIMARY,0,1,ID,BTREE
medicalrecord,skrining_riwayat_kesehatan_orang_tua,STATUS,1,1,STATUS,BTREE
medicalrecord,status_fungsional,KUNJUNGAN,1,1,KUNJUNGAN,BTREE
medicalrecord,status_fungsional,PRIMARY,0,1,ID,BTREE
medicalrecord,status_pediatric,KUNJUNGAN,0,1,KUNJUNGAN,BTREE
medicalrecord,status_pediatric,PRIMARY,0,1,ID,BTREE
medicalrecord,status_pediatric,STATUS,1,1,STATUS,BTREE
medicalrecord,surat_hd,KUNJUNGAN,1,1,KUNJUNGAN,BTREE
medicalrecord,surat_hd,OLEH,1,1,OLEH,BTREE
medicalrecord,surat_hd,PRIMARY,0,1,ID,BTREE
medicalrecord,surat_hd,STATUS,1,1,STATUS,BTREE
medicalrecord,surat_hd,TANGGAL_MULAI,1,1,TANGGAL_MULAI,BTREE
medicalrecord,surat_hd,TANGGAL_SELESAI,1,1,TANGGAL_SELESAI,BTREE
medicalrecord,surat_kelahiran,KUNJUNGAN,1,1,KUNJUNGAN,BTREE
medicalrecord,surat_kelahiran,NOMOR,1,1,NOMOR,BTREE
medicalrecord,surat_kelahiran,NORM_IBU,1,1,NORM_IBU,BTREE
medicalrecord,surat_kelahiran,PRIMARY,0,1,ID,BTREE
medicalrecord,surat_kelahiran,STATUS,1,1,STATUS,BTREE
medicalrecord,surat_opname,KUNJUNGAN,0,1,KUNJUNGAN,BTREE
medicalrecord,surat_opname,NOMOR_STATUS,1,1,NOMOR,BTREE
medicalrecord,surat_opname,NOMOR_STATUS,1,2,STATUS,BTREE
medicalrecord,surat_opname,PRIMARY,0,1,ID,BTREE
medicalrecord,surat_sakit,KUNJUNGAN,0,1,KUNJUNGAN,BTREE
medicalrecord,surat_sakit,NOMOR,1,1,NOMOR,BTREE
medicalrecord,surat_sakit,PRIMARY,0,1,ID,BTREE
medicalrecord,surat_sakit,STATUS,1,1,STATUS,BTREE
medicalrecord,surat_sehat,KUNJUNGAN,0,1,KUNJUNGAN,BTREE
medicalrecord,surat_sehat,NOMOR,1,1,NOMOR,BTREE
medicalrecord,surat_sehat,PRIMARY,0,1,ID,BTREE
medicalrecord,surat_sehat,STATUS,1,1,STATUS,BTREE
medicalrecord,tanda_vital,KUNJUNGAN,1,1,KUNJUNGAN,BTREE
medicalrecord,tanda_vital,OLEH,1,1,OLEH,BTREE
medicalrecord,tanda_vital,PRIMARY,0,1,ID,BTREE
medicalrecord,tanda_vital,STATUS,1,1,STATUS,BTREE
medicalrecord,tanda_vital,WAKTU_PEMERIKSAAN,1,1,WAKTU_PEMERIKSAAN,BTREE
medicalrecord,tindakan_abci,KUNJUNGAN,1,1,KUNJUNGAN,BTREE
medicalrecord,tindakan_abci,PRIMARY,0,1,ID,BTREE
medicalrecord,tindakan_abci,STATUS,1,1,STATUS,BTREE
medicalrecord,tindakan_mmpi,KUNJUNGAN,1,1,KUNJUNGAN,BTREE
medicalrecord,tindakan_mmpi,PRIMARY,0,1,ID,BTREE
medicalrecord,tindakan_mmpi,STATUS,1,1,STATUS,BTREE
medicalrecord,triage,KUNJUNGAN,1,1,KUNJUNGAN,BTREE
medicalrecord,triage,NAMA,1,1,NAMA,BTREE
medicalrecord,triage,NIK,1,1,NIK,BTREE
medicalrecord,triage,NOPEN,1,1,NOPEN,BTREE
medicalrecord,triage,NORM,1,1,NORM,BTREE
medicalrecord,triage,PRIMARY,0,1,ID,BTREE
medicalrecord,upload_document,ID_REFERENSI_DOCUMENT,1,1,ID_REFERENSI_DOCUMENT,BTREE
medicalrecord,upload_document,KETERANGAN,1,1,KETERANGAN,BTREE
medicalrecord,upload_document,KUNJUNGAN_JENIS_BERKAS,1,1,KUNJUNGAN,BTREE
medicalrecord,upload_document,KUNJUNGAN_JENIS_BERKAS,1,2,JENIS_DOCUMENT,BTREE
medicalrecord,upload_document,PRIMARY,0,1,ID,BTREE
medicalrecord,upload_document,STATUS,1,1,STATUS,BTREE
medicalrecord,upload_hasil_pemeriksaan_mata,JENIS_PEMERIKSAAN,1,1,JENIS_PEMERIKSAAN,BTREE
medicalrecord,upload_hasil_pemeriksaan_mata,KUNJUNGAN,1,1,KUNJUNGAN,BTREE
medicalrecord,upload_hasil_pemeriksaan_mata,PRIMARY,0,1,ID,BTREE
medicalrecord,upload_hasil_pemeriksaan_mata,STATUS,1,1,STATUS,BTREE
medicalrecord,verifikasi_cppt,BATAS_TANGGAL,1,1,BATAS_TANGGAL,BTREE
medicalrecord,verifikasi_cppt,KUNJUNGAN,1,1,KUNJUNGAN,BTREE
medicalrecord,verifikasi_cppt,PRIMARY,0,1,ID,BTREE
medicalrecord,verifikasi_cppt,STATUS,1,1,STATUS,BTREE
pegawai,kartu_identitas,JENIS_NIP_NOMOR,1,1,JENIS,BTREE
pegawai,kartu_identitas,JENIS_NIP_NOMOR,1,2,NIP,BTREE
pegawai,kartu_identitas,JENIS_NIP_NOMOR,1,3,NOMOR,BTREE
pegawai,kartu_identitas,NIP,1,1,NIP,BTREE
pegawai,kartu_identitas,PRIMARY,0,1,ID,BTREE
pegawai,kontak_pegawai,JENIS_NIP_NOMOR,0,1,JENIS,BTREE
pegawai,kontak_pegawai,JENIS_NIP_NOMOR,0,2,NIP,BTREE
pegawai,kontak_pegawai,JENIS_NIP_NOMOR,0,3,NOMOR,BTREE
pegawai,kontak_pegawai,NIP,1,1,NIP,BTREE
pegawai,kontak_pegawai,PRIMARY,0,1,ID,BTREE
pegawai,kontak_pegawai,STATUS,1,1,STATUS,BTREE
pegawai,str_sip,NIP,1,1,NIP,BTREE
pegawai,str_sip,PRIMARY,0,1,ID,BTREE
pembatalan,pembatalan_document,KUNJUNGAN,1,1,KUNJUNGAN,BTREE
pembatalan,pembatalan_document,PRIMARY,0,1,ID,BTREE
pembatalan,pembatalan_final_hasil,KUNJUNGAN,1,1,KUNJUNGAN,BTREE
pembatalan,pembatalan_final_hasil,PRIMARY,0,1,ID,BTREE
pembatalan,pembatalan_kunjungan,JENIS,1,1,JENIS,BTREE
pembatalan,pembatalan_kunjungan,KUNJUNGAN,1,1,KUNJUNGAN,BTREE
pembatalan,pembatalan_kunjungan,PRIMARY,0,1,ID,BTREE
pembatalan,pembatalan_rekam_medis,JENIS,1,1,JENIS,BTREE
pembatalan,pembatalan_rekam_medis,KUNJUNGAN,1,1,KUNJUNGAN,BTREE
pembatalan,pembatalan_rekam_medis,MEDICAL_RECORD,1,1,MEDICAL_RECORD,BTREE
pembatalan,pembatalan_rekam_medis,MODULE,1,1,MODULE,BTREE
pembatalan,pembatalan_rekam_medis,PRIMARY,0,1,ID,BTREE
pembatalan,pembatalan_retur,JENIS,1,1,JENIS,BTREE
pembatalan,pembatalan_retur,PRIMARY,0,1,ID,BTREE
pembatalan,pembatalan_retur,RETUR,1,1,RETUR,BTREE
pembatalan,pembatalan_retur,TANGGAL,1,1,TANGGAL,BTREE
pembayaran,deposit,JENIS,1,1,JENIS,BTREE
pembayaran,deposit,PRIMARY,0,1,ID,BTREE
pembayaran,deposit,TAGIHAN,1,1,TAGIHAN,BTREE
pembayaran,deposit,TANGGAL,1,1,TANGGAL,BTREE
pembayaran,diskon,PRIMARY,0,1,ID,BTREE
pembayaran,diskon,TAGIHAN,0,1,TAGIHAN,BTREE
pembayaran,diskon,TANGGAL,1,1,TANGGAL,BTREE
pembayaran,diskon_dokter,PRIMARY,0,1,ID,BTREE
pembayaran,diskon_dokter,TAGIHAN_DOKTER,0,1,TAGIHAN,BTREE
pembayaran,diskon_dokter,TAGIHAN_DOKTER,0,2,DOKTER,BTREE
pembayaran,diskon_dokter,TANGGAL,1,1,TANGGAL,BTREE
pembayaran,edc,PRIMARY,0,1,ID,BTREE
pembayaran,edc,TAGIHAN,1,1,TAGIHAN,BTREE
pembayaran,edc,TAGIHAN_BANK_JENIS_KARTU_NOMOR_APRV_CODE,0,1,TAGIHAN,BTREE
pembayaran,edc,TAGIHAN_BANK_JENIS_KARTU_NOMOR_APRV_CODE,0,2,BANK,BTREE
pembayaran,edc,TAGIHAN_BANK_JENIS_KARTU_NOMOR_APRV_CODE,0,3,JENIS_KARTU,BTREE
pembayaran,edc,TAGIHAN_BANK_JENIS_KARTU_NOMOR_APRV_CODE,0,4,NOMOR,BTREE
pembayaran,edc,TAGIHAN_BANK_JENIS_KARTU_NOMOR_APRV_CODE,0,5,APRV_CODE,BTREE
pembayaran,edc,TANGGAL,1,1,TANGGAL,BTREE
pembayaran,gabung_tagihan,DARI_KE,0,1,DARI,BTREE
pembayaran,gabung_tagihan,DARI_KE,0,2,KE,BTREE
pembayaran,gabung_tagihan,PRIMARY,0,1,ID,BTREE
pembayaran,keluhan_utama,KUNJUNGAN,1,1,KUNJUNGAN,BTREE
pembayaran,keluhan_utama,KUNJUNGAN_PENDAFTARAN,0,1,KUNJUNGAN,BTREE
pembayaran,keluhan_utama,KUNJUNGAN_PENDAFTARAN,0,2,PENDAFTARAN,BTREE
pembayaran,keluhan_utama,PENDAFTARAN,1,1,PENDAFTARAN,BTREE
pembayaran,keluhan_utama,PRIMARY,0,1,ID,BTREE
pembayaran,layanan_penyedia,JENIS_LAYANAN_ID,1,1,JENIS_LAYANAN_ID,BTREE
pembayaran,layanan_penyedia,PENYEDIA_ID,1,1,PENYEDIA_ID,BTREE
pembayaran,layanan_penyedia,PRIMARY,0,1,ID,BTREE
pembayaran,layanan_penyedia,STATUS_ID,1,1,STATUS_ID,BTREE
pembayaran,pelunasan_piutang_pasien,JENIS_PEMBAYARAN,1,1,JENIS_PEMBAYARAN,BTREE
pembayaran,pelunasan_piutang_pasien,PRIMARY,0,1,ID,BTREE
pembayaran,pelunasan_piutang_pasien,STATUS,1,1,STATUS,BTREE
pembayaran,pelunasan_piutang_pasien,TAGIHAN_PIUTANG,1,1,TAGIHAN_PIUTANG,BTREE
pembayaran,pelunasan_piutang_perusahaan,PRIMARY,0,1,ID,BTREE
pembayaran,pelunasan_piutang_perusahaan,STATUS,1,1,STATUS,BTREE
pembayaran,pelunasan_piutang_perusahaan,TAGIHAN_PENJAMIN,1,1,TAGIHAN_PIUTANG,BTREE
pembayaran,pelunasan_piutang_perusahaan,TAGIHAN_PENJAMIN,1,2,PENJAMIN,BTREE
pembayaran,pembatalan_tagihan,JENIS,1,1,JENIS,BTREE
pembayaran,pembatalan_tagihan,PRIMARY,0,1,ID,BTREE
pembayaran,pembatalan_tagihan,TAGIHAN,1,1,TAGIHAN,BTREE
pembayaran,pembatalan_tagihan,TANGGAL,1,1,TANGGAL,BTREE
pembayaran,pembayaran_tagihan,BANK_ID,1,1,BANK_ID,BTREE
pembayaran,pembayaran_tagihan,JENIS,1,1,JENIS,BTREE
pembayaran,pembayaran_tagihan,JENIS_LAYANAN_ID,1,1,JENIS_LAYANAN_ID,BTREE
pembayaran,pembayaran_tagihan,NAMA,1,1,NAMA,BTREE
pembayaran,pembayaran_tagihan,NO_ID,1,1,NO_ID,BTREE
pembayaran,pembayaran_tagihan,PENYEDIA_ID,1,1,PENYEDIA_ID,BTREE
pembayaran,pembayaran_tagihan,PRIMARY,0,1,NOMOR,BTREE
pembayaran,pembayaran_tagihan,STATUS,1,1,STATUS,BTREE
pembayaran,pembayaran_tagihan,TAGIHAN,1,1,TAGIHAN,BTREE
pembayaran,pembayaran_tagihan,TANGGAL,1,1,TANGGAL,BTREE
pembayaran,pembayaran_tagihan,TRANSAKSI_KASIR,1,1,REF,BTREE
pembayaran,pembayaran_tagihan,TRANSAKSI_KASIR_NOMOR,1,1,TRANSAKSI_KASIR_NOMOR,BTREE
pembayaran,pembuatan_tagihan_terpisah,PRIMARY,0,1,ID,BTREE
pembayaran,pembuatan_tagihan_terpisah,RUANGAN_PENJAMIN,0,1,RUANGAN,BTREE
pembayaran,pembuatan_tagihan_terpisah,RUANGAN_PENJAMIN,0,2,PENJAMIN,BTREE
pembayaran,pembuatan_tagihan_terpisah,STATUS,1,1,STATUS,BTREE
pembayaran,penerbitan_virtual_account,AKUN_SUB_AKUN_JENIS_NOMOR,0,1,AKUN,BTREE
pembayaran,penerbitan_virtual_account,AKUN_SUB_AKUN_JENIS_NOMOR,0,2,SUB_AKUN,BTREE
pembayaran,penerbitan_virtual_account,AKUN_SUB_AKUN_JENIS_NOMOR,0,3,JENIS_ID,BTREE
pembayaran,penerbitan_virtual_account,AKUN_SUB_AKUN_JENIS_NOMOR,0,4,NOMOR,BTREE
pembayaran,penerbitan_virtual_account,BERAKHIR_TANGGAL,1,1,BERAKHIR_TANGGAL,BTREE
pembayaran,penerbitan_virtual_account,DIBUAT_TANGGAL,1,1,DIBUAT_TANGGAL,BTREE
pembayaran,penerbitan_virtual_account,JENIS,1,1,JENIS_ID,BTREE
pembayaran,penerbitan_virtual_account,NOMOR,1,1,NOMOR,BTREE
pembayaran,penerbitan_virtual_account,PRIMARY,0,1,ID,BTREE
pembayaran,penerbitan_virtual_account,REF_ID,1,1,REF_ID,BTREE
pembayaran,penerbitan_virtual_account,REF_VA_ID,1,1,REF_VA_ID,BTREE
pembayaran,penerbitan_virtual_account,STATUS,1,1,STATUS,BTREE
pembayaran,pengembalian_deposit,PRIMARY,0,1,TAGIHAN,BTREE
pembayaran,pengembalian_deposit,PRIMARY,0,2,TANGGAL,BTREE
pembayaran,penjamin_tagihan,PRIMARY,0,1,TAGIHAN,BTREE
pembayaran,penjamin_tagihan,PRIMARY,0,2,PENJAMIN,BTREE
pembayaran,penjamin_tagihan,SUBSIDI_TAGIHAN,1,1,SUBSIDI_TAGIHAN,BTREE
pembayaran,penyedia,JENIS_PENYEDIA_ID,1,1,JENIS_PENYEDIA_ID,BTREE
pembayaran,penyedia,PRIMARY,0,1,ID,BTREE
pembayaran,penyedia,STATUS_ID,1,1,STATUS_ID,BTREE
pembayaran,piutang_pasien,JENIS_KARTU,1,1,JENIS_KARTU,BTREE
pembayaran,piutang_pasien,NO_KARTU_IDENTITAS,1,1,NO_KARTU_IDENTITAS,BTREE
pembayaran,piutang_pasien,PRIMARY,0,1,ID,BTREE
pembayaran,piutang_pasien,SHDK,1,1,SHDK,BTREE
pembayaran,piutang_pasien,STATUS,1,1,STATUS,BTREE
pembayaran,piutang_pasien,TAGIHAN,0,1,TAGIHAN,BTREE
pembayaran,piutang_pasien,TANGGAL,1,1,TANGGAL,BTREE
pembayaran,piutang_perusahaan,PRIMARY,0,1,ID,BTREE
pembayaran,piutang_perusahaan,STATUS,1,1,STATUS,BTREE
pembayaran,piutang_perusahaan,TAGIHAN_PENJAMIN,0,1,TAGIHAN,BTREE
pembayaran,piutang_perusahaan,TAGIHAN_PENJAMIN,0,2,PENJAMIN,BTREE
pembayaran,piutang_perusahaan,TANGGAL,1,1,TANGGAL,BTREE
pembayaran,rincian_tagihan,JENIS,1,1,JENIS,BTREE
pembayaran,rincian_tagihan,REF_ID,1,1,REF_ID,BTREE
pembayaran,rincian_tagihan,TAGIHAN_ID,1,1,TAGIHAN,BTREE
pembayaran,rincian_tagihan,TARIF_ID,1,1,TARIF_ID,BTREE
pembayaran,rincian_tagihan_paket,PRIMARY,0,1,TAGIHAN,BTREE
pembayaran,rincian_tagihan_paket,PRIMARY,0,2,PAKET_DETIL,BTREE
pembayaran,rincian_tagihan_paket,PRIMARY,0,3,REF_ID,BTREE
pembayaran,rincian_tagihan_paket,TARIF_ID,1,1,TARIF_ID,BTREE
pembayaran,rincian_tagihan_temp,PRIMARY,0,1,ID,BTREE
pembayaran,rincian_tagihan_temp,TANGGAL,1,1,TANGGAL,BTREE
pembayaran,subsidi_tagihan,PRIMARY,0,1,ID,BTREE
pembayaran,subsidi_tagihan,TAGIHAN,1,1,TAGIHAN,BTREE
pembayaran,subsidi_tagihan,TANGGAL,1,1,TANGGAL,BTREE
pembayaran,tagihan,JENIS,1,1,JENIS,BTREE
pembayaran,tagihan,NORM,1,1,REF,BTREE
pembayaran,tagihan,PRIMARY,0,1,ID,BTREE
pembayaran,tagihan,STATUS,1,1,STATUS,BTREE
pembayaran,tagihan,TANGGAL,1,1,TANGGAL,BTREE
pembayaran,tagihan,TANGGAL_JENIS,1,1,TANGGAL,BTREE
pembayaran,tagihan,TANGGAL_JENIS,1,2,JENIS,BTREE
pembayaran,tagihan_klaim,FINAL_TAGIHAN,1,1,TANGGAL_FINAL,BTREE
pembayaran,tagihan_klaim,JENIS,1,1,JENIS,BTREE
pembayaran,tagihan_klaim,KELUAR,1,1,KELUAR,BTREE
pembayaran,tagihan_klaim,MASUK,1,1,MASUK,BTREE
pembayaran,tagihan_klaim,NORM,1,1,NORM,BTREE
pembayaran,tagihan_klaim,PENDAFTARAN_ID,1,1,NOPEN,BTREE
pembayaran,tagihan_klaim,PENJAMIN,1,1,PENJAMIN,BTREE
pembayaran,tagihan_klaim,PRIMARY,0,1,ID,BTREE
pembayaran,tagihan_klaim,STATUS,1,1,STATUS,BTREE
pembayaran,tagihan_klaim,TAGIHAN,1,1,TAGIHAN,BTREE
pembayaran,tagihan_klaim,TAGIHAN_PENJAMIN_JENIS,0,1,TAGIHAN,BTREE
pembayaran,tagihan_klaim,TAGIHAN_PENJAMIN_JENIS,0,2,PENJAMIN,BTREE
pembayaran,tagihan_klaim,TAGIHAN_PENJAMIN_JENIS,0,3,JENIS,BTREE
pembayaran,tagihan_pendaftaran,PENDAFTARAN,1,1,PENDAFTARAN,BTREE
pembayaran,tagihan_pendaftaran,PRIMARY,0,1,ID,BTREE
pembayaran,tagihan_pendaftaran,REF,1,1,REF,BTREE
pembayaran,tagihan_pendaftaran,STATUS,1,1,STATUS,BTREE
pembayaran,tagihan_pendaftaran,TAGIHAN,1,1,TAGIHAN,BTREE
pembayaran,tagihan_pendaftaran,TAGIHAN_PENDAFTARAN_REF,0,1,TAGIHAN,BTREE
pembayaran,tagihan_pendaftaran,TAGIHAN_PENDAFTARAN_REF,0,2,PENDAFTARAN,BTREE
pembayaran,tagihan_pendaftaran,TAGIHAN_PENDAFTARAN_REF,0,3,REF,BTREE
pembayaran,tagihan_pendaftaran,UTAMA,1,1,UTAMA,BTREE
pembayaran,transaksi_kasir,BUKA,1,1,BUKA,BTREE
pembayaran,transaksi_kasir,KASIR,1,1,KASIR,BTREE
pembayaran,transaksi_kasir,PRIMARY,0,1,NOMOR,BTREE
pembayaran,transaksi_kasir,TUTUP,1,1,TUTUP,BTREE
pembayaran,transfer,BANK_ASAL,1,1,BANK_ASAL,BTREE
pembayaran,transfer,BANK_TUJUAN,1,1,REKENING,BTREE
pembayaran,transfer,PRIMARY,0,1,ID,BTREE
pembayaran,transfer,STATUS,1,1,STATUS,BTREE
pembayaran,transfer,TAGIHAN,1,1,TAGIHAN,BTREE
pendaftaran,antrian_ruangan,antrian_ruangan_DOKTER_IDX,1,1,DOKTER,BTREE
pendaftaran,antrian_ruangan,antrian_ruangan_IS_ANTRIAN_ONLINE_IDX,1,1,IS_ANTRIAN_ONLINE,BTREE
pendaftaran,antrian_ruangan,antrian_ruangan_KODEBOOKING_IDX,1,1,KODEBOOKING,BTREE
pendaftaran,antrian_ruangan,JENIS,1,1,JENIS,BTREE
pendaftaran,antrian_ruangan,PRIMARY,0,1,ID,BTREE
pendaftaran,antrian_ruangan,REF,1,1,REF,BTREE
pendaftaran,antrian_ruangan,RUANGAN_TANGGAL_POS_NOMOR,0,1,RUANGAN,BTREE
pendaftaran,antrian_ruangan,RUANGAN_TANGGAL_POS_NOMOR,0,2,TANGGAL,BTREE
pendaftaran,antrian_ruangan,RUANGAN_TANGGAL_POS_NOMOR,0,3,POS,BTREE
pendaftaran,antrian_ruangan,RUANGAN_TANGGAL_POS_NOMOR,0,4,NOMOR,BTREE
pendaftaran,antrian_tempat_tidur,NORM_TANGGAL_RESERVASI_NOMOR,1,1,NORM,BTREE
pendaftaran,antrian_tempat_tidur,NORM_TANGGAL_RESERVASI_NOMOR,1,2,TANGGAL,BTREE
pendaftaran,antrian_tempat_tidur,NORM_TANGGAL_RESERVASI_NOMOR,1,3,RESERVASI_NOMOR,BTREE
pendaftaran,antrian_tempat_tidur,PEMOHON_ID,1,1,PEMOHON_ID,BTREE
pendaftaran,antrian_tempat_tidur,PRIMARY,0,1,ID,BTREE
pendaftaran,jawaban_konsul,KONSUL_NOMOR,0,1,KONSUL_NOMOR,BTREE
pendaftaran,jawaban_konsul,PRIMARY,0,1,NOMOR,BTREE
pendaftaran,jawaban_konsul,STATUS,1,1,STATUS,BTREE
pendaftaran,jawaban_konsul,STATUS_LAYAK_OPERASI,1,1,STATUS_LAYAK_OPERASI,BTREE
pendaftaran,jawaban_konsul,STATUS_RAWAT_BERSAMA,1,1,STATUS_RAWAT_BERSAMA,BTREE
pendaftaran,jawaban_konsul,TANGGAL,1,1,TANGGAL,BTREE
pendaftaran,kartu_identitas_penanggung_jawab,JENIS_PENANGGUNG_JAWAB_ID,0,1,JENIS,BTREE
pendaftaran,kartu_identitas_penanggung_jawab,JENIS_PENANGGUNG_JAWAB_ID,0,2,PENANGGUNG_JAWAB_ID,BTREE
pendaftaran,kartu_identitas_penanggung_jawab,NOMOR,1,1,NOMOR,BTREE
pendaftaran,kartu_identitas_penanggung_jawab,PRIMARY,0,1,ID,BTREE
pendaftaran,kartu_identitas_pengantar_pasien,JENIS_PENGANTAR_ID,0,1,JENIS,BTREE
pendaftaran,kartu_identitas_pengantar_pasien,JENIS_PENGANTAR_ID,0,2,PENGANTAR_ID,BTREE
pendaftaran,kartu_identitas_pengantar_pasien,NOMOR,1,1,NOMOR,BTREE
pendaftaran,kartu_identitas_pengantar_pasien,PRIMARY,0,1,ID,BTREE
pendaftaran,kecelakaan,NOPEN,1,1,NOPEN,BTREE
pendaftaran,kecelakaan,PENJAMIN,1,1,PENJAMIN,BTREE
pendaftaran,kecelakaan,PRIMARY,0,1,NOMOR,BTREE
pendaftaran,kecelakaan,STATUS,1,1,STATUS,BTREE
pendaftaran,konsul,DOKTER_ASAL,1,1,DOKTER_ASAL,BTREE
pendaftaran,konsul,DOKTER_KONSUL,1,1,DOKTER_TUJUAN,BTREE
pendaftaran,konsul,KODE_REQUEST_OPERASI,1,1,KODE_REQUEST_OPERASI,BTREE
pendaftaran,konsul,KUNJUNGAN,1,1,KUNJUNGAN,BTREE
pendaftaran,konsul,LEMBAR_TRANSFER,1,1,LEMBAR_TRANSFER,BTREE
pendaftaran,konsul,PRIMARY,0,1,NOMOR,BTREE
pendaftaran,konsul,STATUS,1,1,STATUS,BTREE
pendaftaran,konsul,TANGGAL,1,1,TANGGAL,BTREE
pendaftaran,konsul,TUJUAN,1,1,TUJUAN,BTREE
pendaftaran,kontak_penanggung_jawab,PRIMARY,0,1,JENIS,BTREE
pendaftaran,kontak_penanggung_jawab,PRIMARY,0,2,ID,BTREE
pendaftaran,kontak_penanggung_jawab,PRIMARY,0,3,NOMOR,BTREE
pendaftaran,kontak_pengantar_pasien,PRIMARY,0,1,JENIS,BTREE
pendaftaran,kontak_pengantar_pasien,PRIMARY,0,2,ID,BTREE
pendaftaran,kontak_pengantar_pasien,PRIMARY,0,3,NOMOR,BTREE
pendaftaran,kunjungan,BARU,1,1,BARU,BTREE
pendaftaran,kunjungan,DPJP,1,1,DPJP,BTREE
pendaftaran,kunjungan,FINAL_HASIL,1,1,FINAL_HASIL,BTREE
pendaftaran,kunjungan,FINAL_HASIL_TANGGAL,1,1,FINAL_HASIL_TANGGAL,BTREE
pendaftaran,kunjungan,KELUAR,1,1,KELUAR,BTREE
pendaftaran,kunjungan,MASUK,1,1,MASUK,BTREE
pendaftaran,kunjungan,NOPEN,1,1,NOPEN,BTREE
pendaftaran,kunjungan,NOPEN_RUANGAN_MASUK,0,1,NOPEN,BTREE
pendaftaran,kunjungan,NOPEN_RUANGAN_MASUK,0,2,RUANGAN,BTREE
pendaftaran,kunjungan,NOPEN_RUANGAN_MASUK,0,3,MASUK,BTREE
pendaftaran,kunjungan,OTOMATIS,1,1,OTOMATIS,BTREE
pendaftaran,kunjungan,PRIMARY,0,1,NOMOR,BTREE
pendaftaran,kunjungan,REF,1,1,REF,BTREE
pendaftaran,kunjungan,RUANG_KAMAR_TIDUR,1,1,RUANG_KAMAR_TIDUR,BTREE
pendaftaran,kunjungan,RUANGAN,1,1,RUANGAN,BTREE
pendaftaran,kunjungan,STATUS,1,1,STATUS,BTREE
pendaftaran,kunjungan,TITIPAN,1,1,TITIPAN,BTREE
pendaftaran,kunjungan,TITIPAN_KELAS,1,1,TITIPAN_KELAS,BTREE
pendaftaran,mutasi,IKUT_IBU,1,1,IKUT_IBU,BTREE
pendaftaran,mutasi,KUNJUNGAN,1,1,KUNJUNGAN,BTREE
pendaftaran,mutasi,KUNJUNGAN_IBU,1,1,KUNJUNGAN_IBU,BTREE
pendaftaran,mutasi,LEMBAR_TRANSFER,1,1,LEMBAR_TRANSFER,BTREE
pendaftaran,mutasi,PRIMARY,0,1,NOMOR,BTREE
pendaftaran,mutasi,RESERVASI,1,1,RESERVASI,BTREE
pendaftaran,mutasi,STATUS,1,1,STATUS,BTREE
pendaftaran,mutasi,TANGGAL,1,1,TANGGAL,BTREE
pendaftaran,mutasi,TUJUAN,1,1,TUJUAN,BTREE
pendaftaran,panggilan_antrian_ruangan,ANTRIAN_RUANGAN,1,1,ANTRIAN_RUANGAN,BTREE
pendaftaran,panggilan_antrian_ruangan,PRIMARY,0,1,ID,BTREE
pendaftaran,pembatalan_kunjungan,JENIS,1,1,JENIS,BTREE
pendaftaran,pembatalan_kunjungan,KUNJUNGAN,1,1,KUNJUNGAN,BTREE
pendaftaran,pembatalan_kunjungan,PRIMARY,0,1,ID,BTREE
pendaftaran,pemohon,NIK,0,1,NIK,BTREE
pendaftaran,pemohon,PRIMARY,0,1,ID,BTREE
pendaftaran,penanggung_jawab_pasien,JENIS_KELAMIN,1,1,JENIS_KELAMIN,BTREE
pendaftaran,penanggung_jawab_pasien,NAMA,1,1,NAMA,BTREE
pendaftaran,penanggung_jawab_pasien,NOPEN,1,1,NOPEN,BTREE
pendaftaran,penanggung_jawab_pasien,PRIMARY,0,1,ID,BTREE
pendaftaran,penanggung_jawab_pasien,REF,1,1,REF,BTREE
pendaftaran,penanggung_jawab_pasien,SHDK,1,1,SHDK,BTREE
pendaftaran,pendaftaran,CONSENT_SATUSEHAT,1,1,CONSENT_SATUSEHAT,BTREE
pendaftaran,pendaftaran,DIAGNOSA_MASUK,1,1,DIAGNOSA_MASUK,BTREE
pendaftaran,pendaftaran,NORM,1,1,NORM,BTREE
pendaftaran,pendaftaran,PAKET,1,1,PAKET,BTREE
pendaftaran,pendaftaran,PRIMARY,0,1,NOMOR,BTREE
pendaftaran,pendaftaran,RUJUKAN,1,1,RUJUKAN,BTREE
pendaftaran,pendaftaran,STATUS,1,1,STATUS,BTREE
pendaftaran,pendaftaran,TANGGAL,1,1,TANGGAL,BTREE
pendaftaran,pengantar_pasien,JENIS_KELAMIN,1,1,JENIS_KELAMIN,BTREE
pendaftaran,pengantar_pasien,NAMA,1,1,NAMA,BTREE
pendaftaran,pengantar_pasien,NOPEN,1,1,NOPEN,BTREE
pendaftaran,pengantar_pasien,PRIMARY,0,1,ID,BTREE
pendaftaran,pengantar_pasien,REF,1,1,REF,BTREE
pendaftaran,pengantar_pasien,SHDK,1,1,SHDK,BTREE
pendaftaran,penjamin,COB,1,1,COB,BTREE
pendaftaran,penjamin,JENIS,1,1,JENIS,BTREE
pendaftaran,penjamin,JENIS_NOPEN,0,1,JENIS,BTREE
pendaftaran,penjamin,JENIS_NOPEN,0,2,NOPEN,BTREE
pendaftaran,penjamin,JENIS_PEGAWAI,1,1,PEGAWAI_JENIS,BTREE
pendaftaran,penjamin,JENIS_PESERTA,1,1,JENIS_PESERTA,BTREE
pendaftaran,penjamin,KELAS,1,1,KELAS,BTREE
pendaftaran,penjamin,KENAKAN_TARIF,1,1,KENAKAN_TARIF,BTREE
pendaftaran,penjamin,NO_SURAT,1,1,NO_SURAT,BTREE
pendaftaran,penjamin,NOMOR,1,1,NOMOR,BTREE
pendaftaran,penjamin,NOPEN,1,1,NOPEN,BTREE
pendaftaran,penjamin,PEGAWAI_NIP,1,1,PEGAWAI_NIP,BTREE
pendaftaran,penjamin,PRIMARY,0,1,ID,BTREE
pendaftaran,penjamin,SATU_EPISODE,1,1,SATU_EPISODE,BTREE
pendaftaran,perubahan_tanggal_kunjungan,JENIS,1,1,JENIS,BTREE
pendaftaran,perubahan_tanggal_kunjungan,KUNJUNGAN,1,1,KUNJUNGAN,BTREE
pendaftaran,perubahan_tanggal_kunjungan,PRIMARY,0,1,ID,BTREE
pendaftaran,rawat_bersama,CPPT,1,1,CPPT,BTREE
pendaftaran,rawat_bersama,JAWAB_KONSUL,1,1,JAWAB_KONSUL,BTREE
pendaftaran,rawat_bersama,KUNJUNGAN,1,1,KUNJUNGAN,BTREE
pendaftaran,rawat_bersama,NOPEN,1,1,NOPEN,BTREE
pendaftaran,rawat_bersama,NORM,1,1,NORM,BTREE
pendaftaran,rawat_bersama,PRIMARY,0,1,ID,BTREE
pendaftaran,rawat_bersama,STATUS,1,1,STATUS,BTREE
pendaftaran,reservasi,PRIMARY,0,1,NOMOR,BTREE
pendaftaran,reservasi,RUANG_KAMAR_TIDUR,1,1,RUANG_KAMAR_TIDUR,BTREE
pendaftaran,reservasi,STATUS,1,1,STATUS,BTREE
pendaftaran,reservasi,TANGGAL,1,1,TANGGAL,BTREE
pendaftaran,rujukan_keluar,JENIS,1,1,JENIS,BTREE
pendaftaran,rujukan_keluar,KUNJUNGAN,1,1,KUNJUNGAN,BTREE
pendaftaran,rujukan_keluar,NOPEN,1,1,NOPEN,BTREE
pendaftaran,rujukan_keluar,PRIMARY,0,1,NOMOR,BTREE
pendaftaran,rujukan_keluar,STATUS,1,1,STATUS,BTREE
pendaftaran,rujukan_keluar,TANGGAL,1,1,TANGGAL,BTREE
pendaftaran,rujukan_keluar,TUJUAN,1,1,TUJUAN,BTREE
pendaftaran,rujukan_keluar,TUJUAN_RUANGAN,1,1,TUJUAN_RUANGAN,BTREE
pendaftaran,surat_rujukan_pasien,DIAGNOSA_MASUK,1,1,DIAGNOSA_MASUK,BTREE
pendaftaran,surat_rujukan_pasien,NOMOR,1,1,NOMOR,BTREE
pendaftaran,surat_rujukan_pasien,NORM,1,1,NORM,BTREE
pendaftaran,surat_rujukan_pasien,PPK,1,1,PPK,BTREE
pendaftaran,surat_rujukan_pasien,PPK_NORM_NOMOR,0,1,PPK,BTREE
pendaftaran,surat_rujukan_pasien,PPK_NORM_NOMOR,0,2,NORM,BTREE
pendaftaran,surat_rujukan_pasien,PPK_NORM_NOMOR,0,3,NOMOR,BTREE
pendaftaran,surat_rujukan_pasien,PRIMARY,0,1,ID,BTREE
pendaftaran,surat_rujukan_pasien,STATUS,1,1,STATUS,BTREE
pendaftaran,surat_rujukan_pasien,TANGGAL,1,1,TANGGAL,BTREE
pendaftaran,tujuan_pasien,DOKTER,1,1,DOKTER,BTREE
pendaftaran,tujuan_pasien,IKUT_IBU,1,1,IKUT_IBU,BTREE
pendaftaran,tujuan_pasien,KUNJUNGAN_IBU,1,1,KUNJUNGAN_IBU,BTREE
pendaftaran,tujuan_pasien,PRIMARY,0,1,NOPEN,BTREE
pendaftaran,tujuan_pasien,RESERVASI,1,1,RESERVASI,BTREE
pendaftaran,tujuan_pasien,RUANGAN,1,1,RUANGAN,BTREE
pendaftaran,tujuan_pasien,SMF,1,1,SMF,BTREE
pendaftaran,tujuan_pasien,STATUS,1,1,STATUS,BTREE
penjamin_rs,cara_keluar,PRIMARY,0,1,ID,BTREE
penjamin_rs,cara_keluar,PRIMARY,0,2,PENJAMIN,BTREE
penjamin_rs,dpjp,DPJP_RS,1,1,DPJP_RS,BTREE
penjamin_rs,dpjp,PRIMARY,0,1,ID,BTREE
penjamin_rs,dpjp,PRIMARY,0,2,PENJAMIN,BTREE
penjamin_rs,drivers,JENIS_DRIVER_ID,1,1,JENIS_DRIVER_ID,BTREE
penjamin_rs,drivers,JENIS_PENJAMIN_ID,1,1,JENIS_PENJAMIN_ID,BTREE
penjamin_rs,drivers,PRIMARY,0,1,ID,BTREE
penjamin_rs,jenis_driver,PRIMARY,0,1,ID,BTREE
penjamin_rs,kenaikan_tarif,JENIS,1,1,JENIS,BTREE
penjamin_rs,kenaikan_tarif,PENJAMIN,1,1,PENJAMIN,BTREE
penjamin_rs,kenaikan_tarif,PENJAMIN_JENIS_TANGGAL,0,1,PENJAMIN,BTREE
penjamin_rs,kenaikan_tarif,PENJAMIN_JENIS_TANGGAL,0,2,JENIS,BTREE
penjamin_rs,kenaikan_tarif,PENJAMIN_JENIS_TANGGAL,0,3,TANGGAL,BTREE
penjamin_rs,kenaikan_tarif,PRIMARY,0,1,ID,BTREE
penjamin_rs,kenaikan_tarif,STATUS,1,1,STATUS,BTREE
penjamin_rs,kenaikan_tarif,TANGGAL,1,1,TANGGAL,BTREE
penjualan,penjualan,PRIMARY,0,1,NOMOR,BTREE
penjualan,penjualan,RUANGAN,1,1,RUANGAN,BTREE
penjualan,penjualan_detil,BARANG,1,1,BARANG,BTREE
penjualan,penjualan_detil,HARGA_BARANG,1,1,HARGA_BARANG,BTREE
penjualan,penjualan_detil,PENJUALAN_ID,1,1,PENJUALAN_ID,BTREE
penjualan,penjualan_detil,PRIMARY,0,1,ID,BTREE
penjualan,ppn_penjualan,PRIMARY,0,1,ID,BTREE
penjualan,ppn_penjualan,STATUS,1,1,STATUS,BTREE
penjualan,ppn_penjualan,TANGGAL_MULAI_BERLAKU,1,1,TANGGAL_MULAI_BERLAKU,BTREE
penjualan,retur_penjualan,BARANG,1,1,BARANG,BTREE
penjualan,retur_penjualan,PENJUALAN_DETIL_ID,1,1,PENJUALAN_DETIL_ID,BTREE
penjualan,retur_penjualan,PENJUALAN_ID,1,1,PENJUALAN_ID,BTREE
penjualan,retur_penjualan,PRIMARY,0,1,ID,BTREE
simgos,abci_procedures,abci_procedures_created_by_foreign,1,1,created_by,BTREE
simgos,abci_procedures,abci_procedures_doctor_id_foreign,1,1,doctor_id,BTREE
simgos,abci_procedures,abci_procedures_patient_id_foreign,1,1,patient_id,BTREE
simgos,abci_procedures,abci_procedures_visit_id_foreign,1,1,visit_id,BTREE
simgos,abci_procedures,PRIMARY,0,1,id,BTREE
simgos,abdomen_examinations,PRIMARY,0,1,id,BTREE
simgos,accident_records,accident_records_visit_id_foreign,1,1,visit_id,BTREE
simgos,accident_records,PRIMARY,0,1,id,BTREE
simgos,administration_tariffs,PRIMARY,0,1,id,BTREE
simgos,administrations,administrations_code_unique,0,1,code,BTREE
simgos,administrations,administrations_name_unique,0,1,name,BTREE
simgos,administrations,PRIMARY,0,1,id,BTREE
simgos,admission_diagnoses,admission_diagnoses_diagnosis_code_id_index,1,1,diagnosis_code_id,BTREE
simgos,admission_diagnoses,admission_diagnoses_visit_id_foreign,1,1,visit_id,BTREE
simgos,admission_diagnoses,PRIMARY,0,1,id,BTREE
simgos,admission_medication_reconciliation_items,fk_amri_reconciliation_id,1,1,reconciliation_id,BTREE
simgos,admission_medication_reconciliation_items,PRIMARY,0,1,id,BTREE
simgos,admission_medication_reconciliations,admission_medication_reconciliations_created_by_foreign,1,1,created_by,BTREE
simgos,admission_medication_reconciliations,admission_medication_reconciliations_reconciled_by_foreign,1,1,reconciled_by,BTREE
simgos,admission_medication_reconciliations,admission_medication_reconciliations_visit_id_foreign,1,1,visit_id,BTREE
simgos,admission_medication_reconciliations,PRIMARY,0,1,id,BTREE
simgos,alergis,alergis_kunjungan_id_foreign,1,1,kunjungan_id,BTREE
simgos,alergis,PRIMARY,0,1,id,BTREE
simgos,allergies,allergies_created_by_foreign,1,1,created_by,BTREE
simgos,allergies,allergies_patient_id_foreign,1,1,patient_id,BTREE
simgos,allergies,allergies_recorded_by_foreign,1,1,recorded_by,BTREE
simgos,allergies,PRIMARY,0,1,id,BTREE
simgos,anal_examinations,PRIMARY,0,1,id,BTREE
simgos,anamneses,anamneses_recorded_by_foreign,1,1,recorded_by,BTREE
simgos,anamneses,anamneses_visit_id_foreign,1,1,visit_id,BTREE
simgos,anamneses,PRIMARY,0,1,id,BTREE
simgos,anamnesis_sources,anamnesis_sources_anamnesis_id_foreign,1,1,anamnesis_id,BTREE
simgos,anamnesis_sources,PRIMARY,0,1,id,BTREE
simgos,anatomy_templates,PRIMARY,0,1,id,BTREE
simgos,anesthesia_preparations,anesthesia_preparations_created_by_foreign,1,1,created_by,BTREE
simgos,anesthesia_preparations,anesthesia_preparations_prepared_by_foreign,1,1,prepared_by,BTREE
simgos,anesthesia_preparations,anesthesia_preparations_visit_id_foreign,1,1,visit_id,BTREE
simgos,anesthesia_preparations,PRIMARY,0,1,id,BTREE
simgos,antibiotic_bacteria_mappings,abm_antibiotic_bacteria_unique,0,1,antibiotic_name,BTREE
simgos,antibiotic_bacteria_mappings,abm_antibiotic_bacteria_unique,0,2,bacteria_name,BTREE
simgos,antibiotic_bacteria_mappings,PRIMARY,0,1,id,BTREE
simgos,antibiotic_restrictions,antibiotic_restrictions_antibiotic_name_unique,0,1,antibiotic_name,BTREE
simgos,antibiotic_restrictions,PRIMARY,0,1,id,BTREE
simgos,antimicrobial_stewardship_approvals,antimicrobial_stewardship_approvals_approved_by_foreign,1,1,approved_by,BTREE
simgos,antimicrobial_stewardship_approvals,fk_asa_form_id,1,1,antimicrobial_stewardship_form_id,BTREE
simgos,antimicrobial_stewardship_approvals,PRIMARY,0,1,id,BTREE
simgos,antimicrobial_stewardship_form_items,antimicrobial_stewardship_form_items_item_id_foreign,1,1,item_id,BTREE
simgos,antimicrobial_stewardship_form_items,fk_asfi_form_id,1,1,antimicrobial_stewardship_form_id,BTREE
simgos,antimicrobial_stewardship_form_items,PRIMARY,0,1,id,BTREE
simgos,antimicrobial_stewardship_forms,antimicrobial_stewardship_forms_patient_id_foreign,1,1,patient_id,BTREE
simgos,antimicrobial_stewardship_forms,antimicrobial_stewardship_forms_requesting_doctor_id_foreign,1,1,requesting_doctor_id,BTREE
simgos,antimicrobial_stewardship_forms,antimicrobial_stewardship_forms_visit_id_foreign,1,1,visit_id,BTREE
simgos,antimicrobial_stewardship_forms,fk_asf_restr_id,1,1,antibiotic_restriction_id,BTREE
simgos,antimicrobial_stewardship_forms,PRIMARY,0,1,id,BTREE
simgos,antimicrobial_stewardship_general_examinations,fk_asge_form_id,1,1,antimicrobial_stewardship_form_id,BTREE
simgos,antimicrobial_stewardship_general_examinations,PRIMARY,0,1,id,BTREE
simgos,antimicrobial_stewardship_lab_results,antimicrobial_stewardship_lab_results_lab_result_id_foreign,1,1,lab_result_id,BTREE
simgos,antimicrobial_stewardship_lab_results,fk_aslr_form_id,1,1,antimicrobial_stewardship_form_id,BTREE
simgos,antimicrobial_stewardship_lab_results,PRIMARY,0,1,id,BTREE
simgos,antimicrobial_stewardship_microbiology_results,fk_asmr_form_id,1,1,antimicrobial_stewardship_form_id,BTREE
simgos,antimicrobial_stewardship_microbiology_results,PRIMARY,0,1,id,BTREE
simgos,antimicrobial_stewardship_other_support_results,fk_asosr_form_id,1,1,antimicrobial_stewardship_form_id,BTREE
simgos,antimicrobial_stewardship_other_support_results,PRIMARY,0,1,id,BTREE
simgos,antimicrobial_stewardship_prior_histories,fk_asph_form_id,1,1,antimicrobial_stewardship_form_id,BTREE
simgos,antimicrobial_stewardship_prior_histories,PRIMARY,0,1,id,BTREE
simgos,antimicrobial_stewardship_radiology_results,fk_asrr_form_id,1,1,antimicrobial_stewardship_form_id,BTREE
simgos,antimicrobial_stewardship_radiology_results,PRIMARY,0,1,id,BTREE
simgos,antrean_fktp_antrean_waktus,antrean_fktp_antrean_waktus_antrean_id_foreign,1,1,antrean_id,BTREE
simgos,antrean_fktp_antrean_waktus,PRIMARY,0,1,id,BTREE
simgos,antrean_fktp_antreans,antrean_fktp_antreans_created_by_foreign,1,1,created_by,BTREE
simgos,antrean_fktp_antreans,antrean_fktp_antreans_kodebooking_unique,0,1,kodebooking,BTREE
simgos,antrean_fktp_antreans,antrean_fktp_antreans_visit_id_foreign,1,1,visit_id,BTREE
simgos,antrean_fktp_antreans,PRIMARY,0,1,id,BTREE
simgos,antrean_fktp_mobile_jkn_tokens,antrean_fktp_mobile_jkn_tokens_token_unique,0,1,token,BTREE
simgos,antrean_fktp_mobile_jkn_tokens,antrean_fktp_mobile_jkn_tokens_username_token_index,1,1,username,BTREE
simgos,antrean_fktp_mobile_jkn_tokens,antrean_fktp_mobile_jkn_tokens_username_token_index,1,2,token,BTREE
simgos,antrean_fktp_mobile_jkn_tokens,PRIMARY,0,1,id,BTREE
simgos,antrean_rs_antrean_waktus,antrean_rs_antrean_waktus_antrean_id_foreign,1,1,antrean_id,BTREE
simgos,antrean_rs_antrean_waktus,PRIMARY,0,1,id,BTREE
simgos,antrean_rs_antreans,antrean_rs_antreans_created_by_foreign,1,1,created_by,BTREE
simgos,antrean_rs_antreans,antrean_rs_antreans_kodebooking_unique,0,1,kodebooking,BTREE
simgos,antrean_rs_antreans,antrean_rs_antreans_visit_id_foreign,1,1,visit_id,BTREE
simgos,antrean_rs_antreans,PRIMARY,0,1,id,BTREE
simgos,antrean_rs_mobile_jkn_tokens,antrean_rs_mobile_jkn_tokens_token_unique,0,1,token,BTREE
simgos,antrean_rs_mobile_jkn_tokens,antrean_rs_mobile_jkn_tokens_username_token_index,1,1,username,BTREE
simgos,antrean_rs_mobile_jkn_tokens,antrean_rs_mobile_jkn_tokens_username_token_index,1,2,token,BTREE
simgos,antrean_rs_mobile_jkn_tokens,PRIMARY,0,1,id,BTREE
simgos,aplicares_room_syncs,aplicares_room_syncs_room_id_unique,0,1,room_id,BTREE
simgos,aplicares_room_syncs,PRIMARY,0,1,id,BTREE
simgos,apotek_pelayanan_obats,apotek_pelayanan_obats_resep_id_foreign,1,1,resep_id,BTREE
simgos,apotek_pelayanan_obats,PRIMARY,0,1,id,BTREE
simgos,apotek_penyimpanan_obat_items,apotek_penyimpanan_obat_items_penyimpanan_obat_id_foreign,1,1,penyimpanan_obat_id,BTREE
simgos,apotek_penyimpanan_obat_items,PRIMARY,0,1,id,BTREE
simgos,apotek_penyimpanan_obats,apotek_penyimpanan_obats_pelayanan_id_foreign,1,1,pelayanan_id,BTREE
simgos,apotek_penyimpanan_obats,PRIMARY,0,1,id,BTREE
simgos,apotek_reseps,apotek_reseps_created_by_foreign,1,1,created_by,BTREE
simgos,apotek_reseps,apotek_reseps_prescription_id_foreign,1,1,prescription_id,BTREE
simgos,apotek_reseps,apotek_reseps_visit_id_foreign,1,1,visit_id,BTREE
simgos,apotek_reseps,PRIMARY,0,1,id,BTREE
simgos,applicants,applicants_created_by_foreign,1,1,created_by,BTREE
simgos,applicants,applicants_registration_id_foreign,1,1,registration_id,BTREE
simgos,applicants,PRIMARY,0,1,id,BTREE
simgos,attending_physicians,attending_physicians_employee_id_foreign,1,1,employee_id,BTREE
simgos,attending_physicians,attending_physicians_visit_id_foreign,1,1,visit_id,BTREE
simgos,attending_physicians,PRIMARY,0,1,id,BTREE
simgos,audio_attachments,audio_attachments_patient_id_foreign,1,1,patient_id,BTREE
simgos,audio_attachments,audio_attachments_recorded_by_foreign,1,1,recorded_by,BTREE
simgos,audio_attachments,audio_attachments_visit_id_foreign,1,1,visit_id,BTREE
simgos,audio_attachments,PRIMARY,0,1,id,BTREE
simgos,back_examinations,PRIMARY,0,1,id,BTREE
simgos,baep_anxiety_details,baep_anxiety_details_baep_protocol_id_foreign,1,1,baep_protocol_id,BTREE
simgos,baep_anxiety_details,PRIMARY,0,1,id,BTREE
simgos,baep_cognitive_details,baep_cognitive_details_baep_protocol_id_foreign,1,1,baep_protocol_id,BTREE
simgos,baep_cognitive_details,PRIMARY,0,1,id,BTREE
simgos,baep_depression_details,baep_depression_details_baep_protocol_id_foreign,1,1,baep_protocol_id,BTREE
simgos,baep_depression_details,PRIMARY,0,1,id,BTREE
simgos,baep_dysphagia_details,baep_dysphagia_details_baep_protocol_id_foreign,1,1,baep_protocol_id,BTREE
simgos,baep_dysphagia_details,PRIMARY,0,1,id,BTREE
simgos,baep_insomnia_details,baep_insomnia_details_baep_protocol_id_foreign,1,1,baep_protocol_id,BTREE
simgos,baep_insomnia_details,PRIMARY,0,1,id,BTREE
simgos,baep_intervention_protocols,baep_intervention_protocols_created_by_foreign,1,1,created_by,BTREE
simgos,baep_intervention_protocols,baep_intervention_protocols_performed_by_foreign,1,1,performed_by,BTREE
simgos,baep_intervention_protocols,baep_intervention_protocols_visit_id_foreign,1,1,visit_id,BTREE
simgos,baep_intervention_protocols,PRIMARY,0,1,id,BTREE
simgos,baep_motor_details,baep_motor_details_baep_protocol_id_foreign,1,1,baep_protocol_id,BTREE
simgos,baep_motor_details,PRIMARY,0,1,id,BTREE
simgos,baep_sensory_details,baep_sensory_details_baep_protocol_id_foreign,1,1,baep_protocol_id,BTREE
simgos,baep_sensory_details,PRIMARY,0,1,id,BTREE
simgos,baep_stimulation_protocol_details,baep_stimulation_protocol_details_baep_protocol_id_foreign,1,1,baep_protocol_id,BTREE
simgos,baep_stimulation_protocol_details,PRIMARY,0,1,id,BTREE
simgos,bank_accounts,bank_accounts_account_number_unique,0,1,account_number,BTREE
simgos,bank_accounts,PRIMARY,0,1,id,BTREE
simgos,bank_transfers,bank_transfers_payment_id_foreign,1,1,payment_id,BTREE
simgos,bank_transfers,bank_transfers_transfer_reference_number_unique,0,1,transfer_reference_number,BTREE
simgos,bank_transfers,PRIMARY,0,1,id,BTREE
simgos,barthel_index_assessments,PRIMARY,0,1,id,BTREE
simgos,bed_queues,bed_queues_bed_id_foreign,1,1,bed_id,BTREE
simgos,bed_queues,bed_queues_patient_id_foreign,1,1,patient_id,BTREE
simgos,bed_queues,PRIMARY,0,1,id,BTREE
simgos,beds,beds_room_id_bed_number_unique,0,1,room_id,BTREE
simgos,beds,beds_room_id_bed_number_unique,0,2,bed_number,BTREE
simgos,beds,PRIMARY,0,1,id,BTREE
simgos,birth_certificate_letters,birth_certificate_letters_created_by_foreign,1,1,created_by,BTREE
simgos,birth_certificate_letters,birth_certificate_letters_doctor_id_foreign,1,1,doctor_id,BTREE
simgos,birth_certificate_letters,birth_certificate_letters_letter_number_unique,0,1,letter_number,BTREE
simgos,birth_certificate_letters,birth_certificate_letters_mother_patient_id_foreign,1,1,mother_patient_id,BTREE
simgos,birth_certificate_letters,birth_certificate_letters_patient_id_foreign,1,1,patient_id,BTREE
simgos,birth_certificate_letters,birth_certificate_letters_visit_id_foreign,1,1,visit_id,BTREE
simgos,birth_certificate_letters,PRIMARY,0,1,id,BTREE
simgos,birth_records,birth_records_attending_doctor_id_foreign,1,1,attending_doctor_id,BTREE
simgos,birth_records,birth_records_gender_id_index,1,1,gender_id,BTREE
simgos,birth_records,birth_records_mother_patient_id_foreign,1,1,mother_patient_id,BTREE
simgos,birth_records,birth_records_visit_id_foreign,1,1,visit_id,BTREE
simgos,birth_records,PRIMARY,0,1,id,BTREE
simgos,birthplaces,birthplaces_name_unique,0,1,name,BTREE
simgos,birthplaces,PRIMARY,0,1,id,BTREE
simgos,blood_request_items,blood_request_items_blood_transfusion_id_foreign,1,1,blood_transfusion_id,BTREE
simgos,blood_request_items,PRIMARY,0,1,id,BTREE
simgos,blood_transfusion_details,blood_transfusion_details_created_by_foreign,1,1,created_by,BTREE
simgos,blood_transfusion_details,blood_transfusion_details_transfusion_id_foreign,1,1,transfusion_id,BTREE
simgos,blood_transfusion_details,PRIMARY,0,1,id,BTREE
simgos,blood_transfusion_observations,PRIMARY,0,1,id,BTREE
simgos,blood_transfusions,blood_transfusions_administered_by_foreign,1,1,administered_by,BTREE
simgos,blood_transfusions,blood_transfusions_blood_type_id_index,1,1,blood_type_id,BTREE
simgos,blood_transfusions,blood_transfusions_created_by_foreign,1,1,created_by,BTREE
simgos,blood_transfusions,blood_transfusions_visit_id_foreign,1,1,visit_id,BTREE
simgos,blood_transfusions,PRIMARY,0,1,id,BTREE
simgos,bpjs_outpatient_verifications,bpjs_outpatient_verifications_checked_by_foreign,1,1,checked_by,BTREE
simgos,bpjs_outpatient_verifications,bpjs_outpatient_verifications_correlation_id_unique,0,1,correlation_id,BTREE
simgos,bpjs_outpatient_verifications,bpjs_outpatient_verifications_no_kartu_service_date_index,1,1,no_kartu,BTREE
simgos,bpjs_outpatient_verifications,bpjs_outpatient_verifications_no_kartu_service_date_index,1,2,service_date,BTREE
simgos,bpjs_outpatient_verifications,bpjs_outpatient_verifications_patient_id_service_date_index,1,1,patient_id,BTREE
simgos,bpjs_outpatient_verifications,bpjs_outpatient_verifications_patient_id_service_date_index,1,2,service_date,BTREE
simgos,bpjs_outpatient_verifications,bpjs_outpatient_verifications_registration_id_foreign,1,1,registration_id,BTREE
simgos,bpjs_outpatient_verifications,PRIMARY,0,1,id,BTREE
simgos,breast_examinations,PRIMARY,0,1,id,BTREE
simgos,cache,cache_expiration_index,1,1,expiration,BTREE
simgos,cache,PRIMARY,0,1,key,BTREE
simgos,cache_locks,cache_locks_expiration_index,1,1,expiration,BTREE
simgos,cache_locks,PRIMARY,0,1,key,BTREE
simgos,case_manager_assessments,PRIMARY,0,1,id,BTREE
simgos,cashier_sessions,cashier_sessions_cashier_id_status_index,1,1,cashier_id,BTREE
simgos,cashier_sessions,cashier_sessions_cashier_id_status_index,1,2,status,BTREE
simgos,cashier_sessions,cashier_sessions_closed_by_foreign,1,1,closed_by,BTREE
simgos,cashier_sessions,cashier_sessions_open_key_unique,0,1,open_key,BTREE
simgos,cashier_sessions,cashier_sessions_opened_by_foreign,1,1,opened_by,BTREE
simgos,cashier_sessions,PRIMARY,0,1,id,BTREE
simgos,cashier_transactions,cashier_transactions_cashier_id_foreign,1,1,cashier_id,BTREE
simgos,cashier_transactions,cashier_transactions_invoice_id_foreign,1,1,invoice_id,BTREE
simgos,cashier_transactions,PRIMARY,0,1,id,BTREE
simgos,cashiers,cashiers_cashier_code_unique,0,1,cashier_code,BTREE
simgos,cashiers,cashiers_employee_id_foreign,1,1,employee_id,BTREE
simgos,cashiers,PRIMARY,0,1,id,BTREE
simgos,cat_clams_examinations,PRIMARY,0,1,id,BTREE
simgos,chest_examinations,PRIMARY,0,1,id,BTREE
simgos,chief_complaints,chief_complaints_recorded_by_foreign,1,1,recorded_by,BTREE
simgos,chief_complaints,chief_complaints_visit_id_foreign,1,1,visit_id,BTREE
simgos,chief_complaints,PRIMARY,0,1,id,BTREE
simgos,claim_completeness,claim_completeness_claim_file_id_foreign,1,1,claim_file_id,BTREE
simgos,claim_completeness,PRIMARY,0,1,id,BTREE
simgos,claim_completeness_comments,ccc_completeness_id_foreign,1,1,claim_completeness_id,BTREE
simgos,claim_completeness_comments,PRIMARY,0,1,id,BTREE
simgos,claim_drivers,claim_drivers_code_unique,0,1,code,BTREE
simgos,claim_drivers,PRIMARY,0,1,id,BTREE
simgos,claim_files,claim_files_claim_number_unique,0,1,claim_number,BTREE
simgos,claim_files,claim_files_guarantor_id_foreign,1,1,guarantor_id,BTREE
simgos,claim_files,claim_files_handed_off_by_foreign,1,1,handed_off_by,BTREE
simgos,claim_files,claim_files_integrity_projection_index,1,1,status,BTREE
simgos,claim_files,claim_files_integrity_projection_index,1,2,integrity_status,BTREE
simgos,claim_files,claim_files_integrity_projection_index,1,3,registration_id,BTREE
simgos,claim_files,claim_files_invoice_unique,0,1,invoice_id,BTREE
simgos,claim_files,claim_files_registration_id_foreign,1,1,registration_id,BTREE
simgos,claim_files,claim_files_sep_id_foreign,1,1,sep_id,BTREE
simgos,claim_files,claim_files_visit_unique,0,1,visit_id,BTREE
simgos,claim_files,PRIMARY,0,1,id,BTREE
simgos,claim_invoices,claim_invoices_claim_number_unique,0,1,claim_number,BTREE
simgos,claim_invoices,claim_invoices_guarantor_id_foreign,1,1,guarantor_id,BTREE
simgos,claim_invoices,claim_invoices_invoice_id_foreign,1,1,invoice_id,BTREE
simgos,claim_invoices,PRIMARY,0,1,id,BTREE
simgos,clinical_lab_claim_items,clinical_lab_claim_items_clinical_lab_claim_id_foreign,1,1,clinical_lab_claim_id,BTREE
simgos,clinical_lab_claim_items,PRIMARY,0,1,id,BTREE
simgos,clinical_lab_claims,clinical_lab_claims_claim_file_id_foreign,1,1,claim_file_id,BTREE
simgos,clinical_lab_claims,clinical_lab_claims_order_id_foreign,1,1,order_id,BTREE
simgos,clinical_lab_claims,PRIMARY,0,1,id,BTREE
simgos,clinical_note_co_managements,clinical_note_co_managements_author_id_foreign,1,1,author_id,BTREE
simgos,clinical_note_co_managements,clinical_note_co_managements_clinical_note_id_foreign,1,1,clinical_note_id,BTREE
simgos,clinical_note_co_managements,clinical_note_co_managements_medical_department_id_foreign,1,1,medical_department_id,BTREE
simgos,clinical_note_co_managements,PRIMARY,0,1,id,BTREE
simgos,clinical_note_verifications,clinical_note_verifications_clinical_note_id_foreign,1,1,clinical_note_id,BTREE
simgos,clinical_note_verifications,clinical_note_verifications_created_by_foreign,1,1,created_by,BTREE
simgos,clinical_note_verifications,clinical_note_verifications_verifier_doctor_id_foreign,1,1,verifier_doctor_id,BTREE
simgos,clinical_note_verifications,PRIMARY,0,1,id,BTREE
simgos,clinical_notes,clinical_notes_author_id_foreign,1,1,author_id,BTREE
simgos,clinical_notes,clinical_notes_created_by_foreign,1,1,created_by,BTREE
simgos,clinical_notes,clinical_notes_visit_id_foreign,1,1,visit_id,BTREE
simgos,clinical_notes,PRIMARY,0,1,id,BTREE
simgos,co_managements,co_managements_employee_id_foreign,1,1,employee_id,BTREE
simgos,co_managements,co_managements_visit_id_foreign,1,1,visit_id,BTREE
simgos,co_managements,PRIMARY,0,1,id,BTREE
simgos,consultation_answers,consultation_answers_answered_by_foreign,1,1,answered_by,BTREE
simgos,consultation_answers,consultation_answers_consultation_id_foreign,1,1,consultation_id,BTREE
simgos,consultation_answers,PRIMARY,0,1,id,BTREE
simgos,consultation_rooms,consultation_rooms_ward_id_foreign,1,1,ward_id,BTREE
simgos,consultation_rooms,PRIMARY,0,1,id,BTREE
simgos,consultations,consultations_consulted_department_id_foreign,1,1,consulted_department_id,BTREE
simgos,consultations,consultations_requesting_department_id_foreign,1,1,requesting_department_id,BTREE
simgos,consultations,consultations_visit_id_foreign,1,1,visit_id,BTREE
simgos,consultations,PRIMARY,0,1,id,BTREE
simgos,control_schedules,control_schedules_medical_department_id_foreign,1,1,medical_department_id,BTREE
simgos,control_schedules,control_schedules_patient_id_foreign,1,1,patient_id,BTREE
simgos,control_schedules,control_schedules_scheduled_by_foreign,1,1,scheduled_by,BTREE
simgos,control_schedules,control_schedules_visit_id_foreign,1,1,visit_id,BTREE
simgos,control_schedules,PRIMARY,0,1,id,BTREE
simgos,corporate_receivable_settlements,corporate_receivable_settlements_corporate_receivable_id_foreign,1,1,corporate_receivable_id,BTREE
simgos,corporate_receivable_settlements,corporate_receivable_settlements_received_by_foreign,1,1,received_by,BTREE
simgos,corporate_receivable_settlements,PRIMARY,0,1,id,BTREE
simgos,corporate_receivables,corporate_receivables_guarantor_id_foreign,1,1,guarantor_id,BTREE
simgos,corporate_receivables,corporate_receivables_invoice_id_foreign,1,1,invoice_id,BTREE
simgos,corporate_receivables,PRIMARY,0,1,id,BTREE
simgos,cough_assessments,cough_assessments_assessed_by_foreign,1,1,assessed_by,BTREE
simgos,cough_assessments,cough_assessments_visit_id_foreign,1,1,visit_id,BTREE
simgos,cough_assessments,PRIMARY,0,1,id,BTREE
simgos,countries,countries_code_unique,0,1,code,BTREE
simgos,countries,countries_name_unique,0,1,name,BTREE
simgos,countries,PRIMARY,0,1,id,BTREE
simgos,critical_lab_values,critical_lab_values_lab_order_id_foreign,1,1,lab_order_id,BTREE
simgos,critical_lab_values,PRIMARY,0,1,id,BTREE
simgos,dental_examinations,PRIMARY,0,1,id,BTREE
simgos,deposit_refunds,deposit_refunds_deposit_id_foreign,1,1,deposit_id,BTREE
simgos,deposit_refunds,deposit_refunds_refunded_by_foreign,1,1,refunded_by,BTREE
simgos,deposit_refunds,PRIMARY,0,1,id,BTREE
simgos,deposits,deposits_deposit_number_unique,0,1,deposit_number,BTREE
simgos,deposits,deposits_received_by_foreign,1,1,received_by,BTREE
simgos,deposits,deposits_visit_id_foreign,1,1,visit_id,BTREE
simgos,deposits,PRIMARY,0,1,id,BTREE
simgos,diagnoses,diagnoses_diagnosis_code_id_index,1,1,diagnosis_code_id,BTREE
simgos,diagnoses,diagnoses_recorded_by_foreign,1,1,recorded_by,BTREE
simgos,diagnoses,diagnoses_visit_id_foreign,1,1,visit_id,BTREE
simgos,diagnoses,PRIMARY,0,1,id,BTREE
simgos,diagnosis_codes,diagnosis_codes_code_unique,0,1,code,BTREE
simgos,diagnosis_codes,PRIMARY,0,1,id,BTREE
simgos,diagnosis_indicator_mappings,PRIMARY,0,1,id,BTREE
simgos,diagnosis_restrictions,diagnosis_restrictions_diagnosis_antibiotic_unique,0,1,diagnosis_code_id,BTREE
simgos,diagnosis_restrictions,diagnosis_restrictions_diagnosis_antibiotic_unique,0,2,restricted_antibiotic_name,BTREE
simgos,diagnosis_restrictions,diagnosis_restrictions_diagnosis_code_id_index,1,1,diagnosis_code_id,BTREE
simgos,diagnosis_restrictions,PRIMARY,0,1,id,BTREE
simgos,differential_diagnoses,differential_diagnoses_diagnosis_code_id_index,1,1,diagnosis_code_id,BTREE
simgos,differential_diagnoses,differential_diagnoses_recorded_by_foreign,1,1,recorded_by,BTREE
simgos,differential_diagnoses,differential_diagnoses_visit_id_foreign,1,1,visit_id,BTREE
simgos,differential_diagnoses,PRIMARY,0,1,id,BTREE
simgos,discharge_medication_reconciliation_items,fk_dmri_reconciliation_id,1,1,reconciliation_id,BTREE
simgos,discharge_medication_reconciliation_items,PRIMARY,0,1,id,BTREE
simgos,discharge_medication_reconciliations,discharge_medication_reconciliations_created_by_foreign,1,1,created_by,BTREE
simgos,discharge_medication_reconciliations,discharge_medication_reconciliations_reconciled_by_foreign,1,1,reconciled_by,BTREE
simgos,discharge_medication_reconciliations,discharge_medication_reconciliations_visit_id_foreign,1,1,visit_id,BTREE
simgos,discharge_medication_reconciliations,PRIMARY,0,1,id,BTREE
simgos,discharge_methods,discharge_methods_code_unique,0,1,code,BTREE
simgos,discharge_methods,discharge_methods_name_unique,0,1,name,BTREE
simgos,discharge_methods,PRIMARY,0,1,id,BTREE
simgos,discharge_planning_risk_factors,discharge_planning_risk_factors_assessed_by_foreign,1,1,assessed_by,BTREE
simgos,discharge_planning_risk_factors,discharge_planning_risk_factors_visit_id_foreign,1,1,visit_id,BTREE
simgos,discharge_planning_risk_factors,PRIMARY,0,1,id,BTREE
simgos,discharge_planning_screenings,discharge_planning_screenings_screened_by_foreign,1,1,screened_by,BTREE
simgos,discharge_planning_screenings,discharge_planning_screenings_visit_id_foreign,1,1,visit_id,BTREE
simgos,discharge_planning_screenings,PRIMARY,0,1,id,BTREE
simgos,discharge_summaries,discharge_summaries_admission_diagnosis_id_foreign,1,1,admission_diagnosis_id,BTREE
simgos,discharge_summaries,discharge_summaries_authored_by_foreign,1,1,authored_by,BTREE
simgos,discharge_summaries,discharge_summaries_created_by_foreign,1,1,created_by,BTREE
simgos,discharge_summaries,discharge_summaries_discharge_diagnosis_id_foreign,1,1,discharge_diagnosis_id,BTREE
simgos,discharge_summaries,discharge_summaries_visit_id_foreign,1,1,visit_id,BTREE
simgos,discharge_summaries,PRIMARY,0,1,id,BTREE
simgos,discounts,discounts_code_unique,0,1,code,BTREE
simgos,discounts,PRIMARY,0,1,id,BTREE
simgos,doctor_discounts,doctor_discounts_discount_id_foreign,1,1,discount_id,BTREE
simgos,doctor_discounts,doctor_discounts_employee_id_foreign,1,1,employee_id,BTREE
simgos,doctor_discounts,PRIMARY,0,1,id,BTREE
simgos,doctor_medical_departments,doctor_medical_departments_doctor_id_foreign,1,1,doctor_id,BTREE
simgos,doctor_medical_departments,doctor_medical_departments_medical_department_id_foreign,1,1,medical_department_id,BTREE
simgos,doctor_medical_departments,PRIMARY,0,1,id,BTREE
simgos,doctor_procedure_consents,doctor_procedure_consents_created_by_foreign,1,1,created_by,BTREE
simgos,doctor_procedure_consents,doctor_procedure_consents_doctor_id_foreign,1,1,doctor_id,BTREE
simgos,doctor_procedure_consents,doctor_procedure_consents_visit_id_foreign,1,1,visit_id,BTREE
simgos,doctor_procedure_consents,PRIMARY,0,1,id,BTREE
simgos,doctor_ward_assignments,doctor_ward_assignments_doctor_id_foreign,1,1,doctor_id,BTREE
simgos,doctor_ward_assignments,doctor_ward_assignments_ward_id_foreign,1,1,ward_id,BTREE
simgos,doctor_ward_assignments,PRIMARY,0,1,id,BTREE
simgos,doctors,doctors_bpjs_dpjp_code_index,1,1,bpjs_dpjp_code,BTREE
simgos,doctors,doctors_employee_id_foreign,1,1,employee_id,BTREE
simgos,doctors,PRIMARY,0,1,id,BTREE
simgos,document_cancellations,document_cancellations_cancellation_number_unique,0,1,cancellation_number,BTREE
simgos,document_cancellations,PRIMARY,0,1,id,BTREE
simgos,document_uploads,document_uploads_created_by_foreign,1,1,created_by,BTREE
simgos,document_uploads,document_uploads_patient_id_foreign,1,1,patient_id,BTREE
simgos,document_uploads,document_uploads_visit_id_foreign,1,1,visit_id,BTREE
simgos,document_uploads,PRIMARY,0,1,id,BTREE
simgos,duration_restrictions,duration_restrictions_antibiotic_name_unique,0,1,antibiotic_name,BTREE
simgos,duration_restrictions,PRIMARY,0,1,id,BTREE
simgos,ear_examinations,PRIMARY,0,1,id,BTREE
simgos,edc_transactions,edc_transactions_edc_reference_number_unique,0,1,edc_reference_number,BTREE
simgos,edc_transactions,edc_transactions_payment_id_foreign,1,1,payment_id,BTREE
simgos,edc_transactions,PRIMARY,0,1,id,BTREE
simgos,eeg_examinations,PRIMARY,0,1,id,BTREE
simgos,ekg_examinations,PRIMARY,0,1,id,BTREE
simgos,eklaim_calls,PRIMARY,0,1,id,BTREE
simgos,emergency_educations,emergency_educations_educator_id_foreign,1,1,educator_id,BTREE
simgos,emergency_educations,emergency_educations_visit_id_foreign,1,1,visit_id,BTREE
simgos,emergency_educations,PRIMARY,0,1,id,BTREE
simgos,emg_examinations,PRIMARY,0,1,id,BTREE
simgos,employee_contacts,employee_contacts_employee_id_foreign,1,1,employee_id,BTREE
simgos,employee_contacts,PRIMARY,0,1,id,BTREE
simgos,employee_identity_cards,employee_identity_cards_employee_id_foreign,1,1,employee_id,BTREE
simgos,employee_identity_cards,PRIMARY,0,1,id,BTREE
simgos,employee_photos,employee_photos_employee_id_foreign,1,1,employee_id,BTREE
simgos,employee_photos,PRIMARY,0,1,id,BTREE
simgos,employees,employees_employee_number_unique,0,1,employee_number,BTREE
simgos,employees,employees_gender_id_index,1,1,gender_id,BTREE
simgos,employees,employees_nip_unique,0,1,nip,BTREE
simgos,employees,employees_profession_id_index,1,1,profession_id,BTREE
simgos,employees,employees_religion_id_index,1,1,religion_id,BTREE
simgos,employees,employees_smf_id_foreign,1,1,smf_id,BTREE
simgos,employees,employees_user_id_foreign,1,1,user_id,BTREE
simgos,employees,employees_village_id_foreign,1,1,village_id,BTREE
simgos,employees,PRIMARY,0,1,id,BTREE
simgos,end_of_life_educations,end_of_life_educations_educator_id_foreign,1,1,educator_id,BTREE
simgos,end_of_life_educations,end_of_life_educations_visit_id_foreign,1,1,visit_id,BTREE
simgos,end_of_life_educations,PRIMARY,0,1,id,BTREE
simgos,end_of_life_psychosocial_relationships,end_of_life_psychosocial_relationships_assessed_by_foreign,1,1,assessed_by,BTREE
simgos,end_of_life_psychosocial_relationships,end_of_life_psychosocial_relationships_visit_id_foreign,1,1,visit_id,BTREE
simgos,end_of_life_psychosocial_relationships,PRIMARY,0,1,id,BTREE
simgos,epfra_assessments,PRIMARY,0,1,id,BTREE
simgos,episode_closure_outboxes,episode_closure_outboxes_created_by_foreign,1,1,created_by,BTREE
simgos,episode_closure_outboxes,episode_closure_outboxes_episode_closure_id_unique,0,1,episode_closure_id,BTREE
simgos,episode_closure_outboxes,episode_closure_outboxes_registration_id_unique,0,1,registration_id,BTREE
simgos,episode_closure_outboxes,episode_closure_outboxes_status_index,1,1,status,BTREE
simgos,episode_closure_outboxes,PRIMARY,0,1,id,BTREE
simgos,episode_closure_sync_attempts,episode_sync_attempt_lease_index,1,1,lease_token,BTREE
simgos,episode_closure_sync_attempts,episode_sync_attempt_number_index,1,1,operation_id,BTREE
simgos,episode_closure_sync_attempts,episode_sync_attempt_number_index,1,2,attempt_number,BTREE
simgos,episode_closure_sync_attempts,PRIMARY,0,1,id,BTREE
simgos,episode_closure_sync_operations,episode_closure_sync_operations_status_index,1,1,status,BTREE
simgos,episode_closure_sync_operations,episode_sync_op_reconciler_fk,1,1,reconciled_by,BTREE
simgos,episode_closure_sync_operations,episode_sync_operation_lease,1,1,status,BTREE
simgos,episode_closure_sync_operations,episode_sync_operation_lease,1,2,lease_expires_at,BTREE
simgos,episode_closure_sync_operations,episode_sync_operation_retry,1,1,status,BTREE
simgos,episode_closure_sync_operations,episode_sync_operation_retry,1,2,next_attempt_at,BTREE
simgos,episode_closure_sync_operations,episode_sync_operation_sequence,1,1,episode_closure_outbox_id,BTREE
simgos,episode_closure_sync_operations,episode_sync_operation_sequence,1,2,sequence,BTREE
simgos,episode_closure_sync_operations,episode_sync_operation_unique,0,1,episode_closure_outbox_id,BTREE
simgos,episode_closure_sync_operations,episode_sync_operation_unique,0,2,operation_key,BTREE
simgos,episode_closure_sync_operations,episode_sync_operation_worklist,1,1,status,BTREE
simgos,episode_closure_sync_operations,episode_sync_operation_worklist,1,2,queued_at,BTREE
simgos,episode_closure_sync_operations,PRIMARY,0,1,id,BTREE
simgos,examination_group_mappings,examination_group_mappings_examination_group_id_foreign,1,1,examination_group_id,BTREE
simgos,examination_group_mappings,PRIMARY,0,1,id,BTREE
simgos,examination_groups,examination_groups_code_unique,0,1,code,BTREE
simgos,examination_groups,examination_groups_name_unique,0,1,name,BTREE
simgos,examination_groups,PRIMARY,0,1,id,BTREE
simgos,examination_result_statuses,examination_result_statuses_verified_by_foreign,1,1,verified_by,BTREE
simgos,examination_result_statuses,examination_result_statuses_visit_id_foreign,1,1,visit_id,BTREE
simgos,examination_result_statuses,PRIMARY,0,1,id,BTREE
simgos,examination_types,examination_types_name_unique,0,1,name,BTREE
simgos,examination_types,PRIMARY,0,1,id,BTREE
simgos,external_risk_factors,external_risk_factors_recorded_by_foreign,1,1,recorded_by,BTREE
simgos,external_risk_factors,external_risk_factors_visit_id_foreign,1,1,visit_id,BTREE
simgos,external_risk_factors,PRIMARY,0,1,id,BTREE
simgos,eye_exam_document_uploads,eye_exam_document_uploads_created_by_foreign,1,1,created_by,BTREE
simgos,eye_exam_document_uploads,eye_exam_document_uploads_doctor_id_foreign,1,1,doctor_id,BTREE
simgos,eye_exam_document_uploads,eye_exam_document_uploads_patient_id_foreign,1,1,patient_id,BTREE
simgos,eye_exam_document_uploads,eye_exam_document_uploads_visit_id_foreign,1,1,visit_id,BTREE
simgos,eye_exam_document_uploads,PRIMARY,0,1,id,BTREE
simgos,eye_examinations,PRIMARY,0,1,id,BTREE
simgos,facility_memberships,facility_memberships_facility_id_is_active_index,1,1,facility_id,BTREE
simgos,facility_memberships,facility_memberships_facility_id_is_active_index,1,2,is_active,BTREE
simgos,facility_memberships,facility_memberships_user_id_facility_id_unique,0,1,user_id,BTREE
simgos,facility_memberships,facility_memberships_user_id_facility_id_unique,0,2,facility_id,BTREE
simgos,facility_memberships,PRIMARY,0,1,id,BTREE
simgos,failed_jobs,failed_jobs_connection_queue_failed_at_index,1,1,connection,BTREE
simgos,failed_jobs,failed_jobs_connection_queue_failed_at_index,1,2,queue,BTREE
simgos,failed_jobs,failed_jobs_connection_queue_failed_at_index,1,3,failed_at,BTREE
simgos,failed_jobs,failed_jobs_uuid_unique,0,1,uuid,BTREE
simgos,failed_jobs,PRIMARY,0,1,id,BTREE
simgos,family_medical_histories,family_medical_histories_created_by_foreign,1,1,created_by,BTREE
simgos,family_medical_histories,family_medical_histories_visit_id_foreign,1,1,visit_id,BTREE
simgos,family_medical_histories,PRIMARY,0,1,id,BTREE
simgos,family_planning_obstetrics,PRIMARY,0,1,id,BTREE
simgos,fibroscan_results,fibroscan_results_examined_by_foreign,1,1,examined_by,BTREE
simgos,fibroscan_results,fibroscan_results_visit_id_foreign,1,1,visit_id,BTREE
simgos,fibroscan_results,PRIMARY,0,1,id,BTREE
simgos,final_result_cancellations,final_result_cancellations_cancellation_number_unique,0,1,cancellation_number,BTREE
simgos,final_result_cancellations,final_result_cancellations_visit_id_foreign,1,1,visit_id,BTREE
simgos,final_result_cancellations,PRIMARY,0,1,id,BTREE
simgos,finger_examinations,PRIMARY,0,1,id,BTREE
simgos,fingernail_examinations,PRIMARY,0,1,id,BTREE
simgos,fluid_balance_assessment_details,fk_fbad_assessment_id,1,1,fluid_balance_assessment_id,BTREE
simgos,fluid_balance_assessment_details,PRIMARY,0,1,id,BTREE
simgos,fluid_balance_assessments,PRIMARY,0,1,id,BTREE
simgos,fluid_final_balances,fluid_final_balances_recorded_by_foreign,1,1,recorded_by,BTREE
simgos,fluid_final_balances,fluid_final_balances_visit_id_foreign,1,1,visit_id,BTREE
simgos,fluid_final_balances,PRIMARY,0,1,id,BTREE
simgos,food_allergen_examinations,PRIMARY,0,1,id,BTREE
simgos,forearm_examinations,PRIMARY,0,1,id,BTREE
simgos,formulary_restrictions,formulary_restrictions_drug_name_unique,0,1,drug_name,BTREE
simgos,formulary_restrictions,PRIMARY,0,1,id,BTREE
simgos,functional_assessments,functional_assessments_assessed_by_foreign,1,1,assessed_by,BTREE
simgos,functional_assessments,functional_assessments_visit_id_foreign,1,1,visit_id,BTREE
simgos,functional_assessments,PRIMARY,0,1,id,BTREE
simgos,functional_status_assessments,functional_status_assessments_assessed_by_foreign,1,1,assessed_by,BTREE
simgos,functional_status_assessments,functional_status_assessments_created_by_foreign,1,1,created_by,BTREE
simgos,functional_status_assessments,functional_status_assessments_visit_id_foreign,1,1,visit_id,BTREE
simgos,functional_status_assessments,PRIMARY,0,1,id,BTREE
simgos,general_examinations,PRIMARY,0,1,id,BTREE
simgos,genital_examinations,PRIMARY,0,1,id,BTREE
simgos,get_up_and_go_test_assessments,PRIMARY,0,1,id,BTREE
simgos,goods_receipt_cancellations,goods_receipt_cancellations_cancellation_number_unique,0,1,cancellation_number,BTREE
simgos,goods_receipt_cancellations,goods_receipt_cancellations_cancelled_by_foreign,1,1,cancelled_by,BTREE
simgos,goods_receipt_cancellations,goods_receipt_cancellations_goods_receipt_id_foreign,1,1,goods_receipt_id,BTREE
simgos,goods_receipt_cancellations,PRIMARY,0,1,id,BTREE
simgos,goods_receipts,goods_receipts_item_id_foreign,1,1,item_id,BTREE
simgos,goods_receipts,goods_receipts_receipt_number_unique,0,1,receipt_number,BTREE
simgos,goods_receipts,goods_receipts_received_by_foreign,1,1,received_by,BTREE
simgos,goods_receipts,goods_receipts_supplier_id_foreign,1,1,supplier_id,BTREE
simgos,goods_receipts,PRIMARY,0,1,id,BTREE
simgos,goods_return_items,goods_return_items_goods_return_id_foreign,1,1,goods_return_id,BTREE
simgos,goods_return_items,goods_return_items_item_id_foreign,1,1,item_id,BTREE
simgos,goods_return_items,PRIMARY,0,1,id,BTREE
simgos,goods_returns,goods_returns_return_number_unique,0,1,return_number,BTREE
simgos,goods_returns,goods_returns_returned_by_foreign,1,1,returned_by,BTREE
simgos,goods_returns,goods_returns_supplier_id_foreign,1,1,supplier_id,BTREE
simgos,goods_returns,PRIMARY,0,1,id,BTREE
simgos,grace_risk_score_assessments,PRIMARY,0,1,id,BTREE
simgos,guarantor_item_category_mappings,gicm_guarantor_item_category_unique,0,1,guarantor_id,BTREE
simgos,guarantor_item_category_mappings,gicm_guarantor_item_category_unique,0,2,item_category_id,BTREE
simgos,guarantor_item_category_mappings,guarantor_item_category_mappings_item_category_id_foreign,1,1,item_category_id,BTREE
simgos,guarantor_item_category_mappings,PRIMARY,0,1,id,BTREE
simgos,guarantor_participant_types,guarantor_participant_types_code_unique,0,1,code,BTREE
simgos,guarantor_participant_types,guarantor_participant_types_name_unique,0,1,name,BTREE
simgos,guarantor_participant_types,PRIMARY,0,1,id,BTREE
simgos,guarantor_subspecialties,guarantor_subspecialties_guarantor_id_foreign,1,1,guarantor_id,BTREE
simgos,guarantor_subspecialties,PRIMARY,0,1,id,BTREE
simgos,guarantor_ward_accesses,guarantor_ward_accesses_guarantor_id_foreign,1,1,guarantor_id,BTREE
simgos,guarantor_ward_accesses,guarantor_ward_accesses_ward_id_foreign,1,1,ward_id,BTREE
simgos,guarantor_ward_accesses,PRIMARY,0,1,id,BTREE
simgos,guarantors,guarantors_created_by_foreign,1,1,created_by,BTREE
simgos,guarantors,guarantors_registration_id_foreign,1,1,registration_id,BTREE
simgos,guarantors,guarantors_room_class_id_foreign,1,1,room_class_id,BTREE
simgos,guarantors,PRIMARY,0,1,id,BTREE
simgos,gynecology_histories,gynecology_histories_created_by_foreign,1,1,created_by,BTREE
simgos,gynecology_histories,gynecology_histories_visit_id_foreign,1,1,visit_id,BTREE
simgos,gynecology_histories,PRIMARY,0,1,id,BTREE
simgos,gynecology_ultrasounds,gynecology_ultrasounds_created_by_foreign,1,1,created_by,BTREE
simgos,gynecology_ultrasounds,gynecology_ultrasounds_doctor_id_foreign,1,1,doctor_id,BTREE
simgos,gynecology_ultrasounds,gynecology_ultrasounds_patient_id_foreign,1,1,patient_id,BTREE
simgos,gynecology_ultrasounds,gynecology_ultrasounds_visit_id_foreign,1,1,visit_id,BTREE
simgos,gynecology_ultrasounds,PRIMARY,0,1,id,BTREE
simgos,hair_examinations,PRIMARY,0,1,id,BTREE
simgos,hand_joint_examinations,PRIMARY,0,1,id,BTREE
simgos,head_examinations,PRIMARY,0,1,id,BTREE
simgos,health_certificates,health_certificates_created_by_foreign,1,1,created_by,BTREE
simgos,health_certificates,health_certificates_doctor_id_foreign,1,1,doctor_id,BTREE
simgos,health_certificates,health_certificates_letter_number_unique,0,1,letter_number,BTREE
simgos,health_certificates,health_certificates_patient_id_foreign,1,1,patient_id,BTREE
simgos,health_certificates,health_certificates_visit_id_foreign,1,1,visit_id,BTREE
simgos,health_certificates,PRIMARY,0,1,id,BTREE
simgos,hemodialysis_letters,hemodialysis_letters_created_by_foreign,1,1,created_by,BTREE
simgos,hemodialysis_letters,hemodialysis_letters_doctor_id_foreign,1,1,doctor_id,BTREE
simgos,hemodialysis_letters,hemodialysis_letters_letter_number_unique,0,1,letter_number,BTREE
simgos,hemodialysis_letters,hemodialysis_letters_patient_id_foreign,1,1,patient_id,BTREE
simgos,hemodialysis_letters,hemodialysis_letters_visit_id_foreign,1,1,visit_id,BTREE
simgos,hemodialysis_letters,PRIMARY,0,1,id,BTREE
simgos,hospitalization_certificates,hospitalization_certificates_created_by_foreign,1,1,created_by,BTREE
simgos,hospitalization_certificates,hospitalization_certificates_doctor_id_foreign,1,1,doctor_id,BTREE
simgos,hospitalization_certificates,hospitalization_certificates_letter_number_unique,0,1,letter_number,BTREE
simgos,hospitalization_certificates,hospitalization_certificates_patient_id_foreign,1,1,patient_id,BTREE
simgos,hospitalization_certificates,hospitalization_certificates_visit_id_foreign,1,1,visit_id,BTREE
simgos,hospitalization_certificates,PRIMARY,0,1,id,BTREE
simgos,humpty_dumpty_fall_scale_assessments,humpty_dumpty_fall_scale_assessments_assessed_by_foreign,1,1,assessed_by,BTREE
simgos,humpty_dumpty_fall_scale_assessments,humpty_dumpty_fall_scale_assessments_created_by_foreign,1,1,created_by,BTREE
simgos,humpty_dumpty_fall_scale_assessments,humpty_dumpty_fall_scale_assessments_visit_id_foreign,1,1,visit_id,BTREE
simgos,humpty_dumpty_fall_scale_assessments,PRIMARY,0,1,id,BTREE
simgos,icd10_cause_of_death_codes,icd10_cause_of_death_codes_code_unique,0,1,code,BTREE
simgos,icd10_cause_of_death_codes,PRIMARY,0,1,id,BTREE
simgos,icd10_codes,icd10_codes_code_unique,0,1,code,BTREE
simgos,icd10_codes,PRIMARY,0,1,id,BTREE
simgos,icd9_cm_codes,icd9_cm_codes_code_unique,0,1,code,BTREE
simgos,icd9_cm_codes,PRIMARY,0,1,id,BTREE
simgos,icd_o_morphologies,icd_o_morphologies_code_unique,0,1,code,BTREE
simgos,icd_o_morphologies,icd_o_morphologies_name_unique,0,1,name,BTREE
simgos,icd_o_morphologies,PRIMARY,0,1,id,BTREE
simgos,icd_o_topographies,icd_o_topographies_code_unique,0,1,code,BTREE
simgos,icd_o_topographies,icd_o_topographies_name_unique,0,1,name,BTREE
simgos,icd_o_topographies,PRIMARY,0,1,id,BTREE
simgos,icd_snomed_ct_mappings,icd_snomed_ct_mappings_icd_code_snomed_code_unique,0,1,icd_code,BTREE
simgos,icd_snomed_ct_mappings,icd_snomed_ct_mappings_icd_code_snomed_code_unique,0,2,snomed_code,BTREE
simgos,icd_snomed_ct_mappings,PRIMARY,0,1,id,BTREE
simgos,illness_progression_histories,illness_progression_histories_created_by_foreign,1,1,created_by,BTREE
simgos,illness_progression_histories,illness_progression_histories_visit_id_foreign,1,1,visit_id,BTREE
simgos,illness_progression_histories,PRIMARY,0,1,id,BTREE
simgos,image_marker_points,image_marker_points_image_marker_id_foreign,1,1,image_marker_id,BTREE
simgos,image_marker_points,PRIMARY,0,1,id,BTREE
simgos,image_markers,PRIMARY,0,1,id,BTREE
simgos,immunization_vaccinations,immunization_vaccinations_administered_by_foreign,1,1,administered_by,BTREE
simgos,immunization_vaccinations,immunization_vaccinations_patient_id_foreign,1,1,patient_id,BTREE
simgos,immunization_vaccinations,immunization_vaccinations_visit_id_foreign,1,1,visit_id,BTREE
simgos,immunization_vaccinations,PRIMARY,0,1,id,BTREE
simgos,implementation_checklist_items,implementation_checklist_items_code_unique,0,1,code,BTREE
simgos,implementation_checklist_items,PRIMARY,0,1,id,BTREE
simgos,implementation_notes,implementation_notes_recorded_by_foreign,1,1,recorded_by,BTREE
simgos,implementation_notes,implementation_notes_visit_id_foreign,1,1,visit_id,BTREE
simgos,implementation_notes,PRIMARY,0,1,id,BTREE
simgos,implementations,implementations_performed_by_foreign,1,1,performed_by,BTREE
simgos,implementations,implementations_visit_id_foreign,1,1,visit_id,BTREE
simgos,implementations,PRIMARY,0,1,id,BTREE
simgos,indonesia_cities,indonesia_cities_code_unique,0,1,code,BTREE
simgos,indonesia_cities,indonesia_cities_province_code_foreign,1,1,province_code,BTREE
simgos,indonesia_cities,PRIMARY,0,1,id,BTREE
simgos,indonesia_districts,indonesia_districts_city_code_foreign,1,1,city_code,BTREE
simgos,indonesia_districts,indonesia_districts_code_unique,0,1,code,BTREE
simgos,indonesia_districts,PRIMARY,0,1,id,BTREE
simgos,indonesia_provinces,indonesia_provinces_code_unique,0,1,code,BTREE
simgos,indonesia_provinces,PRIMARY,0,1,id,BTREE
simgos,indonesia_villages,indonesia_villages_code_unique,0,1,code,BTREE
simgos,indonesia_villages,indonesia_villages_district_code_foreign,1,1,district_code,BTREE
simgos,indonesia_villages,PRIMARY,0,1,id,BTREE
simgos,inhalant_allergen_examinations,PRIMARY,0,1,id,BTREE
simgos,inpatient_care_plans,inpatient_care_plans_created_by_foreign,1,1,created_by,BTREE
simgos,inpatient_care_plans,inpatient_care_plans_planned_by_foreign,1,1,planned_by,BTREE
simgos,inpatient_care_plans,inpatient_care_plans_visit_id_foreign,1,1,visit_id,BTREE
simgos,inpatient_care_plans,PRIMARY,0,1,id,BTREE
simgos,institution_audits,institution_audits_institution_id_foreign,1,1,institution_id,BTREE
simgos,institution_audits,institution_audits_user_id_foreign,1,1,user_id,BTREE
simgos,institution_audits,PRIMARY,0,1,id,BTREE
simgos,institutions,institutions_code_unique,0,1,code,BTREE
simgos,institutions,institutions_database_name_unique,0,1,database_name,BTREE
simgos,institutions,institutions_ppk_id_unique,0,1,ppk_id,BTREE
simgos,institutions,institutions_provisioning_command_id_index,1,1,provisioning_command_id,BTREE
simgos,institutions,institutions_status_index,1,1,status,BTREE
simgos,institutions,PRIMARY,0,1,id,BTREE
simgos,intervention_indicator_mappings,PRIMARY,0,1,id,BTREE
simgos,intervention_protocol_details,intervention_protocol_details_performed_by_foreign,1,1,performed_by,BTREE
simgos,intervention_protocol_details,intervention_protocol_details_protocol_id_foreign,1,1,protocol_id,BTREE
simgos,intervention_protocol_details,PRIMARY,0,1,id,BTREE
simgos,intervention_protocols,intervention_protocols_created_by_foreign,1,1,created_by,BTREE
simgos,intervention_protocols,intervention_protocols_started_by_foreign,1,1,started_by,BTREE
simgos,intervention_protocols,intervention_protocols_visit_id_foreign,1,1,visit_id,BTREE
simgos,intervention_protocols,PRIMARY,0,1,id,BTREE
simgos,intervention_recommendations,intervention_recommendations_recommended_by_foreign,1,1,recommended_by,BTREE
simgos,intervention_recommendations,intervention_recommendations_visit_id_foreign,1,1,visit_id,BTREE
simgos,intervention_recommendations,PRIMARY,0,1,id,BTREE
simgos,intradialytic_hd_monitorings,PRIMARY,0,1,id,BTREE
simgos,invoice_cancellations,invoice_cancellations_cancelled_by_foreign,1,1,cancelled_by,BTREE
simgos,invoice_cancellations,invoice_cancellations_invoice_id_foreign,1,1,invoice_id,BTREE
simgos,invoice_cancellations,PRIMARY,0,1,id,BTREE
simgos,invoice_guarantors,invoice_guarantors_guarantor_id_foreign,1,1,guarantor_id,BTREE
simgos,invoice_guarantors,invoice_guarantors_invoice_guarantor_unique,0,1,invoice_id,BTREE
simgos,invoice_guarantors,invoice_guarantors_invoice_guarantor_unique,0,2,guarantor_id,BTREE
simgos,invoice_guarantors,invoice_guarantors_verified_by_foreign,1,1,verified_by,BTREE
simgos,invoice_guarantors,PRIMARY,0,1,id,BTREE
simgos,invoice_items,invoice_items_invoice_id_foreign,1,1,invoice_id,BTREE
simgos,invoice_items,invoice_items_service_id_foreign,1,1,service_id,BTREE
simgos,invoice_items,invoice_items_source_type_source_id_unique,0,1,source_type,BTREE
simgos,invoice_items,invoice_items_source_type_source_id_unique,0,2,source_id,BTREE
simgos,invoice_items,PRIMARY,0,1,id,BTREE
simgos,invoice_merges,invoice_merges_invoice_id_foreign,1,1,invoice_id,BTREE
simgos,invoice_merges,invoice_merges_merged_by_foreign,1,1,merged_by,BTREE
simgos,invoice_merges,invoice_merges_payment_id_foreign,1,1,payment_id,BTREE
simgos,invoice_merges,PRIMARY,0,1,id,BTREE
simgos,invoice_number_sequences,PRIMARY,0,1,year,BTREE
simgos,invoice_subsidies,invoice_subsidies_approved_by_foreign,1,1,approved_by,BTREE
simgos,invoice_subsidies,invoice_subsidies_invoice_id_foreign,1,1,invoice_id,BTREE
simgos,invoice_subsidies,PRIMARY,0,1,id,BTREE
simgos,invoices,invoices_cashier_session_id_foreign,1,1,cashier_session_id,BTREE
simgos,invoices,invoices_created_by_foreign,1,1,created_by,BTREE
simgos,invoices,invoices_finalized_by_foreign,1,1,finalized_by,BTREE
simgos,invoices,invoices_invoice_number_unique,0,1,invoice_number,BTREE
simgos,invoices,invoices_visit_id_unique,0,1,visit_id,BTREE
simgos,invoices,PRIMARY,0,1,id,BTREE
simgos,item_categories,item_categories_code_unique,0,1,code,BTREE
simgos,item_categories,item_categories_name_unique,0,1,name,BTREE
simgos,item_categories,PRIMARY,0,1,id,BTREE
simgos,item_classifications,item_classifications_code_unique,0,1,code,BTREE
simgos,item_classifications,item_classifications_name_unique,0,1,name,BTREE
simgos,item_classifications,PRIMARY,0,1,id,BTREE
simgos,item_prices,item_prices_item_id_foreign,1,1,item_id,BTREE
simgos,item_prices,PRIMARY,0,1,id,BTREE
simgos,item_serial_numbers,item_serial_numbers_serial_number_unique,0,1,serial_number,BTREE
simgos,item_serial_numbers,item_serial_numbers_ward_item_stock_id_foreign,1,1,ward_item_stock_id,BTREE
simgos,item_serial_numbers,PRIMARY,0,1,id,BTREE
simgos,items,items_code_unique,0,1,code,BTREE
simgos,items,PRIMARY,0,1,id,BTREE
simgos,job_batches,PRIMARY,0,1,id,BTREE
simgos,jobs,jobs_queue_index,1,1,queue,BTREE
simgos,jobs,PRIMARY,0,1,id,BTREE
simgos,kaps,kaps_patient_norm_card_type_unique,0,1,patient_norm,BTREE
simgos,kaps,kaps_patient_norm_card_type_unique,0,2,card_type,BTREE
simgos,kaps,PRIMARY,0,1,id,BTREE
simgos,killip_class_assessments,killip_class_assessments_assessed_by_foreign,1,1,assessed_by,BTREE
simgos,killip_class_assessments,killip_class_assessments_created_by_foreign,1,1,created_by,BTREE
simgos,killip_class_assessments,killip_class_assessments_visit_id_foreign,1,1,visit_id,BTREE
simgos,killip_class_assessments,PRIMARY,0,1,id,BTREE
simgos,kips,kips_patient_norm_card_type_unique,0,1,patient_norm,BTREE
simgos,kips,kips_patient_norm_card_type_unique,0,2,card_type,BTREE
simgos,kips,PRIMARY,0,1,id,BTREE
simgos,klaim_submissions,klaim_submissions_satu_sehat_staging_submission_id_foreign,1,1,satu_sehat_staging_submission_id,BTREE
simgos,klaim_submissions,PRIMARY,0,1,id,BTREE
simgos,klaims,klaims_no_sep_jenis_pelayanan_id_unique,0,1,no_sep,BTREE
simgos,klaims,klaims_no_sep_jenis_pelayanan_id_unique,0,2,jenis_pelayanan_id,BTREE
simgos,klaims,PRIMARY,0,1,id,BTREE
simgos,kunjungans,kunjungans_pendaftaran_id_foreign,1,1,pendaftaran_id,BTREE
simgos,kunjungans,PRIMARY,0,1,id,BTREE
simgos,lab_culture_results,lab_culture_results_lab_order_id_foreign,1,1,lab_order_id,BTREE
simgos,lab_culture_results,PRIMARY,0,1,id,BTREE
simgos,lab_examination_results,lab_examination_results_lab_order_id_foreign,1,1,lab_order_id,BTREE
simgos,lab_examination_results,PRIMARY,0,1,id,BTREE
simgos,lab_groups,lab_groups_code_unique,0,1,code,BTREE
simgos,lab_groups,lab_groups_name_unique,0,1,name,BTREE
simgos,lab_groups,PRIMARY,0,1,id,BTREE
simgos,lab_microscopic_result_items,lab_microscopic_result_items_lab_microscopic_result_id_foreign,1,1,lab_microscopic_result_id,BTREE
simgos,lab_microscopic_result_items,PRIMARY,0,1,id,BTREE
simgos,lab_microscopic_results,lab_microscopic_results_examined_by_foreign,1,1,examined_by,BTREE
simgos,lab_microscopic_results,lab_microscopic_results_lab_order_id_foreign,1,1,lab_order_id,BTREE
simgos,lab_microscopic_results,PRIMARY,0,1,id,BTREE
simgos,lab_order_items,lab_order_items_item_id_foreign,1,1,item_id,BTREE
simgos,lab_order_items,lab_order_items_lab_order_id_foreign,1,1,lab_order_id,BTREE
simgos,lab_order_items,PRIMARY,0,1,id,BTREE
simgos,lab_orders,lab_orders_order_number_unique,0,1,order_number,BTREE
simgos,lab_orders,lab_orders_ordered_by_foreign,1,1,ordered_by,BTREE
simgos,lab_orders,lab_orders_visit_id_foreign,1,1,visit_id,BTREE
simgos,lab_orders,PRIMARY,0,1,id,BTREE
simgos,lab_pcr_results,lab_pcr_results_lab_order_id_foreign,1,1,lab_order_id,BTREE
simgos,lab_pcr_results,PRIMARY,0,1,id,BTREE
simgos,lab_reference_values,lab_reference_values_lab_service_parameter_id_foreign,1,1,lab_service_parameter_id,BTREE
simgos,lab_reference_values,PRIMARY,0,1,id,BTREE
simgos,lab_result_notes,lab_result_notes_created_by_foreign,1,1,created_by,BTREE
simgos,lab_result_notes,lab_result_notes_lab_result_id_foreign,1,1,lab_result_id,BTREE
simgos,lab_result_notes,PRIMARY,0,1,id,BTREE
simgos,lab_result_summaries,lab_result_summaries_created_by_foreign,1,1,created_by,BTREE
simgos,lab_result_summaries,lab_result_summaries_summarized_by_foreign,1,1,summarized_by,BTREE
simgos,lab_result_summaries,lab_result_summaries_visit_id_foreign,1,1,visit_id,BTREE
simgos,lab_result_summaries,PRIMARY,0,1,id,BTREE
simgos,lab_result_summary_items,lab_result_summary_items_summary_id_foreign,1,1,summary_id,BTREE
simgos,lab_result_summary_items,PRIMARY,0,1,id,BTREE
simgos,lab_results,lab_results_lab_order_id_foreign,1,1,lab_order_id,BTREE
simgos,lab_results,lab_results_recorded_by_foreign,1,1,recorded_by,BTREE
simgos,lab_results,PRIMARY,0,1,id,BTREE
simgos,lab_sensitivity_results,lab_sensitivity_results_lab_order_id_foreign,1,1,lab_order_id,BTREE
simgos,lab_sensitivity_results,PRIMARY,0,1,id,BTREE
simgos,lab_service_groups,lab_service_groups_code_unique,0,1,code,BTREE
simgos,lab_service_groups,lab_service_groups_name_unique,0,1,name,BTREE
simgos,lab_service_groups,PRIMARY,0,1,id,BTREE
simgos,lab_service_parameters,lab_service_parameters_code_unique,0,1,code,BTREE
simgos,lab_service_parameters,lab_service_parameters_lab_service_group_id_foreign,1,1,lab_service_group_id,BTREE
simgos,lab_service_parameters,lab_service_parameters_name_unique,0,1,name,BTREE
simgos,lab_service_parameters,PRIMARY,0,1,id,BTREE
simgos,laboratory_rooms,laboratory_rooms_ward_id_foreign,1,1,ward_id,BTREE
simgos,laboratory_rooms,PRIMARY,0,1,id,BTREE
simgos,leftover_medication_voucher_items,fk_lmvi_voucher_id,1,1,leftover_medication_voucher_id,BTREE
simgos,leftover_medication_voucher_items,leftover_medication_voucher_items_item_id_foreign,1,1,item_id,BTREE
simgos,leftover_medication_voucher_items,PRIMARY,0,1,id,BTREE
simgos,leftover_medication_vouchers,leftover_medication_vouchers_patient_id_foreign,1,1,patient_id,BTREE
simgos,leftover_medication_vouchers,leftover_medication_vouchers_prescription_id_foreign,1,1,prescription_id,BTREE
simgos,leftover_medication_vouchers,leftover_medication_vouchers_visit_id_foreign,1,1,visit_id,BTREE
simgos,leftover_medication_vouchers,leftover_medication_vouchers_voucher_number_unique,0,1,voucher_number,BTREE
simgos,leftover_medication_vouchers,PRIMARY,0,1,id,BTREE
simgos,leg_joint_examinations,PRIMARY,0,1,id,BTREE
simgos,lip_examinations,PRIMARY,0,1,id,BTREE
simgos,lower_gi_tract_examinations,PRIMARY,0,1,id,BTREE
simgos,lower_leg_examinations,PRIMARY,0,1,id,BTREE
simgos,maternal_pregnancy_histories,maternal_pregnancy_histories_created_by_foreign,1,1,created_by,BTREE
simgos,maternal_pregnancy_histories,maternal_pregnancy_histories_visit_id_foreign,1,1,visit_id,BTREE
simgos,maternal_pregnancy_histories,PRIMARY,0,1,id,BTREE
simgos,mchat_assessment_examinations,PRIMARY,0,1,id,BTREE
simgos,mcus,mcus_kunjungan_id_foreign,1,1,kunjungan_id,BTREE
simgos,mcus,PRIMARY,0,1,id,BTREE
simgos,medical_checkup_results,medical_checkup_results_examined_by_foreign,1,1,examined_by,BTREE
simgos,medical_checkup_results,medical_checkup_results_patient_id_foreign,1,1,patient_id,BTREE
simgos,medical_checkup_results,medical_checkup_results_visit_id_foreign,1,1,visit_id,BTREE
simgos,medical_checkup_results,PRIMARY,0,1,id,BTREE
simgos,medical_department_ward_assignments,fk_mdwa_dept_id,1,1,medical_department_id,BTREE
simgos,medical_department_ward_assignments,medical_department_ward_assignments_ward_id_foreign,1,1,ward_id,BTREE
simgos,medical_department_ward_assignments,PRIMARY,0,1,id,BTREE
simgos,medical_departments,medical_departments_code_unique,0,1,code,BTREE
simgos,medical_departments,medical_departments_name_unique,0,1,name,BTREE
simgos,medical_departments,PRIMARY,0,1,id,BTREE
simgos,medical_personnel,medical_personnel_identity_number_unique,0,1,identity_number,BTREE
simgos,medical_personnel,medical_personnel_profession_id_index,1,1,profession_id,BTREE
simgos,medical_personnel,PRIMARY,0,1,id,BTREE
simgos,medical_procedure_staff,medical_procedure_staff_employee_id_foreign,1,1,employee_id,BTREE
simgos,medical_procedure_staff,medical_procedure_staff_medical_procedure_id_foreign,1,1,medical_procedure_id,BTREE
simgos,medical_procedure_staff,PRIMARY,0,1,id,BTREE
simgos,medical_procedures,medical_procedures_created_by_foreign,1,1,created_by,BTREE
simgos,medical_procedures,medical_procedures_performed_by_foreign,1,1,performed_by,BTREE
simgos,medical_procedures,medical_procedures_service_id_foreign,1,1,service_id,BTREE
simgos,medical_procedures,medical_procedures_visit_id_foreign,1,1,visit_id,BTREE
simgos,medical_procedures,PRIMARY,0,1,id,BTREE
simgos,medical_record_cancellations,medical_record_cancellations_cancellation_number_unique,0,1,cancellation_number,BTREE
simgos,medical_record_cancellations,PRIMARY,0,1,id,BTREE
simgos,medical_supply_usage_items,medical_supply_usage_items_item_id_foreign,1,1,item_id,BTREE
simgos,medical_supply_usage_items,medical_supply_usage_items_medical_supply_usage_id_foreign,1,1,medical_supply_usage_id,BTREE
simgos,medical_supply_usage_items,PRIMARY,0,1,id,BTREE
simgos,medical_supply_usages,medical_supply_usages_recorded_by_foreign,1,1,recorded_by,BTREE
simgos,medical_supply_usages,medical_supply_usages_visit_id_foreign,1,1,visit_id,BTREE
simgos,medical_supply_usages,PRIMARY,0,1,id,BTREE
simgos,medication_administration_histories,medication_administration_histories_administered_by_foreign,1,1,administered_by,BTREE
simgos,medication_administration_histories,medication_administration_histories_created_by_foreign,1,1,created_by,BTREE
simgos,medication_administration_histories,medication_administration_histories_visit_id_foreign,1,1,visit_id,BTREE
simgos,medication_administration_histories,PRIMARY,0,1,id,BTREE
simgos,medication_iterations,medication_iterations_prescription_id_foreign,1,1,prescription_id,BTREE
simgos,medication_iterations,PRIMARY,0,1,id,BTREE
simgos,medication_service_limits,medication_service_limits_item_id_foreign,1,1,item_id,BTREE
simgos,medication_service_limits,PRIMARY,0,1,id,BTREE
simgos,membership_audits,membership_audits_actor_user_id_foreign,1,1,actor_user_id,BTREE
simgos,membership_audits,membership_audits_membership_id_created_at_index,1,1,membership_id,BTREE
simgos,membership_audits,membership_audits_membership_id_created_at_index,1,2,created_at,BTREE
simgos,membership_audits,PRIMARY,0,1,id,BTREE
simgos,membership_role_assignments,membership_role_assignments_membership_id_role_id_unique,0,1,membership_id,BTREE
simgos,membership_role_assignments,membership_role_assignments_membership_id_role_id_unique,0,2,role_id,BTREE
simgos,membership_role_assignments,membership_role_assignments_role_id_foreign,1,1,role_id,BTREE
simgos,membership_role_assignments,PRIMARY,0,1,id,BTREE
simgos,membership_role_units,membership_role_units_ward_id_index,1,1,ward_id,BTREE
simgos,membership_role_units,PRIMARY,0,1,assignment_id,BTREE
simgos,membership_role_units,PRIMARY,0,2,ward_id,BTREE
simgos,migrations,PRIMARY,0,1,id,BTREE
simgos,minimum_stock_levels,minimum_stock_levels_item_id_ward_id_unique,0,1,item_id,BTREE
simgos,minimum_stock_levels,minimum_stock_levels_item_id_ward_id_unique,0,2,ward_id,BTREE
simgos,minimum_stock_levels,minimum_stock_levels_ward_id_foreign,1,1,ward_id,BTREE
simgos,minimum_stock_levels,PRIMARY,0,1,id,BTREE
simgos,mmpi_tests,mmpi_tests_created_by_foreign,1,1,created_by,BTREE
simgos,mmpi_tests,mmpi_tests_doctor_id_foreign,1,1,doctor_id,BTREE
simgos,mmpi_tests,mmpi_tests_patient_id_foreign,1,1,patient_id,BTREE
simgos,mmpi_tests,mmpi_tests_visit_id_foreign,1,1,visit_id,BTREE
simgos,mmpi_tests,PRIMARY,0,1,id,BTREE
simgos,model_has_permissions,model_has_permissions_model_id_model_type_index,1,1,model_id,BTREE
simgos,model_has_permissions,model_has_permissions_model_id_model_type_index,1,2,model_type,BTREE
simgos,model_has_permissions,PRIMARY,0,1,permission_id,BTREE
simgos,model_has_permissions,PRIMARY,0,2,model_id,BTREE
simgos,model_has_permissions,PRIMARY,0,3,model_type,BTREE
simgos,model_has_roles,model_has_roles_model_id_model_type_index,1,1,model_id,BTREE
simgos,model_has_roles,model_has_roles_model_id_model_type_index,1,2,model_type,BTREE
simgos,model_has_roles,PRIMARY,0,1,role_id,BTREE
simgos,model_has_roles,PRIMARY,0,2,model_id,BTREE
simgos,model_has_roles,PRIMARY,0,3,model_type,BTREE
simgos,modified_barthel_index_assessments,PRIMARY,0,1,id,BTREE
simgos,morse_fall_scale_assessments,morse_fall_scale_assessments_assessed_by_foreign,1,1,assessed_by,BTREE
simgos,morse_fall_scale_assessments,morse_fall_scale_assessments_created_by_foreign,1,1,created_by,BTREE
simgos,morse_fall_scale_assessments,morse_fall_scale_assessments_visit_id_foreign,1,1,visit_id,BTREE
simgos,morse_fall_scale_assessments,PRIMARY,0,1,id,BTREE
simgos,neck_examinations,PRIMARY,0,1,id,BTREE
simgos,nose_examinations,PRIMARY,0,1,id,BTREE
simgos,nurse_ward_assignments,nurse_ward_assignments_nurse_id_foreign,1,1,nurse_id,BTREE
simgos,nurse_ward_assignments,nurse_ward_assignments_ward_id_foreign,1,1,ward_id,BTREE
simgos,nurse_ward_assignments,PRIMARY,0,1,id,BTREE
simgos,nurses,nurses_employee_id_foreign,1,1,employee_id,BTREE
simgos,nurses,PRIMARY,0,1,id,BTREE
simgos,nursing_care_plan_implementations,nursing_care_plan_implementations_nursing_care_plan_id_foreign,1,1,nursing_care_plan_id,BTREE
simgos,nursing_care_plan_implementations,nursing_care_plan_implementations_performed_by_foreign,1,1,performed_by,BTREE
simgos,nursing_care_plan_implementations,PRIMARY,0,1,id,BTREE
simgos,nursing_care_plans,nursing_care_plans_recorded_by_foreign,1,1,recorded_by,BTREE
simgos,nursing_care_plans,nursing_care_plans_visit_id_foreign,1,1,visit_id,BTREE
simgos,nursing_care_plans,PRIMARY,0,1,id,BTREE
simgos,nursing_diagnoses,nursing_diagnoses_recorded_by_foreign,1,1,recorded_by,BTREE
simgos,nursing_diagnoses,nursing_diagnoses_visit_id_foreign,1,1,visit_id,BTREE
simgos,nursing_diagnoses,PRIMARY,0,1,id,BTREE
simgos,nursing_implementations,nursing_implementations_nursing_diagnosis_id_foreign,1,1,nursing_diagnosis_id,BTREE
simgos,nursing_implementations,nursing_implementations_performed_by_foreign,1,1,performed_by,BTREE
simgos,nursing_implementations,PRIMARY,0,1,id,BTREE
simgos,nursing_indicator_implementations,nursing_indicator_implementations_nursing_indicator_id_foreign,1,1,nursing_indicator_id,BTREE
simgos,nursing_indicator_implementations,nursing_indicator_implementations_recorded_by_foreign,1,1,recorded_by,BTREE
simgos,nursing_indicator_implementations,nursing_indicator_implementations_visit_id_foreign,1,1,visit_id,BTREE
simgos,nursing_indicator_implementations,PRIMARY,0,1,id,BTREE
simgos,nursing_indicator_types,nursing_indicator_types_name_unique,0,1,name,BTREE
simgos,nursing_indicator_types,PRIMARY,0,1,id,BTREE
simgos,nursing_indicators,nursing_indicators_code_unique,0,1,code,BTREE
simgos,nursing_indicators,nursing_indicators_nursing_indicator_type_id_foreign,1,1,nursing_indicator_type_id,BTREE
simgos,nursing_indicators,PRIMARY,0,1,id,BTREE
simgos,nutrition_diet_patterns,nutrition_diet_patterns_assessed_by_foreign,1,1,assessed_by,BTREE
simgos,nutrition_diet_patterns,nutrition_diet_patterns_created_by_foreign,1,1,created_by,BTREE
simgos,nutrition_diet_patterns,nutrition_diet_patterns_visit_id_foreign,1,1,visit_id,BTREE
simgos,nutrition_diet_patterns,PRIMARY,0,1,id,BTREE
simgos,obstetric_histories,obstetric_histories_created_by_foreign,1,1,created_by,BTREE
simgos,obstetric_histories,obstetric_histories_visit_id_foreign,1,1,visit_id,BTREE
simgos,obstetric_histories,PRIMARY,0,1,id,BTREE
simgos,obstetrics_records,PRIMARY,0,1,id,BTREE
simgos,operating_rooms,operating_rooms_ward_id_foreign,1,1,ward_id,BTREE
simgos,operating_rooms,PRIMARY,0,1,id,BTREE
simgos,other_histories,other_histories_created_by_foreign,1,1,created_by,BTREE
simgos,other_histories,other_histories_recorded_by_foreign,1,1,recorded_by,BTREE
simgos,other_histories,other_histories_visit_id_foreign,1,1,visit_id,BTREE
simgos,other_histories,PRIMARY,0,1,id,BTREE
simgos,other_service_tariffs,other_service_tariffs_other_service_id_foreign,1,1,other_service_id,BTREE
simgos,other_service_tariffs,other_service_tariffs_room_class_id_foreign,1,1,room_class_id,BTREE
simgos,other_service_tariffs,PRIMARY,0,1,id,BTREE
simgos,other_services,other_services_code_unique,0,1,code,BTREE
simgos,other_services,other_services_name_unique,0,1,name,BTREE
simgos,other_services,PRIMARY,0,1,id,BTREE
simgos,oxygen_tariffs,PRIMARY,0,1,id,BTREE
simgos,oxygen_usages,oxygen_usages_recorded_by_foreign,1,1,recorded_by,BTREE
simgos,oxygen_usages,oxygen_usages_visit_id_foreign,1,1,visit_id,BTREE
simgos,oxygen_usages,PRIMARY,0,1,id,BTREE
simgos,package_invoice_items,package_invoice_items_invoice_id_foreign,1,1,invoice_id,BTREE
simgos,package_invoice_items,package_invoice_items_package_id_foreign,1,1,package_id,BTREE
simgos,package_invoice_items,PRIMARY,0,1,id,BTREE
simgos,package_items,PRIMARY,0,1,id,BTREE
simgos,package_services,PRIMARY,0,1,id,BTREE
simgos,package_tariff_distribution_items,fk_ptdi_dist_id,1,1,package_tariff_distribution_id,BTREE
simgos,package_tariff_distribution_items,PRIMARY,0,1,id,BTREE
simgos,package_tariff_distributions,package_tariff_distributions_package_id_foreign,1,1,package_id,BTREE
simgos,package_tariff_distributions,PRIMARY,0,1,id,BTREE
simgos,packages,packages_code_unique,0,1,code,BTREE
simgos,packages,PRIMARY,0,1,id,BTREE
simgos,pain_score_assessments,pain_score_assessments_assessed_by_foreign,1,1,assessed_by,BTREE
simgos,pain_score_assessments,pain_score_assessments_created_by_foreign,1,1,created_by,BTREE
simgos,pain_score_assessments,pain_score_assessments_visit_id_foreign,1,1,visit_id,BTREE
simgos,pain_score_assessments,PRIMARY,0,1,id,BTREE
simgos,palate_examinations,PRIMARY,0,1,id,BTREE
simgos,parental_health_history_screenings,parental_health_history_screenings_created_by_foreign,1,1,created_by,BTREE
simgos,parental_health_history_screenings,parental_health_history_screenings_screened_by_foreign,1,1,screened_by,BTREE
simgos,parental_health_history_screenings,parental_health_history_screenings_visit_id_foreign,1,1,visit_id,BTREE
simgos,parental_health_history_screenings,PRIMARY,0,1,id,BTREE
simgos,pasien_tb,PRIMARY,0,1,id,BTREE
simgos,pathology_anatomy_results,pathology_anatomy_results_examined_by_foreign,1,1,examined_by,BTREE
simgos,pathology_anatomy_results,pathology_anatomy_results_patient_id_foreign,1,1,patient_id,BTREE
simgos,pathology_anatomy_results,pathology_anatomy_results_visit_id_foreign,1,1,visit_id,BTREE
simgos,pathology_anatomy_results,PRIMARY,0,1,id,BTREE
simgos,pathology_claim_items,pathology_claim_items_pathology_claim_id_foreign,1,1,pathology_claim_id,BTREE
simgos,pathology_claim_items,PRIMARY,0,1,id,BTREE
simgos,pathology_claims,pathology_claims_claim_file_id_foreign,1,1,claim_file_id,BTREE
simgos,pathology_claims,pathology_claims_order_id_foreign,1,1,order_id,BTREE
simgos,pathology_claims,PRIMARY,0,1,id,BTREE
simgos,pathology_immunofluorescence_results,fk_pir_anatomy_id,1,1,pathology_anatomy_result_id,BTREE
simgos,pathology_immunofluorescence_results,PRIMARY,0,1,id,BTREE
simgos,pathology_molecular_results,pathology_molecular_results_pathology_anatomy_result_id_foreign,1,1,pathology_anatomy_result_id,BTREE
simgos,pathology_molecular_results,PRIMARY,0,1,id,BTREE
simgos,patient_access_locks,patient_access_locks_locked_by_foreign,1,1,locked_by,BTREE
simgos,patient_access_locks,patient_access_locks_patient_id_foreign,1,1,patient_id,BTREE
simgos,patient_access_locks,PRIMARY,0,1,id,BTREE
simgos,patient_contacts,patient_contacts_patient_id_foreign,1,1,patient_id,BTREE
simgos,patient_contacts,PRIMARY,0,1,id,BTREE
simgos,patient_death_records,patient_death_records_declared_by_foreign,1,1,declared_by,BTREE
simgos,patient_death_records,patient_death_records_patient_id_foreign,1,1,patient_id,BTREE
simgos,patient_death_records,patient_death_records_visit_id_foreign,1,1,visit_id,BTREE
simgos,patient_death_records,PRIMARY,0,1,id,BTREE
simgos,patient_discharge_records,patient_discharge_records_discharged_by_foreign,1,1,discharged_by,BTREE
simgos,patient_discharge_records,patient_discharge_records_patient_id_foreign,1,1,patient_id,BTREE
simgos,patient_discharge_records,patient_discharge_records_visit_id_foreign,1,1,visit_id,BTREE
simgos,patient_discharge_records,PRIMARY,0,1,id,BTREE
simgos,patient_escort_contacts,patient_escort_contacts_patient_escort_id_foreign,1,1,patient_escort_id,BTREE
simgos,patient_escort_contacts,PRIMARY,0,1,id,BTREE
simgos,patient_escort_identity_cards,patient_escort_identity_cards_patient_escort_id_card_type_unique,0,1,patient_escort_id,BTREE
simgos,patient_escort_identity_cards,patient_escort_identity_cards_patient_escort_id_card_type_unique,0,2,card_type,BTREE
simgos,patient_escort_identity_cards,PRIMARY,0,1,id,BTREE
simgos,patient_escorts,patient_escorts_created_by_foreign,1,1,created_by,BTREE
simgos,patient_escorts,patient_escorts_registration_id_foreign,1,1,registration_id,BTREE
simgos,patient_escorts,PRIMARY,0,1,id,BTREE
simgos,patient_families,patient_families_education_id_index,1,1,education_id,BTREE
simgos,patient_families,patient_families_gender_id_index,1,1,gender_id,BTREE
simgos,patient_families,patient_families_occupation_id_index,1,1,occupation_id,BTREE
simgos,patient_families,patient_families_patient_id_index,1,1,patient_id,BTREE
simgos,patient_families,patient_families_village_id_foreign,1,1,village_id,BTREE
simgos,patient_families,PRIMARY,0,1,id,BTREE
simgos,patient_family_contacts,patient_family_contacts_patient_family_id_index,1,1,patient_family_id,BTREE
simgos,patient_family_contacts,PRIMARY,0,1,id,BTREE
simgos,patient_family_educations,patient_family_educations_educator_id_foreign,1,1,educator_id,BTREE
simgos,patient_family_educations,patient_family_educations_visit_id_foreign,1,1,visit_id,BTREE
simgos,patient_family_educations,PRIMARY,0,1,id,BTREE
simgos,patient_family_identity_cards,patient_family_identity_cards_patient_family_id_index,1,1,patient_family_id,BTREE
simgos,patient_family_identity_cards,PRIMARY,0,1,id,BTREE
simgos,patient_guardian_contacts,patient_guardian_contacts_patient_guardian_id_foreign,1,1,patient_guardian_id,BTREE
simgos,patient_guardian_contacts,PRIMARY,0,1,id,BTREE
simgos,patient_guardian_identity_cards,pgic_guardian_card_type_unique,0,1,patient_guardian_id,BTREE
simgos,patient_guardian_identity_cards,pgic_guardian_card_type_unique,0,2,card_type,BTREE
simgos,patient_guardian_identity_cards,PRIMARY,0,1,id,BTREE
simgos,patient_guardians,patient_guardians_created_by_foreign,1,1,created_by,BTREE
simgos,patient_guardians,patient_guardians_registration_id_foreign,1,1,registration_id,BTREE
simgos,patient_guardians,PRIMARY,0,1,id,BTREE
simgos,patient_identity_cards,patient_identity_cards_patient_id_foreign,1,1,patient_id,BTREE
simgos,patient_identity_cards,PRIMARY,0,1,id,BTREE
simgos,patient_nutrition_problems,patient_nutrition_problems_created_by_foreign,1,1,created_by,BTREE
simgos,patient_nutrition_problems,patient_nutrition_problems_identified_by_foreign,1,1,identified_by,BTREE
simgos,patient_nutrition_problems,patient_nutrition_problems_visit_id_foreign,1,1,visit_id,BTREE
simgos,patient_nutrition_problems,PRIMARY,0,1,id,BTREE
simgos,patient_photos,patient_photos_patient_id_foreign,1,1,patient_id,BTREE
simgos,patient_photos,PRIMARY,0,1,id,BTREE
simgos,patient_portal_accounts,patient_portal_accounts_patient_id_unique,0,1,patient_id,BTREE
simgos,patient_portal_accounts,patient_portal_accounts_username_unique,0,1,username,BTREE
simgos,patient_portal_accounts,PRIMARY,0,1,id,BTREE
simgos,patient_purposes,patient_purposes_code_unique,0,1,code,BTREE
simgos,patient_purposes,patient_purposes_name_unique,0,1,name,BTREE
simgos,patient_purposes,PRIMARY,0,1,id,BTREE
simgos,patient_receivable_settlements,patient_receivable_settlements_patient_receivable_id_foreign,1,1,patient_receivable_id,BTREE
simgos,patient_receivable_settlements,patient_receivable_settlements_received_by_foreign,1,1,received_by,BTREE
simgos,patient_receivable_settlements,PRIMARY,0,1,id,BTREE
simgos,patient_receivables,patient_receivables_invoice_id_foreign,1,1,invoice_id,BTREE
simgos,patient_receivables,patient_receivables_patient_id_foreign,1,1,patient_id,BTREE
simgos,patient_receivables,PRIMARY,0,1,id,BTREE
simgos,patient_transfer_sheets,PRIMARY,0,1,id,BTREE
simgos,patient_transfers,patient_transfers_from_ward_id_foreign,1,1,from_ward_id,BTREE
simgos,patient_transfers,patient_transfers_to_ward_id_foreign,1,1,to_ward_id,BTREE
simgos,patient_transfers,patient_transfers_visit_id_foreign,1,1,visit_id,BTREE
simgos,patient_transfers,PRIMARY,0,1,id,BTREE
simgos,patients,patients_blood_type_id_index,1,1,blood_type_id,BTREE
simgos,patients,patients_education_id_index,1,1,education_id,BTREE
simgos,patients,patients_ethnicity_id_index,1,1,ethnicity_id,BTREE
simgos,patients,patients_gender_id_index,1,1,gender_id,BTREE
simgos,patients,patients_language_id_index,1,1,language_id,BTREE
simgos,patients,patients_marital_status_id_index,1,1,marital_status_id,BTREE
simgos,patients,patients_medical_record_number_unique,0,1,medical_record_number,BTREE
simgos,patients,patients_nationality_id_foreign,1,1,nationality_id,BTREE
simgos,patients,patients_occupation_id_index,1,1,occupation_id,BTREE
simgos,patients,patients_registered_by_foreign,1,1,registered_by,BTREE
simgos,patients,patients_religion_id_index,1,1,religion_id,BTREE
simgos,patients,patients_village_id_foreign,1,1,village_id,BTREE
simgos,patients,PRIMARY,0,1,id,BTREE
simgos,payment_idempotency_keys,PRIMARY,0,1,key,BTREE
simgos,payment_number_sequences,PRIMARY,0,1,year,BTREE
simgos,payment_providers,payment_providers_provider_code_unique,0,1,provider_code,BTREE
simgos,payment_providers,PRIMARY,0,1,id,BTREE
simgos,payments,payments_cashier_session_id_foreign,1,1,cashier_session_id,BTREE
simgos,payments,payments_idempotency_key_unique,0,1,idempotency_key,BTREE
simgos,payments,payments_invoice_id_foreign,1,1,invoice_id,BTREE
simgos,payments,payments_payment_number_unique,0,1,payment_number,BTREE
simgos,payments,payments_received_by_foreign,1,1,received_by,BTREE
simgos,payments,PRIMARY,0,1,id,BTREE
simgos,pediatric_statuses,pediatric_statuses_created_by_foreign,1,1,created_by,BTREE
simgos,pediatric_statuses,pediatric_statuses_patient_id_foreign,1,1,patient_id,BTREE
simgos,pediatric_statuses,pediatric_statuses_visit_id_foreign,1,1,visit_id,BTREE
simgos,pediatric_statuses,PRIMARY,0,1,id,BTREE
simgos,pembatalan_visit_cancellations,pembatalan_visit_cancellations_cancelled_by_foreign,1,1,cancelled_by,BTREE
simgos,pembatalan_visit_cancellations,pembatalan_visit_cancellations_visit_id_foreign,1,1,visit_id,BTREE
simgos,pembatalan_visit_cancellations,PRIMARY,0,1,id,BTREE
simgos,pendaftarans,PRIMARY,0,1,id,BTREE
simgos,penyakit_menular_submissions,fk_pms_staging_id,1,1,satu_sehat_staging_submission_id,BTREE
simgos,penyakit_menular_submissions,PRIMARY,0,1,id,BTREE
simgos,permissions,permissions_name_guard_name_unique,0,1,name,BTREE
simgos,permissions,permissions_name_guard_name_unique,0,2,guard_name,BTREE
simgos,permissions,PRIMARY,0,1,id,BTREE
simgos,personal_access_tokens,personal_access_tokens_expires_at_index,1,1,expires_at,BTREE
simgos,personal_access_tokens,personal_access_tokens_token_unique,0,1,token,BTREE
simgos,personal_access_tokens,personal_access_tokens_tokenable_type_tokenable_id_index,1,1,tokenable_type,BTREE
simgos,personal_access_tokens,personal_access_tokens_tokenable_type_tokenable_id_index,1,2,tokenable_id,BTREE
simgos,personal_access_tokens,PRIMARY,0,1,id,BTREE
simgos,pharmacy_claim_items,pharmacy_claim_items_pharmacy_claim_id_foreign,1,1,pharmacy_claim_id,BTREE
simgos,pharmacy_claim_items,PRIMARY,0,1,id,BTREE
simgos,pharmacy_claims,pharmacy_claims_claim_file_id_foreign,1,1,claim_file_id,BTREE
simgos,pharmacy_claims,pharmacy_claims_prescription_id_foreign,1,1,prescription_id,BTREE
simgos,pharmacy_claims,PRIMARY,0,1,id,BTREE
simgos,pharmacy_depots,pharmacy_depots_code_unique,0,1,code,BTREE
simgos,pharmacy_depots,pharmacy_depots_ward_id_foreign,1,1,ward_id,BTREE
simgos,pharmacy_depots,PRIMARY,0,1,id,BTREE
simgos,pharmacy_diagnoses,pharmacy_diagnoses_assessed_by_foreign,1,1,assessed_by,BTREE
simgos,pharmacy_diagnoses,pharmacy_diagnoses_prescription_id_foreign,1,1,prescription_id,BTREE
simgos,pharmacy_diagnoses,pharmacy_diagnoses_visit_id_foreign,1,1,visit_id,BTREE
simgos,pharmacy_diagnoses,PRIMARY,0,1,id,BTREE
simgos,pharmacy_dispenses,pharmacy_dispenses_dispensed_by_foreign,1,1,dispensed_by,BTREE
simgos,pharmacy_dispenses,pharmacy_dispenses_prescription_id_foreign,1,1,prescription_id,BTREE
simgos,pharmacy_dispenses,PRIMARY,0,1,id,BTREE
simgos,pharmacy_guarantor_margins,pharmacy_guarantor_margins_guarantor_id_foreign,1,1,guarantor_id,BTREE
simgos,pharmacy_guarantor_margins,PRIMARY,0,1,id,BTREE
simgos,pharmacy_outpatient_queues,pharmacy_outpatient_queues_prescription_id_foreign,1,1,prescription_id,BTREE
simgos,pharmacy_outpatient_queues,PRIMARY,0,1,id,BTREE
simgos,pharmacy_packages,pharmacy_packages_package_code_unique,0,1,package_code,BTREE
simgos,pharmacy_packages,pharmacy_packages_pharmacy_service_room_id_foreign,1,1,pharmacy_service_room_id,BTREE
simgos,pharmacy_packages,PRIMARY,0,1,id,BTREE
simgos,pharmacy_returns,pharmacy_returns_prescription_item_id_foreign,1,1,prescription_item_id,BTREE
simgos,pharmacy_returns,pharmacy_returns_returned_by_foreign,1,1,returned_by,BTREE
simgos,pharmacy_returns,PRIMARY,0,1,id,BTREE
simgos,pharmacy_rooms,pharmacy_rooms_ward_id_foreign,1,1,ward_id,BTREE
simgos,pharmacy_rooms,PRIMARY,0,1,id,BTREE
simgos,pharmacy_service_fees,pharmacy_service_fees_item_id_foreign,1,1,item_id,BTREE
simgos,pharmacy_service_fees,PRIMARY,0,1,id,BTREE
simgos,pharmacy_service_rooms,pharmacy_service_rooms_ward_id_foreign,1,1,ward_id,BTREE
simgos,pharmacy_service_rooms,PRIMARY,0,1,id,BTREE
simgos,pharmacy_service_time_stages,pharmacy_service_time_stages_pharmacy_service_time_id_foreign,1,1,pharmacy_service_time_id,BTREE
simgos,pharmacy_service_time_stages,pharmacy_service_time_stages_recorded_by_foreign,1,1,recorded_by,BTREE
simgos,pharmacy_service_time_stages,PRIMARY,0,1,id,BTREE
simgos,pharmacy_service_times,pharmacy_service_times_prescription_id_foreign,1,1,prescription_id,BTREE
simgos,pharmacy_service_times,PRIMARY,0,1,id,BTREE
simgos,pharmacy_tariff_by_room_classes,PRIMARY,0,1,id,BTREE
simgos,pharynx_examinations,PRIMARY,0,1,id,BTREE
simgos,physical_assessments,PRIMARY,0,1,id,BTREE
simgos,physical_examinations,PRIMARY,0,1,id,BTREE
simgos,physician_restrictions,physician_restrictions_doctor_antibiotic_unique,0,1,doctor_id,BTREE
simgos,physician_restrictions,physician_restrictions_doctor_antibiotic_unique,0,2,restricted_antibiotic_name,BTREE
simgos,physician_restrictions,PRIMARY,0,1,id,BTREE
simgos,plan_and_therapies,plan_and_therapies_created_by_foreign,1,1,created_by,BTREE
simgos,plan_and_therapies,plan_and_therapies_ordered_by_foreign,1,1,ordered_by,BTREE
simgos,plan_and_therapies,plan_and_therapies_visit_id_foreign,1,1,visit_id,BTREE
simgos,plan_and_therapies,PRIMARY,0,1,id,BTREE
simgos,ppk_audits,ppk_audits_ppk_id_foreign,1,1,ppk_id,BTREE
simgos,ppk_audits,ppk_audits_user_id_foreign,1,1,user_id,BTREE
simgos,ppk_audits,PRIMARY,0,1,id,BTREE
simgos,ppks,ppks_bpjs_code_unique,0,1,bpjs_code,BTREE
simgos,ppks,ppks_code_unique,0,1,code,BTREE
simgos,ppks,PRIMARY,0,1,id,BTREE
simgos,practice_licenses,practice_licenses_employee_id_foreign,1,1,employee_id,BTREE
simgos,practice_licenses,practice_licenses_license_number_unique,0,1,license_number,BTREE
simgos,practice_licenses,PRIMARY,0,1,id,BTREE
simgos,pre_anesthesia_sedation_assessments,pre_anesthesia_sedation_assessments_created_by_foreign,1,1,created_by,BTREE
simgos,pre_anesthesia_sedation_assessments,pre_anesthesia_sedation_assessments_doctor_id_foreign,1,1,doctor_id,BTREE
simgos,pre_anesthesia_sedation_assessments,pre_anesthesia_sedation_assessments_visit_id_foreign,1,1,visit_id,BTREE
simgos,pre_anesthesia_sedation_assessments,PRIMARY,0,1,id,BTREE
simgos,prescription_frequency_rule_categories,fk_pfrc_rule_id,1,1,prescription_frequency_rule_id,BTREE
simgos,prescription_frequency_rule_categories,PRIMARY,0,1,id,BTREE
simgos,prescription_frequency_rules,prescription_frequency_rules_code_unique,0,1,code,BTREE
simgos,prescription_frequency_rules,PRIMARY,0,1,id,BTREE
simgos,prescription_fulfillment_items,fk_pfi_fulfillment_id,1,1,prescription_fulfillment_id,BTREE
simgos,prescription_fulfillment_items,prescription_fulfillment_items_prescription_item_id_foreign,1,1,prescription_item_id,BTREE
simgos,prescription_fulfillment_items,PRIMARY,0,1,id,BTREE
simgos,prescription_fulfillments,prescription_fulfillments_prescription_id_foreign,1,1,prescription_id,BTREE
simgos,prescription_fulfillments,prescription_fulfillments_served_by_foreign,1,1,served_by,BTREE
simgos,prescription_fulfillments,PRIMARY,0,1,id,BTREE
simgos,prescription_initial_reviews,prescription_initial_reviews_prescription_id_foreign,1,1,prescription_id,BTREE
simgos,prescription_initial_reviews,prescription_initial_reviews_reviewed_by_foreign,1,1,reviewed_by,BTREE
simgos,prescription_initial_reviews,PRIMARY,0,1,id,BTREE
simgos,prescription_items,prescription_items_item_id_foreign,1,1,item_id,BTREE
simgos,prescription_items,prescription_items_prescription_id_foreign,1,1,prescription_id,BTREE
simgos,prescription_items,PRIMARY,0,1,id,BTREE
simgos,prescription_origin_unit_restrictions,prescription_origin_unit_restrictions_item_id_foreign,1,1,item_id,BTREE
simgos,prescription_origin_unit_restrictions,prescription_origin_unit_restrictions_ward_id_foreign,1,1,ward_id,BTREE
simgos,prescription_origin_unit_restrictions,PRIMARY,0,1,id,BTREE
simgos,prescriptions,prescriptions_created_by_foreign,1,1,created_by,BTREE
simgos,prescriptions,prescriptions_diagnosis_id_foreign,1,1,diagnosis_id,BTREE
simgos,prescriptions,prescriptions_prescribed_by_foreign,1,1,prescribed_by,BTREE
simgos,prescriptions,prescriptions_prescription_number_unique,0,1,prescription_number,BTREE
simgos,prescriptions,prescriptions_visit_id_foreign,1,1,visit_id,BTREE
simgos,prescriptions,PRIMARY,0,1,id,BTREE
simgos,pressure_ulcer_risk_assessments,PRIMARY,0,1,id,BTREE
simgos,procedure_consent_information,PRIMARY,0,1,id,BTREE
simgos,procedure_consent_information,procedure_consent_information_consent_id_foreign,1,1,consent_id,BTREE
simgos,procedure_consent_information,procedure_consent_information_explained_by_foreign,1,1,explained_by,BTREE
simgos,procedure_consent_information_givers,PRIMARY,0,1,id,BTREE
simgos,procedure_consent_information_givers,procedure_consent_information_givers_consent_id_foreign,1,1,consent_id,BTREE
simgos,procedure_consent_information_givers,procedure_consent_information_givers_giver_id_foreign,1,1,giver_id,BTREE
simgos,procedure_consent_information_items,PRIMARY,0,1,id,BTREE
simgos,procedure_consent_information_items,procedure_consent_information_items_information_id_foreign,1,1,information_id,BTREE
simgos,procedure_consent_information_receivers,PRIMARY,0,1,id,BTREE
simgos,procedure_consent_information_receivers,procedure_consent_information_receivers_consent_id_foreign,1,1,consent_id,BTREE
simgos,procedure_consent_patient_acknowledgements,PRIMARY,0,1,id,BTREE
simgos,procedure_consent_patient_acknowledgements,procedure_consent_patient_acknowledgements_consent_id_foreign,1,1,consent_id,BTREE
simgos,procedure_surgeries,PRIMARY,0,1,id,BTREE
simgos,procedures,PRIMARY,0,1,id,BTREE
simgos,prognosas,PRIMARY,0,1,id,BTREE
simgos,prognosas,prognosas_kunjungan_id_foreign,1,1,kunjungan_id,BTREE
simgos,provider_services,PRIMARY,0,1,id,BTREE
simgos,provider_services,provider_services_payment_provider_id_foreign,1,1,payment_provider_id,BTREE
simgos,provider_services,provider_services_service_code_unique,0,1,service_code,BTREE
simgos,quantity_restrictions,PRIMARY,0,1,id,BTREE
simgos,quantity_restrictions,quantity_restrictions_drug_name_unique,0,1,drug_name,BTREE
simgos,queue_calls,PRIMARY,0,1,id,BTREE
simgos,queue_calls,queue_calls_called_by_foreign,1,1,called_by,BTREE
simgos,queue_calls,queue_calls_ward_queue_id_foreign,1,1,ward_queue_id,BTREE
simgos,radiology_claim_items,PRIMARY,0,1,id,BTREE
simgos,radiology_claim_items,radiology_claim_items_radiology_claim_id_foreign,1,1,radiology_claim_id,BTREE
simgos,radiology_claims,PRIMARY,0,1,id,BTREE
simgos,radiology_claims,radiology_claims_claim_file_id_foreign,1,1,claim_file_id,BTREE
simgos,radiology_claims,radiology_claims_order_id_foreign,1,1,order_id,BTREE
simgos,radiology_order_items,PRIMARY,0,1,id,BTREE
simgos,radiology_order_items,radiology_order_items_radiology_order_id_foreign,1,1,radiology_order_id,BTREE
simgos,radiology_orders,PRIMARY,0,1,id,BTREE
simgos,radiology_orders,radiology_orders_ordering_doctor_id_foreign,1,1,ordering_doctor_id,BTREE
simgos,radiology_orders,radiology_orders_patient_id_foreign,1,1,patient_id,BTREE
simgos,radiology_orders,radiology_orders_visit_id_foreign,1,1,visit_id,BTREE
simgos,radiology_result_summaries,PRIMARY,0,1,id,BTREE
simgos,radiology_result_summaries,radiology_result_summaries_created_by_foreign,1,1,created_by,BTREE
simgos,radiology_result_summaries,radiology_result_summaries_summarized_by_foreign,1,1,summarized_by,BTREE
simgos,radiology_result_summaries,radiology_result_summaries_visit_id_foreign,1,1,visit_id,BTREE
simgos,radiology_result_summary_items,PRIMARY,0,1,id,BTREE
simgos,radiology_result_summary_items,radiology_result_summary_items_summary_id_foreign,1,1,summary_id,BTREE
simgos,radiology_results,PRIMARY,0,1,id,BTREE
simgos,radiology_results,radiology_results_radiologist_id_foreign,1,1,radiologist_id,BTREE
simgos,radiology_results,radiology_results_radiology_order_id_foreign,1,1,radiology_order_id,BTREE
simgos,radiology_rooms,PRIMARY,0,1,id,BTREE
simgos,radiology_rooms,radiology_rooms_ward_id_foreign,1,1,ward_id,BTREE
simgos,radiology_viewer_logs,PRIMARY,0,1,id,BTREE
simgos,radiology_viewer_logs,radiology_viewer_logs_viewed_by_foreign,1,1,viewed_by,BTREE
simgos,radiology_viewer_logs,radiology_viewer_logs_visit_id_foreign,1,1,visit_id,BTREE
simgos,raven_test_examinations,PRIMARY,0,1,id,BTREE
simgos,receiving_items,PRIMARY,0,1,id,BTREE
simgos,receiving_items,receiving_items_item_id_foreign,1,1,item_id,BTREE
simgos,receiving_items,receiving_items_receiving_record_id_foreign,1,1,receiving_record_id,BTREE
simgos,receiving_records,PRIMARY,0,1,id,BTREE
simgos,receiving_records,receiving_records_received_by_foreign,1,1,received_by,BTREE
simgos,receiving_records,receiving_records_ward_id_foreign,1,1,ward_id,BTREE
simgos,record_file_loans,PRIMARY,0,1,id,BTREE
simgos,reference_audits,PRIMARY,0,1,id,BTREE
simgos,reference_audits,reference_audits_entity_type_entity_id_index,1,1,entity_type,BTREE
simgos,reference_audits,reference_audits_entity_type_entity_id_index,1,2,entity_id,BTREE
simgos,reference_audits,reference_audits_user_id_foreign,1,1,user_id,BTREE
simgos,reference_entries,PRIMARY,0,1,id,BTREE
simgos,reference_entries,reference_entries_legacy_table_id_unique,0,1,legacy_table_id,BTREE
simgos,reference_entries,reference_entries_ref_id_index,1,1,ref_id,BTREE
simgos,reference_entries,reference_entries_reference_type_id_code_unique,0,1,reference_type_id,BTREE
simgos,reference_entries,reference_entries_reference_type_id_code_unique,0,2,code,BTREE
simgos,reference_maps,PRIMARY,0,1,id,BTREE
simgos,reference_maps,reference_maps_source_system_source_code_target_category_unique,0,1,source_system,BTREE
simgos,reference_maps,reference_maps_source_system_source_code_target_category_unique,0,2,source_code,BTREE
simgos,reference_maps,reference_maps_source_system_source_code_target_category_unique,0,3,target_category,BTREE
simgos,reference_types,PRIMARY,0,1,id,BTREE
simgos,reference_types,reference_types_legacy_id_unique,0,1,legacy_id,BTREE
simgos,reference_types,reference_types_management_scope_index,1,1,management_scope,BTREE
simgos,referral_codes,PRIMARY,0,1,id,BTREE
simgos,referral_codes,referral_codes_code_unique,0,1,code,BTREE
simgos,referral_letters,PRIMARY,0,1,id,BTREE
simgos,referral_letters,referral_letters_from_department_id_foreign,1,1,from_department_id,BTREE
simgos,referral_letters,referral_letters_to_department_id_foreign,1,1,to_department_id,BTREE
simgos,referral_letters,referral_letters_visit_id_foreign,1,1,visit_id,BTREE
simgos,referrals,PRIMARY,0,1,id,BTREE
simgos,referrals,referrals_patient_id_foreign,1,1,patient_id,BTREE
simgos,referrals,referrals_referral_number_unique,0,1,referral_number,BTREE
simgos,region_types,PRIMARY,0,1,id,BTREE
simgos,region_types,region_types_name_unique,0,1,name,BTREE
simgos,registration_functions,PRIMARY,0,1,id,BTREE
simgos,registration_functions,registration_functions_code_unique,0,1,code,BTREE
simgos,registration_histories,PRIMARY,0,1,id,BTREE
simgos,registration_histories,registration_histories_changed_by_foreign,1,1,changed_by,BTREE
simgos,registration_histories,registration_histories_registration_id_foreign,1,1,registration_id,BTREE
simgos,registration_invoices,PRIMARY,0,1,id,BTREE
simgos,registration_invoices,registration_invoices_invoice_id_foreign,1,1,invoice_id,BTREE
simgos,registration_invoices,registration_invoices_registration_id_foreign,1,1,registration_id,BTREE
simgos,registrations,PRIMARY,0,1,id,BTREE
simgos,registrations,registrations_closed_by_foreign,1,1,closed_by,BTREE
simgos,registrations,registrations_closure_id_unique,0,1,closure_id,BTREE
simgos,registrations,registrations_package_id_foreign,1,1,package_id,BTREE
simgos,registrations,registrations_patient_id_foreign,1,1,patient_id,BTREE
simgos,registrations,registrations_referral_id_foreign,1,1,referral_id,BTREE
simgos,registrations,registrations_registered_by_foreign,1,1,registered_by,BTREE
simgos,registrations,registrations_registration_number_unique,0,1,registration_number,BTREE
simgos,rehabilitation_procedure_examination_items,fk_rpei_examination_id,1,1,rehabilitation_procedure_examination_id,BTREE
simgos,rehabilitation_procedure_examination_items,PRIMARY,0,1,id,BTREE
simgos,rehabilitation_procedure_examinations,PRIMARY,0,1,id,BTREE
simgos,rencana_kontrols,PRIMARY,0,1,id,BTREE
simgos,rencana_kontrols,rencana_kontrols_dpjp_doctor_id_foreign,1,1,dpjp_doctor_id,BTREE
simgos,rencana_kontrols,rencana_kontrols_no_surat_kontrol_unique,0,1,no_surat_kontrol,BTREE
simgos,rencana_kontrols,rencana_kontrols_registration_id_unique,0,1,registration_id,BTREE
simgos,rencana_kontrols,rencana_kontrols_sep_id_foreign,1,1,sep_id,BTREE
simgos,report_type_items,PRIMARY,0,1,id,BTREE
simgos,report_type_items,report_type_items_report_type_id_foreign,1,1,report_type_id,BTREE
simgos,report_types,PRIMARY,0,1,id,BTREE
simgos,reservations,PRIMARY,0,1,id,BTREE
simgos,reservations,reservations_patient_id_foreign,1,1,patient_id,BTREE
simgos,reservations,reservations_ward_id_foreign,1,1,ward_id,BTREE
simgos,resume_medis,PRIMARY,0,1,id,BTREE
simgos,return_cancellations,PRIMARY,0,1,id,BTREE
simgos,return_cancellations,return_cancellations_cancellation_number_unique,0,1,cancellation_number,BTREE
simgos,risk_factors,PRIMARY,0,1,id,BTREE
simgos,risk_factors,risk_factors_identified_by_foreign,1,1,identified_by,BTREE
simgos,risk_factors,risk_factors_visit_id_foreign,1,1,visit_id,BTREE
simgos,role_has_permissions,PRIMARY,0,1,permission_id,BTREE
simgos,role_has_permissions,PRIMARY,0,2,role_id,BTREE
simgos,role_has_permissions,role_has_permissions_role_id_foreign,1,1,role_id,BTREE
simgos,roles,PRIMARY,0,1,id,BTREE
simgos,roles,roles_name_guard_name_unique,0,1,name,BTREE
simgos,roles,roles_name_guard_name_unique,0,2,guard_name,BTREE
simgos,room_class_reference_groups,PRIMARY,0,1,id,BTREE
simgos,room_class_reference_groups,room_class_reference_groups_code_unique,0,1,code,BTREE
simgos,room_class_reference_groups,room_class_reference_groups_name_unique,0,1,name,BTREE
simgos,room_classes,PRIMARY,0,1,id,BTREE
simgos,room_classes,room_classes_code_unique,0,1,code,BTREE
simgos,room_classes,room_classes_name_unique,0,1,name,BTREE
simgos,rooms,PRIMARY,0,1,id,BTREE
simgos,rooms,rooms_class_id_foreign,1,1,class_id,BTREE
simgos,rooms,rooms_ward_id_room_number_unique,0,1,ward_id,BTREE
simgos,rooms,rooms_ward_id_room_number_unique,0,2,room_number,BTREE
simgos,rs_online_submissions,PRIMARY,0,1,id,BTREE
simgos,rujukan_antar_rs,PRIMARY,0,1,id,BTREE
simgos,rujukan_antar_rs,rujukan_antar_rs_no_rujukan_unique,0,1,no_rujukan,BTREE
simgos,rujukan_antar_rs,rujukan_antar_rs_patient_id_foreign,1,1,patient_id,BTREE
simgos,rujukan_khusus,PRIMARY,0,1,id,BTREE
simgos,rujukan_khusus,rujukan_khusus_no_rujukan_khusus_unique,0,1,no_rujukan_khusus,BTREE
simgos,rujukans,PRIMARY,0,1,id,BTREE
simgos,sale_items,PRIMARY,0,1,id,BTREE
simgos,sale_items,sale_items_item_id_foreign,1,1,item_id,BTREE
simgos,sale_items,sale_items_sale_id_foreign,1,1,sale_id,BTREE
simgos,sale_returns,PRIMARY,0,1,id,BTREE
simgos,sale_returns,sale_returns_sale_id_foreign,1,1,sale_id,BTREE
simgos,sales,PRIMARY,0,1,id,BTREE
simgos,sales,sales_patient_id_foreign,1,1,patient_id,BTREE
simgos,sales,sales_sale_number_unique,0,1,sale_number,BTREE
simgos,sales,sales_sold_by_foreign,1,1,sold_by,BTREE
simgos,sales_taxes,PRIMARY,0,1,id,BTREE
simgos,sales_taxes,sales_taxes_name_unique,0,1,name,BTREE
simgos,satu_sehat_staging_submissions,PRIMARY,0,1,id,BTREE
simgos,satu_sehat_staging_submissions,satu_sehat_staging_submissions_source_type_source_id_index,1,1,source_type,BTREE
simgos,satu_sehat_staging_submissions,satu_sehat_staging_submissions_source_type_source_id_index,1,2,source_id,BTREE
simgos,satu_sehat_staging_submissions,satu_sehat_staging_submissions_status_index,1,1,status,BTREE
simgos,scanned_documents,PRIMARY,0,1,id,BTREE
simgos,scanned_documents,scanned_documents_patient_id_foreign,1,1,patient_id,BTREE
simgos,scanned_documents,scanned_documents_scanned_by_foreign,1,1,scanned_by,BTREE
simgos,sep_pengajuans,PRIMARY,0,1,id,BTREE
simgos,sep_pengajuans,sep_pengajuans_approved_by_foreign,1,1,approved_by,BTREE
simgos,sep_pengajuans,sep_pengajuans_sep_id_foreign,1,1,sep_id,BTREE
simgos,sep_reconciliation_attempts,PRIMARY,0,1,id,BTREE
simgos,sep_reconciliation_attempts,sep_reconciliation_attempts_attempted_by_foreign,1,1,attempted_by,BTREE
simgos,sep_reconciliation_attempts,sep_reconciliation_attempts_sep_id_foreign,1,1,sep_id,BTREE
simgos,seps,PRIMARY,0,1,id,BTREE
simgos,seps,seps_dpjp_doctor_id_foreign,1,1,dpjp_doctor_id,BTREE
simgos,seps,seps_guarantor_id_foreign,1,1,guarantor_id,BTREE
simgos,seps,seps_no_sep_unique,0,1,no_sep,BTREE
simgos,seps,seps_patient_id_foreign,1,1,patient_id,BTREE
simgos,seps,seps_registration_id_unique,0,1,registration_id,BTREE
simgos,service_handovers,PRIMARY,0,1,id,BTREE
simgos,service_handovers,service_handovers_handed_over_by_foreign,1,1,handed_over_by,BTREE
simgos,service_handovers,service_handovers_received_by_foreign,1,1,received_by,BTREE
simgos,service_handovers,service_handovers_visit_id_foreign,1,1,visit_id,BTREE
simgos,service_handovers,service_handovers_ward_id_foreign,1,1,ward_id,BTREE
simgos,service_tariff_distributions,PRIMARY,0,1,id,BTREE
simgos,service_tariffs,PRIMARY,0,1,id,BTREE
simgos,service_tariffs,service_tariffs_created_by_foreign,1,1,created_by,BTREE
simgos,service_tariffs,service_tariffs_room_class_id_foreign,1,1,room_class_id,BTREE
simgos,service_tariffs,service_tariffs_service_id_foreign,1,1,service_id,BTREE
simgos,service_types,PRIMARY,0,1,id,BTREE
simgos,service_types,service_types_code_unique,0,1,code,BTREE
simgos,service_types,service_types_name_unique,0,1,name,BTREE
simgos,services,PRIMARY,0,1,id,BTREE
simgos,services,services_code_unique,0,1,code,BTREE
simgos,services,services_type_id_foreign,1,1,type_id,BTREE
simgos,shipment_items,PRIMARY,0,1,id,BTREE
simgos,shipment_items,shipment_items_item_id_foreign,1,1,item_id,BTREE
simgos,shipment_items,shipment_items_shipment_id_foreign,1,1,shipment_id,BTREE
simgos,shipments,PRIMARY,0,1,id,BTREE
simgos,shipments,shipments_from_ward_id_foreign,1,1,from_ward_id,BTREE
simgos,shipments,shipments_shipped_by_foreign,1,1,shipped_by,BTREE
simgos,shipments,shipments_to_ward_id_foreign,1,1,to_ward_id,BTREE
simgos,sick_leave_certificates,PRIMARY,0,1,id,BTREE
simgos,sick_leave_certificates,sick_leave_certificates_created_by_foreign,1,1,created_by,BTREE
simgos,sick_leave_certificates,sick_leave_certificates_doctor_id_foreign,1,1,doctor_id,BTREE
simgos,sick_leave_certificates,sick_leave_certificates_letter_number_unique,0,1,letter_number,BTREE
simgos,sick_leave_certificates,sick_leave_certificates_patient_id_foreign,1,1,patient_id,BTREE
simgos,sick_leave_certificates,sick_leave_certificates_visit_id_foreign,1,1,visit_id,BTREE
simgos,sirs_online_bor_tempat_tidurs,PRIMARY,0,1,id,BTREE
simgos,skin_prick_test_examinations,PRIMARY,0,1,id,BTREE
simgos,skrinnings,PRIMARY,0,1,id,BTREE
simgos,skrinnings,skrinnings_kunjungan_id_foreign,1,1,kunjungan_id,BTREE
simgos,smart_claim_id_mappings,PRIMARY,0,1,id,BTREE
simgos,smart_claim_id_mappings,smart_claim_id_mappings_ref_type_ref_id_unique,0,1,ref_type,BTREE
simgos,smart_claim_id_mappings,smart_claim_id_mappings_ref_type_ref_id_unique,0,2,ref_id,BTREE
simgos,social_conditions,PRIMARY,0,1,id,BTREE
simgos,social_conditions,social_conditions_recorded_by_foreign,1,1,recorded_by,BTREE
simgos,social_conditions,social_conditions_visit_id_foreign,1,1,visit_id,BTREE
simgos,spesialistik_submissions,fk_ss_staging_id,1,1,satu_sehat_staging_submission_id,BTREE
simgos,spesialistik_submissions,PRIMARY,0,1,id,BTREE
simgos,spris,PRIMARY,0,1,id,BTREE
simgos,spris,spris_dpjp_doctor_id_foreign,1,1,dpjp_doctor_id,BTREE
simgos,spris,spris_no_spri_unique,0,1,no_spri,BTREE
simgos,spris,spris_sep_id_foreign,1,1,sep_id,BTREE
simgos,staff_members,PRIMARY,0,1,id,BTREE
simgos,staff_members,staff_members_employee_id_foreign,1,1,employee_id,BTREE
simgos,staff_ward_assignments,PRIMARY,0,1,id,BTREE
simgos,staff_ward_assignments,staff_ward_assignments_staff_member_id_foreign,1,1,staff_member_id,BTREE
simgos,staff_ward_assignments,staff_ward_assignments_ward_id_foreign,1,1,ward_id,BTREE
simgos,stock_opname_items,PRIMARY,0,1,id,BTREE
simgos,stock_opname_items,stock_opname_items_item_id_foreign,1,1,item_id,BTREE
simgos,stock_opname_items,stock_opname_items_stock_opname_id_foreign,1,1,stock_opname_id,BTREE
simgos,stock_opnames,PRIMARY,0,1,id,BTREE
simgos,stock_opnames,stock_opnames_conducted_by_foreign,1,1,conducted_by,BTREE
simgos,stock_opnames,stock_opnames_ward_id_foreign,1,1,ward_id,BTREE
simgos,stock_request_items,PRIMARY,0,1,id,BTREE
simgos,stock_request_items,stock_request_items_item_id_foreign,1,1,item_id,BTREE
simgos,stock_request_items,stock_request_items_stock_request_id_foreign,1,1,stock_request_id,BTREE
simgos,stock_requests,PRIMARY,0,1,id,BTREE
simgos,stock_requests,stock_requests_item_id_foreign,1,1,item_id,BTREE
simgos,stock_requests,stock_requests_request_number_unique,0,1,request_number,BTREE
simgos,stock_requests,stock_requests_requested_by_foreign,1,1,requested_by,BTREE
simgos,stock_requests,stock_requests_ward_id_foreign,1,1,ward_id,BTREE
simgos,suppliers,PRIMARY,0,1,id,BTREE
simgos,suppliers,suppliers_code_unique,0,1,code,BTREE
simgos,supporting_documents,PRIMARY,0,1,id,BTREE
simgos,supporting_documents,supporting_documents_claim_file_id_foreign,1,1,claim_file_id,BTREE
simgos,surgeries,PRIMARY,0,1,id,BTREE
simgos,surgeries,surgeries_created_by_foreign,1,1,created_by,BTREE
simgos,surgeries,surgeries_diagnosis_id_foreign,1,1,diagnosis_id,BTREE
simgos,surgeries,surgeries_surgeon_id_foreign,1,1,surgeon_id,BTREE
simgos,surgeries,surgeries_visit_id_foreign,1,1,visit_id,BTREE
simgos,surgery_performers,PRIMARY,0,1,id,BTREE
simgos,surgical_procedure_histories,PRIMARY,0,1,id,BTREE
simgos,surgical_procedure_histories,surgical_procedure_histories_created_by_foreign,1,1,created_by,BTREE
simgos,surgical_procedure_histories,surgical_procedure_histories_visit_id_foreign,1,1,visit_id,BTREE
simgos,surgical_safety_evaluation_results,PRIMARY,0,1,id,BTREE
simgos,surgical_safety_evaluation_results,surgical_safety_evaluation_results_evaluator_id_foreign,1,1,evaluator_id,BTREE
simgos,surgical_safety_evaluation_results,surgical_safety_evaluation_results_operating_room_id_foreign,1,1,operating_room_id,BTREE
simgos,surgical_safety_evaluation_results,surgical_safety_evaluation_results_visit_id_foreign,1,1,visit_id,BTREE
simgos,system_license_audit_logs,PRIMARY,0,1,id,BTREE
simgos,system_license_audit_logs,system_license_audit_logs_event_type_index,1,1,event_type,BTREE
simgos,system_license_watermarks,PRIMARY,0,1,id,BTREE
simgos,system_license_watermarks,system_license_watermarks_highest_seen_timestamp_index,1,1,highest_seen_timestamp,BTREE
simgos,system_licenses,PRIMARY,0,1,id,BTREE
simgos,system_licenses,system_licenses_client_code_index,1,1,client_code,BTREE
simgos,system_licenses,system_licenses_hardware_id_index,1,1,hardware_id,BTREE
simgos,system_licenses,system_licenses_instance_id_unique,0,1,instance_id,BTREE
simgos,system_licenses,system_licenses_license_key_unique,0,1,license_key,BTREE
simgos,system_licenses,system_licenses_valid_until_index,1,1,valid_until,BTREE
simgos,tb_disease_histories,PRIMARY,0,1,id,BTREE
simgos,tb_disease_histories,tb_disease_histories_created_by_foreign,1,1,created_by,BTREE
simgos,tb_disease_histories,tb_disease_histories_visit_id_foreign,1,1,visit_id,BTREE
simgos,thigh_examinations,PRIMARY,0,1,id,BTREE
simgos,throat_examinations,PRIMARY,0,1,id,BTREE
simgos,tindakans,PRIMARY,0,1,id,BTREE
simgos,tindakans,tindakans_kunjungan_id_foreign,1,1,kunjungan_id,BTREE
simgos,toe_examinations,PRIMARY,0,1,id,BTREE
simgos,toenail_examinations,PRIMARY,0,1,id,BTREE
simgos,tongue_examinations,PRIMARY,0,1,id,BTREE
simgos,tonsil_examinations,PRIMARY,0,1,id,BTREE
simgos,transcranial_doppler_examinations,PRIMARY,0,1,id,BTREE
simgos,transcranial_doppler_windows,fk_tdw_examination_id,1,1,transcranial_doppler_examination_id,BTREE
simgos,transcranial_doppler_windows,PRIMARY,0,1,id,BTREE
simgos,transfer_medication_reconciliation_items,fk_tmri_reconciliation_id,1,1,reconciliation_id,BTREE
simgos,transfer_medication_reconciliation_items,PRIMARY,0,1,id,BTREE
simgos,transfer_medication_reconciliations,fk_tmr_ward_id,1,1,transferred_to_ward_id,BTREE
simgos,transfer_medication_reconciliations,PRIMARY,0,1,id,BTREE
simgos,transfer_medication_reconciliations,transfer_medication_reconciliations_created_by_foreign,1,1,created_by,BTREE
simgos,transfer_medication_reconciliations,transfer_medication_reconciliations_reconciled_by_foreign,1,1,reconciled_by,BTREE
simgos,transfer_medication_reconciliations,transfer_medication_reconciliations_visit_id_foreign,1,1,visit_id,BTREE
simgos,treatment_histories,PRIMARY,0,1,id,BTREE
simgos,treatment_histories,treatment_histories_created_by_foreign,1,1,created_by,BTREE
simgos,treatment_histories,treatment_histories_visit_id_foreign,1,1,visit_id,BTREE
simgos,treatment_protocol_step_drugs,PRIMARY,0,1,id,BTREE
simgos,treatment_protocol_step_drugs,treatment_protocol_step_drugs_treatment_protocol_step_id_foreign,1,1,treatment_protocol_step_id,BTREE
simgos,treatment_protocol_steps,PRIMARY,0,1,id,BTREE
simgos,treatment_protocol_steps,treatment_protocol_steps_treatment_protocol_id_foreign,1,1,treatment_protocol_id,BTREE
simgos,treatment_protocols,PRIMARY,0,1,id,BTREE
simgos,treatment_protocols,treatment_protocols_created_by_foreign,1,1,created_by,BTREE
simgos,treatment_protocols,treatment_protocols_prescribed_by_foreign,1,1,prescribed_by,BTREE
simgos,treatment_protocols,treatment_protocols_visit_id_foreign,1,1,visit_id,BTREE
simgos,triages,PRIMARY,0,1,id,BTREE
simgos,triages,triages_assessed_by_foreign,1,1,assessed_by,BTREE
simgos,triages,triages_created_by_foreign,1,1,created_by,BTREE
simgos,triages,triages_visit_id_foreign,1,1,visit_id,BTREE
simgos,tumor_assessments,PRIMARY,0,1,id,BTREE
simgos,tumor_assessments,tumor_assessments_assessed_by_foreign,1,1,assessed_by,BTREE
simgos,tumor_assessments,tumor_assessments_created_by_foreign,1,1,created_by,BTREE
simgos,tumor_assessments,tumor_assessments_diagnosis_id_foreign,1,1,diagnosis_id,BTREE
simgos,tumor_assessments,tumor_assessments_visit_id_foreign,1,1,visit_id,BTREE
simgos,ultrasound_guided_procedures,PRIMARY,0,1,id,BTREE
simgos,ultrasound_guided_procedures,ultrasound_guided_procedures_created_by_foreign,1,1,created_by,BTREE
simgos,ultrasound_guided_procedures,ultrasound_guided_procedures_doctor_id_foreign,1,1,doctor_id,BTREE
simgos,ultrasound_guided_procedures,ultrasound_guided_procedures_patient_id_foreign,1,1,patient_id,BTREE
simgos,ultrasound_guided_procedures,ultrasound_guided_procedures_visit_id_foreign,1,1,visit_id,BTREE
simgos,unit_of_measures,PRIMARY,0,1,id,BTREE
simgos,unit_of_measures,unit_of_measures_code_unique,0,1,code,BTREE
simgos,unit_of_measures,unit_of_measures_name_unique,0,1,name,BTREE
simgos,upper_arm_examinations,PRIMARY,0,1,id,BTREE
simgos,upper_gi_tract_examinations,PRIMARY,0,1,id,BTREE
simgos,users,PRIMARY,0,1,id,BTREE
simgos,users,users_email_unique,0,1,email,BTREE
simgos,users,users_username_unique,0,1,username,BTREE
simgos,video_attachments,PRIMARY,0,1,id,BTREE
simgos,video_attachments,video_attachments_patient_id_foreign,1,1,patient_id,BTREE
simgos,video_attachments,video_attachments_recorded_by_foreign,1,1,recorded_by,BTREE
simgos,video_attachments,video_attachments_visit_id_foreign,1,1,visit_id,BTREE
simgos,visit_cancellations,PRIMARY,0,1,id,BTREE
simgos,visit_cancellations,visit_cancellations_cancelled_by_foreign,1,1,cancelled_by,BTREE
simgos,visit_cancellations,visit_cancellations_visit_id_foreign,1,1,visit_id,BTREE
simgos,visit_date_changes,PRIMARY,0,1,id,BTREE
simgos,visit_date_changes,visit_date_changes_changed_by_foreign,1,1,changed_by,BTREE
simgos,visit_date_changes,visit_date_changes_visit_id_foreign,1,1,visit_id,BTREE
simgos,visits,PRIMARY,0,1,id,BTREE
simgos,visits,visits_attending_physician_id_foreign,1,1,attending_physician_id,BTREE
simgos,visits,visits_bed_id_foreign,1,1,bed_id,BTREE
simgos,visits,visits_deposit_class_id_foreign,1,1,deposit_class_id,BTREE
simgos,visits,visits_discharge_disposition_recorded_by_foreign,1,1,discharge_disposition_recorded_by,BTREE
simgos,visits,visits_final_outcome_by_foreign,1,1,final_outcome_by,BTREE
simgos,visits,visits_received_by_foreign,1,1,received_by,BTREE
simgos,visits,visits_registration_id_foreign,1,1,registration_id,BTREE
simgos,visits,visits_visit_number_unique,0,1,visit_number,BTREE
simgos,visits,visits_ward_id_foreign,1,1,ward_id,BTREE
simgos,vital_signs,PRIMARY,0,1,id,BTREE
simgos,vital_signs,vital_signs_created_by_foreign,1,1,created_by,BTREE
simgos,vital_signs,vital_signs_recorded_by_foreign,1,1,recorded_by,BTREE
simgos,vital_signs,vital_signs_visit_id_foreign,1,1,visit_id,BTREE
simgos,ward_class_assignments,PRIMARY,0,1,id,BTREE
simgos,ward_class_assignments,ward_class_assignments_room_class_id_foreign,1,1,room_class_id,BTREE
simgos,ward_class_assignments,ward_class_assignments_ward_id_room_class_id_unique,0,1,ward_id,BTREE
simgos,ward_class_assignments,ward_class_assignments_ward_id_room_class_id_unique,0,2,room_class_id,BTREE
simgos,ward_item_stocks,PRIMARY,0,1,id,BTREE
simgos,ward_item_stocks,ward_item_stocks_item_id_ward_id_unique,0,1,item_id,BTREE
simgos,ward_item_stocks,ward_item_stocks_item_id_ward_id_unique,0,2,ward_id,BTREE
simgos,ward_item_stocks,ward_item_stocks_ward_id_foreign,1,1,ward_id,BTREE
simgos,ward_queues,PRIMARY,0,1,id,BTREE
simgos,ward_queues,ward_queues_visit_id_foreign,1,1,visit_id,BTREE
simgos,ward_queues,ward_queues_ward_id_foreign,1,1,ward_id,BTREE
simgos,ward_services,PRIMARY,0,1,id,BTREE
simgos,ward_services,ward_services_service_id_foreign,1,1,service_id,BTREE
simgos,ward_services,ward_services_ward_id_service_id_unique,0,1,ward_id,BTREE
simgos,ward_services,ward_services_ward_id_service_id_unique,0,2,service_id,BTREE
simgos,ward_stock_transactions,PRIMARY,0,1,id,BTREE
simgos,ward_stock_transactions,ward_stock_transactions_item_id_foreign,1,1,item_id,BTREE
simgos,ward_stock_transactions,ward_stock_transactions_performed_by_foreign,1,1,performed_by,BTREE
simgos,ward_stock_transactions,ward_stock_transactions_ward_id_foreign,1,1,ward_id,BTREE
simgos,ward_tariffs,PRIMARY,0,1,id,BTREE
simgos,ward_transfer_routes,PRIMARY,0,1,id,BTREE
simgos,ward_transfer_routes,ward_transfer_routes_from_ward_id_to_ward_id_unique,0,1,from_ward_id,BTREE
simgos,ward_transfer_routes,ward_transfer_routes_from_ward_id_to_ward_id_unique,0,2,to_ward_id,BTREE
simgos,ward_transfer_routes,ward_transfer_routes_to_ward_id_foreign,1,1,to_ward_id,BTREE
simgos,ward_types,PRIMARY,0,1,id,BTREE
simgos,ward_types,ward_types_code_unique,0,1,code,BTREE
simgos,ward_types,ward_types_name_unique,0,1,name,BTREE
simgos,ward_visit_types,PRIMARY,0,1,id,BTREE
simgos,ward_visit_types,ward_visit_types_code_unique,0,1,code,BTREE
simgos,ward_visit_types,ward_visit_types_name_unique,0,1,name,BTREE
simgos,wards,PRIMARY,0,1,id,BTREE
simgos,wards,wards_bpjs_poli_code_index,1,1,bpjs_poli_code,BTREE
simgos,wards,wards_created_by_foreign,1,1,created_by,BTREE
simgos,wards,wards_type_id_foreign,1,1,type_id,BTREE
simgos,wards,wards_visit_type_id_foreign,1,1,visit_type_id,BTREE
tte,logs,PRIMARY,0,1,ID,BTREE
tte,logs,PROVIDER_ID,1,1,PROVIDER_ID,BTREE
tte,logs,TANGGAL,1,1,TANGGAL,BTREE
tte,sign,PRIMARY,0,1,ID,BTREE
tte,sign,sign_PROVIDER_ID_IDX,1,1,PROVIDER_ID,BTREE
tte,sign,sign_REF_ID_IDX,1,1,REF_ID,BTREE
tte,sign,sign_REF_JENIS_IDX,1,1,REF_JENIS,BTREE
